2026-09-08T22:56:24.5980166+00:00 Information System.Net.Http.HttpClient.MojangRuntimeMetadataSource.LogicalHandler Start processing HTTP request GET https://piston-meta.mojang.com/mc/game/version_manifest_v2.json
2026-09-08T22:56:24.6003962+00:00 Information System.Net.Http.HttpClient.MojangRuntimeMetadataSource.ClientHandler Sending HTTP request GET https://piston-meta.mojang.com/mc/game/version_manifest_v2.json
2026-09-08T22:56:25.5308835+00:00 Information System.Net.Http.HttpClient.MojangRuntimeMetadataSource.ClientHandler Received HTTP response headers after 925.2479ms - 200
2026-09-08T22:56:25.5318390+00:00 Information System.Net.Http.HttpClient.MojangRuntimeMetadataSource.LogicalHandler End processing HTTP request after 943.2911ms - 200
2026-09-08T22:56:26.1582665+00:00 Information System.Net.Http.HttpClient.MojangRuntimeMetadataSource.LogicalHandler Start processing HTTP request GET https://piston-meta.mojang.com/v1/packages/ddac7e292d1695b3d85db993c4e4eb06aa636c56/1.21.1.json
2026-09-08T22:56:26.1586315+00:00 Information System.Net.Http.HttpClient.MojangRuntimeMetadataSource.ClientHandler Sending HTTP request GET https://piston-meta.mojang.com/v1/packages/ddac7e292d1695b3d85db993c4e4eb06aa636c56/1.21.1.json
2026-09-08T22:56:26.3385275+00:00 Information System.Net.Http.HttpClient.MojangRuntimeMetadataSource.ClientHandler Received HTTP response headers after 179.4759ms - 200
2026-09-08T22:56:26.3388728+00:00 Information System.Net.Http.HttpClient.MojangRuntimeMetadataSource.LogicalHandler End processing HTTP request after 180.954ms - 200
2026-09-08T22:56:40.2342158+00:00 Information System.Net.Http.HttpClient.MinecraftRuntimeManager.LogicalHandler Start processing HTTP request GET https://libraries.minecraft.net/com/github/oshi/oshi-core/6.4.10/oshi-core-6.4.10.jar
2026-09-08T22:56:40.2345142+00:00 Information System.Net.Http.HttpClient.MinecraftRuntimeManager.ClientHandler Sending HTTP request GET https://libraries.minecraft.net/com/github/oshi/oshi-core/6.4.10/oshi-core-6.4.10.jar
2026-09-08T22:56:41.0729666+00:00 Information System.Net.Http.HttpClient.MinecraftRuntimeManager.ClientHandler Received HTTP response headers after 838.1275ms - 200
2026-09-08T22:56:41.0733159+00:00 Information System.Net.Http.HttpClient.MinecraftRuntimeManager.LogicalHandler End processing HTTP request after 839.176ms - 200
2026-09-08T22:56:42.1130130+00:00 Information System.Net.Http.HttpClient.MinecraftRuntimeManager.LogicalHandler Start processing HTTP request GET https://libraries.minecraft.net/com/google/code/gson/gson/2.10.1/gson-2.10.1.jar
2026-09-08T22:56:42.1134096+00:00 Information System.Net.Http.HttpClient.MinecraftRuntimeManager.ClientHandler Sending HTTP request GET https://libraries.minecraft.net/com/google/code/gson/gson/2.10.1/gson-2.10.1.jar
2026-09-08T22:56:42.2850110+00:00 Information System.Net.Http.HttpClient.MinecraftRuntimeManager.ClientHandler Received HTTP response headers after 171.2128ms - 200
2026-09-08T22:56:42.2853656+00:00 Information System.Net.Http.HttpClient.MinecraftRuntimeManager.LogicalHandler End processing HTTP request after 172.3745ms - 200
2026-09-08T22:56:42.3418610+00:00 Information System.Net.Http.HttpClient.MinecraftRuntimeManager.LogicalHandler Start processing HTTP request GET https://libraries.minecraft.net/com/google/guava/failureaccess/1.0.1/failureaccess-1.0.1.jar
2026-09-08T22:56:42.3421296+00:00 Information System.Net.Http.HttpClient.MinecraftRuntimeManager.ClientHandler Sending HTTP request GET https://libraries.minecraft.net/com/google/guava/failureaccess/1.0.1/failureaccess-1.0.1.jar
2026-09-08T22:56:42.5331293+00:00 Information System.Net.Http.HttpClient.MinecraftRuntimeManager.ClientHandler Received HTTP response headers after 190.4588ms - 200
2026-09-08T22:56:42.5336736+00:00 Information System.Net.Http.HttpClient.MinecraftRuntimeManager.LogicalHandler End processing HTTP request after 191.8932ms - 200
2026-09-08T22:56:42.6021591+00:00 Information System.Net.Http.HttpClient.MinecraftRuntimeManager.LogicalHandler Start processing HTTP request GET https://libraries.minecraft.net/com/google/guava/guava/32.1.2-jre/guava-32.1.2-jre.jar
2026-09-08T22:56:42.6025748+00:00 Information System.Net.Http.HttpClient.MinecraftRuntimeManager.ClientHandler Sending HTTP request GET https://libraries.minecraft.net/com/google/guava/guava/32.1.2-jre/guava-32.1.2-jre.jar
2026-09-08T22:56:42.7747273+00:00 Information System.Net.Http.HttpClient.MinecraftRuntimeManager.ClientHandler Received HTTP response headers after 171.638ms - 200
2026-09-08T22:56:42.7752311+00:00 Information System.Net.Http.HttpClient.MinecraftRuntimeManager.LogicalHandler End processing HTTP request after 173.1072ms - 200
2026-09-08T22:56:43.3443446+00:00 Information System.Net.Http.HttpClient.MinecraftRuntimeManager.LogicalHandler Start processing HTTP request GET https://libraries.minecraft.net/com/ibm/icu/icu4j/73.2/icu4j-73.2.jar
2026-09-08T22:56:43.3448318+00:00 Information System.Net.Http.HttpClient.MinecraftRuntimeManager.ClientHandler Sending HTTP request GET https://libraries.minecraft.net/com/ibm/icu/icu4j/73.2/icu4j-73.2.jar
2026-09-08T22:56:43.5141067+00:00 Information System.Net.Http.HttpClient.MinecraftRuntimeManager.ClientHandler Received HTTP response headers after 168.7667ms - 200
2026-09-08T22:56:43.5147551+00:00 Information System.Net.Http.HttpClient.MinecraftRuntimeManager.LogicalHandler End processing HTTP request after 170.5256ms - 200
2026-09-08T22:56:44.4565044+00:00 Information System.Net.Http.HttpClient.MinecraftRuntimeManager.LogicalHandler Start processing HTTP request GET https://libraries.minecraft.net/com/mojang/authlib/6.0.54/authlib-6.0.54.jar
2026-09-08T22:56:44.4568169+00:00 Information System.Net.Http.HttpClient.MinecraftRuntimeManager.ClientHandler Sending HTTP request GET https://libraries.minecraft.net/com/mojang/authlib/6.0.54/authlib-6.0.54.jar
2026-09-08T22:56:44.6269060+00:00 Information System.Net.Http.HttpClient.MinecraftRuntimeManager.ClientHandler Received HTTP response headers after 169.708ms - 200
2026-09-08T22:56:44.6273454+00:00 Information System.Net.Http.HttpClient.MinecraftRuntimeManager.LogicalHandler End processing HTTP request after 170.8567ms - 200
2026-09-08T22:56:44.6422722+00:00 Information System.Net.Http.HttpClient.MinecraftRuntimeManager.LogicalHandler Start processing HTTP request GET https://libraries.minecraft.net/com/mojang/blocklist/1.0.10/blocklist-1.0.10.jar
2026-09-08T22:56:44.6425429+00:00 Information System.Net.Http.HttpClient.MinecraftRuntimeManager.ClientHandler Sending HTTP request GET https://libraries.minecraft.net/com/mojang/blocklist/1.0.10/blocklist-1.0.10.jar
2026-09-08T22:56:44.8128736+00:00 Information System.Net.Http.HttpClient.MinecraftRuntimeManager.ClientHandler Received HTTP response headers after 169.9853ms - 200
2026-09-08T22:56:44.8133449+00:00 Information System.Net.Http.HttpClient.MinecraftRuntimeManager.LogicalHandler End processing HTTP request after 171.1168ms - 200
2026-09-08T22:56:44.8354316+00:00 Information System.Net.Http.HttpClient.MinecraftRuntimeManager.LogicalHandler Start processing HTTP request GET https://libraries.minecraft.net/com/mojang/brigadier/1.3.10/brigadier-1.3.10.jar
2026-09-08T22:56:44.8357677+00:00 Information System.Net.Http.HttpClient.MinecraftRuntimeManager.ClientHandler Sending HTTP request GET https://libraries.minecraft.net/com/mojang/brigadier/1.3.10/brigadier-1.3.10.jar
2026-09-08T22:56:45.0047502+00:00 Information System.Net.Http.HttpClient.MinecraftRuntimeManager.ClientHandler Received HTTP response headers after 168.4992ms - 200
2026-09-08T22:56:45.0050962+00:00 Information System.Net.Http.HttpClient.MinecraftRuntimeManager.LogicalHandler End processing HTTP request after 169.6991ms - 200
2026-09-08T22:56:45.0198639+00:00 Information System.Net.Http.HttpClient.MinecraftRuntimeManager.LogicalHandler Start processing HTTP request GET https://libraries.minecraft.net/com/mojang/datafixerupper/8.0.16/datafixerupper-8.0.16.jar
2026-09-08T22:56:45.0201562+00:00 Information System.Net.Http.HttpClient.MinecraftRuntimeManager.ClientHandler Sending HTTP request GET https://libraries.minecraft.net/com/mojang/datafixerupper/8.0.16/datafixerupper-8.0.16.jar
2026-09-08T22:56:45.1900266+00:00 Information System.Net.Http.HttpClient.MinecraftRuntimeManager.ClientHandler Received HTTP response headers after 169.4207ms - 200
2026-09-08T22:56:45.1906002+00:00 Information System.Net.Http.HttpClient.MinecraftRuntimeManager.LogicalHandler End processing HTTP request after 170.769ms - 200
2026-09-08T22:56:45.2193827+00:00 Information System.Net.Http.HttpClient.MinecraftRuntimeManager.LogicalHandler Start processing HTTP request GET https://libraries.minecraft.net/com/mojang/logging/1.2.7/logging-1.2.7.jar
2026-09-08T22:56:45.2196797+00:00 Information System.Net.Http.HttpClient.MinecraftRuntimeManager.ClientHandler Sending HTTP request GET https://libraries.minecraft.net/com/mojang/logging/1.2.7/logging-1.2.7.jar
2026-09-08T22:56:45.3946212+00:00 Information System.Net.Http.HttpClient.MinecraftRuntimeManager.ClientHandler Received HTTP response headers after 174.5868ms - 200
2026-09-08T22:56:45.3949486+00:00 Information System.Net.Http.HttpClient.MinecraftRuntimeManager.LogicalHandler End processing HTTP request after 175.6261ms - 200
2026-09-08T22:56:45.4758451+00:00 Information System.Net.Http.HttpClient.MinecraftRuntimeManager.LogicalHandler Start processing HTTP request GET https://libraries.minecraft.net/com/mojang/patchy/2.2.10/patchy-2.2.10.jar
2026-09-08T22:56:45.4762507+00:00 Information System.Net.Http.HttpClient.MinecraftRuntimeManager.ClientHandler Sending HTTP request GET https://libraries.minecraft.net/com/mojang/patchy/2.2.10/patchy-2.2.10.jar
2026-09-08T22:56:45.6449321+00:00 Information System.Net.Http.HttpClient.MinecraftRuntimeManager.ClientHandler Received HTTP response headers after 168.1854ms - 200
2026-09-08T22:56:45.6453022+00:00 Information System.Net.Http.HttpClient.MinecraftRuntimeManager.LogicalHandler End processing HTTP request after 169.521ms - 200
2026-09-08T22:56:45.6812731+00:00 Information System.Net.Http.HttpClient.MinecraftRuntimeManager.LogicalHandler Start processing HTTP request GET https://libraries.minecraft.net/com/mojang/text2speech/1.17.9/text2speech-1.17.9.jar
2026-09-08T22:56:45.6816820+00:00 Information System.Net.Http.HttpClient.MinecraftRuntimeManager.ClientHandler Sending HTTP request GET https://libraries.minecraft.net/com/mojang/text2speech/1.17.9/text2speech-1.17.9.jar
2026-09-08T22:56:45.8511948+00:00 Information System.Net.Http.HttpClient.MinecraftRuntimeManager.ClientHandler Received HTTP response headers after 169.1115ms - 200
2026-09-08T22:56:45.8516334+00:00 Information System.Net.Http.HttpClient.MinecraftRuntimeManager.LogicalHandler End processing HTTP request after 170.4149ms - 200
2026-09-08T22:56:45.9091256+00:00 Information System.Net.Http.HttpClient.MinecraftRuntimeManager.LogicalHandler Start processing HTTP request GET https://libraries.minecraft.net/commons-codec/commons-codec/1.16.0/commons-codec-1.16.0.jar
2026-09-08T22:56:45.9093547+00:00 Information System.Net.Http.HttpClient.MinecraftRuntimeManager.ClientHandler Sending HTTP request GET https://libraries.minecraft.net/commons-codec/commons-codec/1.16.0/commons-codec-1.16.0.jar
2026-09-08T22:56:46.0792326+00:00 Information System.Net.Http.HttpClient.MinecraftRuntimeManager.ClientHandler Received HTTP response headers after 169.3116ms - 200
2026-09-08T22:56:46.0798701+00:00 Information System.Net.Http.HttpClient.MinecraftRuntimeManager.LogicalHandler End processing HTTP request after 170.6992ms - 200
2026-09-08T22:56:46.1025003+00:00 Information System.Net.Http.HttpClient.MinecraftRuntimeManager.LogicalHandler Start processing HTTP request GET https://libraries.minecraft.net/commons-io/commons-io/2.15.1/commons-io-2.15.1.jar
2026-09-08T22:56:46.1027874+00:00 Information System.Net.Http.HttpClient.MinecraftRuntimeManager.ClientHandler Sending HTTP request GET https://libraries.minecraft.net/commons-io/commons-io/2.15.1/commons-io-2.15.1.jar
2026-09-08T22:56:46.2728284+00:00 Information System.Net.Http.HttpClient.MinecraftRuntimeManager.ClientHandler Received HTTP response headers after 169.5014ms - 200
2026-09-08T22:56:46.2734001+00:00 Information System.Net.Http.HttpClient.MinecraftRuntimeManager.LogicalHandler End processing HTTP request after 170.8867ms - 200
2026-09-08T22:56:46.4664951+00:00 Information System.Net.Http.HttpClient.MinecraftRuntimeManager.LogicalHandler Start processing HTTP request GET https://libraries.minecraft.net/commons-logging/commons-logging/1.2/commons-logging-1.2.jar
2026-09-08T22:56:46.4667253+00:00 Information System.Net.Http.HttpClient.MinecraftRuntimeManager.ClientHandler Sending HTTP request GET https://libraries.minecraft.net/commons-logging/commons-logging/1.2/commons-logging-1.2.jar
2026-09-08T22:56:46.6367921+00:00 Information System.Net.Http.HttpClient.MinecraftRuntimeManager.ClientHandler Received HTTP response headers after 169.554ms - 200
2026-09-08T22:56:46.6373025+00:00 Information System.Net.Http.HttpClient.MinecraftRuntimeManager.LogicalHandler End processing HTTP request after 170.7934ms - 200
2026-09-08T22:56:46.6437553+00:00 Information System.Net.Http.HttpClient.MinecraftRuntimeManager.LogicalHandler Start processing HTTP request GET https://libraries.minecraft.net/io/netty/netty-buffer/4.1.97.Final/netty-buffer-4.1.97.Final.jar
2026-09-08T22:56:46.6440594+00:00 Information System.Net.Http.HttpClient.MinecraftRuntimeManager.ClientHandler Sending HTTP request GET https://libraries.minecraft.net/io/netty/netty-buffer/4.1.97.Final/netty-buffer-4.1.97.Final.jar
2026-09-08T22:56:46.9926249+00:00 Information System.Net.Http.HttpClient.MinecraftRuntimeManager.ClientHandler Received HTTP response headers after 348.2339ms - 200
2026-09-08T22:56:46.9929637+00:00 Information System.Net.Http.HttpClient.MinecraftRuntimeManager.LogicalHandler End processing HTTP request after 349.2731ms - 200
2026-09-08T22:56:47.0084729+00:00 Information System.Net.Http.HttpClient.MinecraftRuntimeManager.LogicalHandler Start processing HTTP request GET https://libraries.minecraft.net/io/netty/netty-codec/4.1.97.Final/netty-codec-4.1.97.Final.jar
2026-09-08T22:56:47.0087299+00:00 Information System.Net.Http.HttpClient.MinecraftRuntimeManager.ClientHandler Sending HTTP request GET https://libraries.minecraft.net/io/netty/netty-codec/4.1.97.Final/netty-codec-4.1.97.Final.jar
2026-09-08T22:56:47.1763259+00:00 Information System.Net.Http.HttpClient.MinecraftRuntimeManager.ClientHandler Received HTTP response headers after 167.2095ms - 200
2026-09-08T22:56:47.1768259+00:00 Information System.Net.Http.HttpClient.MinecraftRuntimeManager.LogicalHandler End processing HTTP request after 168.3339ms - 200
2026-09-08T22:56:47.1984146+00:00 Information System.Net.Http.HttpClient.MinecraftRuntimeManager.LogicalHandler Start processing HTTP request GET https://libraries.minecraft.net/io/netty/netty-common/4.1.97.Final/netty-common-4.1.97.Final.jar
2026-09-08T22:56:47.1987292+00:00 Information System.Net.Http.HttpClient.MinecraftRuntimeManager.ClientHandler Sending HTTP request GET https://libraries.minecraft.net/io/netty/netty-common/4.1.97.Final/netty-common-4.1.97.Final.jar
2026-09-08T22:56:47.3700613+00:00 Information System.Net.Http.HttpClient.MinecraftRuntimeManager.ClientHandler Received HTTP response headers after 170.8948ms - 200
2026-09-08T22:56:47.3708326+00:00 Information System.Net.Http.HttpClient.MinecraftRuntimeManager.LogicalHandler End processing HTTP request after 172.2863ms - 200
2026-09-08T22:56:47.3954616+00:00 Information System.Net.Http.HttpClient.MinecraftRuntimeManager.LogicalHandler Start processing HTTP request GET https://libraries.minecraft.net/io/netty/netty-handler/4.1.97.Final/netty-handler-4.1.97.Final.jar
2026-09-08T22:56:47.3958408+00:00 Information System.Net.Http.HttpClient.MinecraftRuntimeManager.ClientHandler Sending HTTP request GET https://libraries.minecraft.net/io/netty/netty-handler/4.1.97.Final/netty-handler-4.1.97.Final.jar
2026-09-08T22:56:47.5654140+00:00 Information System.Net.Http.HttpClient.MinecraftRuntimeManager.ClientHandler Received HTTP response headers after 169.1275ms - 200
2026-09-08T22:56:47.5658869+00:00 Information System.Net.Http.HttpClient.MinecraftRuntimeManager.LogicalHandler End processing HTTP request after 170.4777ms - 200
2026-09-08T22:56:47.5948674+00:00 Information System.Net.Http.HttpClient.MinecraftRuntimeManager.LogicalHandler Start processing HTTP request GET https://libraries.minecraft.net/io/netty/netty-resolver/4.1.97.Final/netty-resolver-4.1.97.Final.jar
2026-09-08T22:56:47.5952649+00:00 Information System.Net.Http.HttpClient.MinecraftRuntimeManager.ClientHandler Sending HTTP request GET https://libraries.minecraft.net/io/netty/netty-resolver/4.1.97.Final/netty-resolver-4.1.97.Final.jar
2026-09-08T22:56:47.7642700+00:00 Information System.Net.Http.HttpClient.MinecraftRuntimeManager.ClientHandler Received HTTP response headers after 168.4701ms - 200
2026-09-08T22:56:47.7647410+00:00 Information System.Net.Http.HttpClient.MinecraftRuntimeManager.LogicalHandler End processing HTTP request after 169.8835ms - 200
2026-09-08T22:56:48.0974776+00:00 Information System.Net.Http.HttpClient.MinecraftRuntimeManager.LogicalHandler Start processing HTTP request GET https://libraries.minecraft.net/io/netty/netty-transport-classes-epoll/4.1.97.Final/netty-transport-classes-epoll-4.1.97.Final.jar
2026-09-08T22:56:48.0977934+00:00 Information System.Net.Http.HttpClient.MinecraftRuntimeManager.ClientHandler Sending HTTP request GET https://libraries.minecraft.net/io/netty/netty-transport-classes-epoll/4.1.97.Final/netty-transport-classes-epoll-4.1.97.Final.jar
2026-09-08T22:56:48.2676489+00:00 Information System.Net.Http.HttpClient.MinecraftRuntimeManager.ClientHandler Received HTTP response headers after 169.298ms - 200
2026-09-08T22:56:48.2681249+00:00 Information System.Net.Http.HttpClient.MinecraftRuntimeManager.LogicalHandler End processing HTTP request after 170.5796ms - 200
2026-09-08T22:56:48.2853106+00:00 Information System.Net.Http.HttpClient.MinecraftRuntimeManager.LogicalHandler Start processing HTTP request GET https://libraries.minecraft.net/io/netty/netty-transport-native-unix-common/4.1.97.Final/netty-transport-native-unix-common-4.1.97.Final.jar
2026-09-08T22:56:48.2855636+00:00 Information System.Net.Http.HttpClient.MinecraftRuntimeManager.ClientHandler Sending HTTP request GET https://libraries.minecraft.net/io/netty/netty-transport-native-unix-common/4.1.97.Final/netty-transport-native-unix-common-4.1.97.Final.jar
2026-09-08T22:56:48.4551857+00:00 Information System.Net.Http.HttpClient.MinecraftRuntimeManager.ClientHandler Received HTTP response headers after 169.3037ms - 200
2026-09-08T22:56:48.4556358+00:00 Information System.Net.Http.HttpClient.MinecraftRuntimeManager.LogicalHandler End processing HTTP request after 170.3158ms - 200
2026-09-08T22:56:48.6290101+00:00 Information System.Net.Http.HttpClient.MinecraftRuntimeManager.LogicalHandler Start processing HTTP request GET https://libraries.minecraft.net/io/netty/netty-transport/4.1.97.Final/netty-transport-4.1.97.Final.jar
2026-09-08T22:56:48.6292331+00:00 Information System.Net.Http.HttpClient.MinecraftRuntimeManager.ClientHandler Sending HTTP request GET https://libraries.minecraft.net/io/netty/netty-transport/4.1.97.Final/netty-transport-4.1.97.Final.jar
2026-09-08T22:56:48.7995767+00:00 Information System.Net.Http.HttpClient.MinecraftRuntimeManager.ClientHandler Received HTTP response headers after 169.9626ms - 200
2026-09-08T22:56:48.8000059+00:00 Information System.Net.Http.HttpClient.MinecraftRuntimeManager.LogicalHandler End processing HTTP request after 170.9616ms - 200
2026-09-08T22:56:48.8244426+00:00 Information System.Net.Http.HttpClient.MinecraftRuntimeManager.LogicalHandler Start processing HTTP request GET https://libraries.minecraft.net/it/unimi/dsi/fastutil/8.5.12/fastutil-8.5.12.jar
2026-09-08T22:56:48.8247558+00:00 Information System.Net.Http.HttpClient.MinecraftRuntimeManager.ClientHandler Sending HTTP request GET https://libraries.minecraft.net/it/unimi/dsi/fastutil/8.5.12/fastutil-8.5.12.jar
2026-09-08T22:56:48.9946443+00:00 Information System.Net.Http.HttpClient.MinecraftRuntimeManager.ClientHandler Received HTTP response headers after 169.4306ms - 200
2026-09-08T22:56:48.9951598+00:00 Information System.Net.Http.HttpClient.MinecraftRuntimeManager.LogicalHandler End processing HTTP request after 170.6818ms - 200
2026-09-08T22:56:50.6325152+00:00 Information System.Net.Http.HttpClient.MinecraftRuntimeManager.LogicalHandler Start processing HTTP request GET https://libraries.minecraft.net/net/java/dev/jna/jna-platform/5.14.0/jna-platform-5.14.0.jar
2026-09-08T22:56:50.6328574+00:00 Information System.Net.Http.HttpClient.MinecraftRuntimeManager.ClientHandler Sending HTTP request GET https://libraries.minecraft.net/net/java/dev/jna/jna-platform/5.14.0/jna-platform-5.14.0.jar
2026-09-08T22:56:50.8023661+00:00 Information System.Net.Http.HttpClient.MinecraftRuntimeManager.ClientHandler Received HTTP response headers after 169.09ms - 200
2026-09-08T22:56:50.8027545+00:00 Information System.Net.Http.HttpClient.MinecraftRuntimeManager.LogicalHandler End processing HTTP request after 170.2929ms - 200
2026-09-08T22:56:50.8492021+00:00 Information System.Net.Http.HttpClient.MinecraftRuntimeManager.LogicalHandler Start processing HTTP request GET https://libraries.minecraft.net/net/java/dev/jna/jna/5.14.0/jna-5.14.0.jar
2026-09-08T22:56:50.8495416+00:00 Information System.Net.Http.HttpClient.MinecraftRuntimeManager.ClientHandler Sending HTTP request GET https://libraries.minecraft.net/net/java/dev/jna/jna/5.14.0/jna-5.14.0.jar
2026-09-08T22:56:51.0179044+00:00 Information System.Net.Http.HttpClient.MinecraftRuntimeManager.ClientHandler Received HTTP response headers after 167.8553ms - 200
2026-09-08T22:56:51.0184567+00:00 Information System.Net.Http.HttpClient.MinecraftRuntimeManager.LogicalHandler End processing HTTP request after 169.2257ms - 200
2026-09-08T22:56:51.2464567+00:00 Information System.Net.Http.HttpClient.MinecraftRuntimeManager.LogicalHandler Start processing HTTP request GET https://libraries.minecraft.net/net/sf/jopt-simple/jopt-simple/5.0.4/jopt-simple-5.0.4.jar
2026-09-08T22:56:51.2467783+00:00 Information System.Net.Http.HttpClient.MinecraftRuntimeManager.ClientHandler Sending HTTP request GET https://libraries.minecraft.net/net/sf/jopt-simple/jopt-simple/5.0.4/jopt-simple-5.0.4.jar
2026-09-08T22:56:51.4160707+00:00 Information System.Net.Http.HttpClient.MinecraftRuntimeManager.ClientHandler Received HTTP response headers after 168.8329ms - 200
2026-09-08T22:56:51.4164453+00:00 Information System.Net.Http.HttpClient.MinecraftRuntimeManager.LogicalHandler End processing HTTP request after 169.9948ms - 200
2026-09-08T22:56:51.4339866+00:00 Information System.Net.Http.HttpClient.MinecraftRuntimeManager.LogicalHandler Start processing HTTP request GET https://libraries.minecraft.net/org/apache/commons/commons-compress/1.26.0/commons-compress-1.26.0.jar
2026-09-08T22:56:51.4343446+00:00 Information System.Net.Http.HttpClient.MinecraftRuntimeManager.ClientHandler Sending HTTP request GET https://libraries.minecraft.net/org/apache/commons/commons-compress/1.26.0/commons-compress-1.26.0.jar
2026-09-08T22:56:51.6047276+00:00 Information System.Net.Http.HttpClient.MinecraftRuntimeManager.ClientHandler Received HTTP response headers after 169.9503ms - 200
2026-09-08T22:56:51.6051340+00:00 Information System.Net.Http.HttpClient.MinecraftRuntimeManager.LogicalHandler End processing HTTP request after 171.2254ms - 200
2026-09-08T22:56:51.8082829+00:00 Information System.Net.Http.HttpClient.MinecraftRuntimeManager.LogicalHandler Start processing HTTP request GET https://libraries.minecraft.net/org/apache/commons/commons-lang3/3.14.0/commons-lang3-3.14.0.jar
2026-09-08T22:56:51.8087102+00:00 Information System.Net.Http.HttpClient.MinecraftRuntimeManager.ClientHandler Sending HTTP request GET https://libraries.minecraft.net/org/apache/commons/commons-lang3/3.14.0/commons-lang3-3.14.0.jar
2026-09-08T22:56:51.9789937+00:00 Information System.Net.Http.HttpClient.MinecraftRuntimeManager.ClientHandler Received HTTP response headers after 169.8094ms - 200
2026-09-08T22:56:51.9793289+00:00 Information System.Net.Http.HttpClient.MinecraftRuntimeManager.LogicalHandler End processing HTTP request after 171.1482ms - 200
2026-09-08T22:56:52.0295748+00:00 Information System.Net.Http.HttpClient.MinecraftRuntimeManager.LogicalHandler Start processing HTTP request GET https://libraries.minecraft.net/org/apache/httpcomponents/httpclient/4.5.13/httpclient-4.5.13.jar
2026-09-08T22:56:52.0301984+00:00 Information System.Net.Http.HttpClient.MinecraftRuntimeManager.ClientHandler Sending HTTP request GET https://libraries.minecraft.net/org/apache/httpcomponents/httpclient/4.5.13/httpclient-4.5.13.jar
2026-09-08T22:56:52.1995962+00:00 Information System.Net.Http.HttpClient.MinecraftRuntimeManager.ClientHandler Received HTTP response headers after 169.0381ms - 200
2026-09-08T22:56:52.1999162+00:00 Information System.Net.Http.HttpClient.MinecraftRuntimeManager.LogicalHandler End processing HTTP request after 170.4872ms - 200
2026-09-08T22:56:52.2564925+00:00 Information System.Net.Http.HttpClient.MinecraftRuntimeManager.LogicalHandler Start processing HTTP request GET https://libraries.minecraft.net/org/apache/httpcomponents/httpcore/4.4.16/httpcore-4.4.16.jar
2026-09-08T22:56:52.2568667+00:00 Information System.Net.Http.HttpClient.MinecraftRuntimeManager.ClientHandler Sending HTTP request GET https://libraries.minecraft.net/org/apache/httpcomponents/httpcore/4.4.16/httpcore-4.4.16.jar
2026-09-08T22:56:52.4280763+00:00 Information System.Net.Http.HttpClient.MinecraftRuntimeManager.ClientHandler Received HTTP response headers after 170.7815ms - 200
2026-09-08T22:56:52.4283932+00:00 Information System.Net.Http.HttpClient.MinecraftRuntimeManager.LogicalHandler End processing HTTP request after 171.9755ms - 200
2026-09-08T22:56:52.4587547+00:00 Information System.Net.Http.HttpClient.MinecraftRuntimeManager.LogicalHandler Start processing HTTP request GET https://libraries.minecraft.net/org/apache/logging/log4j/log4j-api/2.22.1/log4j-api-2.22.1.jar
2026-09-08T22:56:52.4590537+00:00 Information System.Net.Http.HttpClient.MinecraftRuntimeManager.ClientHandler Sending HTTP request GET https://libraries.minecraft.net/org/apache/logging/log4j/log4j-api/2.22.1/log4j-api-2.22.1.jar
2026-09-08T22:56:52.6283995+00:00 Information System.Net.Http.HttpClient.MinecraftRuntimeManager.ClientHandler Received HTTP response headers after 168.9551ms - 200
2026-09-08T22:56:52.6288297+00:00 Information System.Net.Http.HttpClient.MinecraftRuntimeManager.LogicalHandler End processing HTTP request after 170.0735ms - 200
2026-09-08T22:56:52.6628078+00:00 Information System.Net.Http.HttpClient.MinecraftRuntimeManager.LogicalHandler Start processing HTTP request GET https://libraries.minecraft.net/org/apache/logging/log4j/log4j-core/2.22.1/log4j-core-2.22.1.jar
2026-09-08T22:56:52.6631122+00:00 Information System.Net.Http.HttpClient.MinecraftRuntimeManager.ClientHandler Sending HTTP request GET https://libraries.minecraft.net/org/apache/logging/log4j/log4j-core/2.22.1/log4j-core-2.22.1.jar
2026-09-08T22:56:52.8323514+00:00 Information System.Net.Http.HttpClient.MinecraftRuntimeManager.ClientHandler Received HTTP response headers after 168.8853ms - 200
2026-09-08T22:56:52.8326750+00:00 Information System.Net.Http.HttpClient.MinecraftRuntimeManager.LogicalHandler End processing HTTP request after 169.9234ms - 200
2026-09-08T22:56:53.0775234+00:00 Information System.Net.Http.HttpClient.MinecraftRuntimeManager.LogicalHandler Start processing HTTP request GET https://libraries.minecraft.net/org/apache/logging/log4j/log4j-slf4j2-impl/2.22.1/log4j-slf4j2-impl-2.22.1.jar
2026-09-08T22:56:53.0778679+00:00 Information System.Net.Http.HttpClient.MinecraftRuntimeManager.ClientHandler Sending HTTP request GET https://libraries.minecraft.net/org/apache/logging/log4j/log4j-slf4j2-impl/2.22.1/log4j-slf4j2-impl-2.22.1.jar
2026-09-08T22:56:53.2502224+00:00 Information System.Net.Http.HttpClient.MinecraftRuntimeManager.ClientHandler Received HTTP response headers after 171.9663ms - 200
2026-09-08T22:56:53.2506684+00:00 Information System.Net.Http.HttpClient.MinecraftRuntimeManager.LogicalHandler End processing HTTP request after 173.1474ms - 200
2026-09-08T22:56:53.3817788+00:00 Information System.Net.Http.HttpClient.MinecraftRuntimeManager.LogicalHandler Start processing HTTP request GET https://libraries.minecraft.net/org/jcraft/jorbis/0.0.17/jorbis-0.0.17.jar
2026-09-08T22:56:53.3820579+00:00 Information System.Net.Http.HttpClient.MinecraftRuntimeManager.ClientHandler Sending HTTP request GET https://libraries.minecraft.net/org/jcraft/jorbis/0.0.17/jorbis-0.0.17.jar
2026-09-08T22:56:53.5526152+00:00 Information System.Net.Http.HttpClient.MinecraftRuntimeManager.ClientHandler Received HTTP response headers after 170.2216ms - 200
2026-09-08T22:56:53.5530314+00:00 Information System.Net.Http.HttpClient.MinecraftRuntimeManager.LogicalHandler End processing HTTP request after 171.3018ms - 200
2026-09-08T22:56:53.7477637+00:00 Information System.Net.Http.HttpClient.MinecraftRuntimeManager.LogicalHandler Start processing HTTP request GET https://libraries.minecraft.net/org/joml/joml/1.10.5/joml-1.10.5.jar
2026-09-08T22:56:53.7480858+00:00 Information System.Net.Http.HttpClient.MinecraftRuntimeManager.ClientHandler Sending HTTP request GET https://libraries.minecraft.net/org/joml/joml/1.10.5/joml-1.10.5.jar
2026-09-08T22:56:53.9185075+00:00 Information System.Net.Http.HttpClient.MinecraftRuntimeManager.ClientHandler Received HTTP response headers after 170.0545ms - 200
2026-09-08T22:56:53.9190791+00:00 Information System.Net.Http.HttpClient.MinecraftRuntimeManager.LogicalHandler End processing HTTP request after 171.2597ms - 200
2026-09-08T22:56:54.0631557+00:00 Information System.Net.Http.HttpClient.MinecraftRuntimeManager.LogicalHandler Start processing HTTP request GET https://libraries.minecraft.net/org/lwjgl/lwjgl-freetype/3.3.3/lwjgl-freetype-3.3.3.jar
2026-09-08T22:56:54.0634701+00:00 Information System.Net.Http.HttpClient.MinecraftRuntimeManager.ClientHandler Sending HTTP request GET https://libraries.minecraft.net/org/lwjgl/lwjgl-freetype/3.3.3/lwjgl-freetype-3.3.3.jar
2026-09-08T22:56:54.2346542+00:00 Information System.Net.Http.HttpClient.MinecraftRuntimeManager.ClientHandler Received HTTP response headers after 170.8088ms - 200
2026-09-08T22:56:54.2350049+00:00 Information System.Net.Http.HttpClient.MinecraftRuntimeManager.LogicalHandler End processing HTTP request after 171.9111ms - 200
2026-09-08T22:56:54.3285942+00:00 Information System.Net.Http.HttpClient.MinecraftRuntimeManager.LogicalHandler Start processing HTTP request GET https://libraries.minecraft.net/org/lwjgl/lwjgl-freetype/3.3.3/lwjgl-freetype-3.3.3-natives-windows.jar
2026-09-08T22:56:54.3291458+00:00 Information System.Net.Http.HttpClient.MinecraftRuntimeManager.ClientHandler Sending HTTP request GET https://libraries.minecraft.net/org/lwjgl/lwjgl-freetype/3.3.3/lwjgl-freetype-3.3.3-natives-windows.jar
2026-09-08T22:56:54.5034246+00:00 Information System.Net.Http.HttpClient.MinecraftRuntimeManager.ClientHandler Received HTTP response headers after 173.7172ms - 200
2026-09-08T22:56:54.5038675+00:00 Information System.Net.Http.HttpClient.MinecraftRuntimeManager.LogicalHandler End processing HTTP request after 175.3833ms - 200
2026-09-08T22:56:54.7087968+00:00 Information System.Net.Http.HttpClient.MinecraftRuntimeManager.LogicalHandler Start processing HTTP request GET https://libraries.minecraft.net/org/lwjgl/lwjgl-freetype/3.3.3/lwjgl-freetype-3.3.3-natives-windows-arm64.jar
2026-09-08T22:56:54.7091852+00:00 Information System.Net.Http.HttpClient.MinecraftRuntimeManager.ClientHandler Sending HTTP request GET https://libraries.minecraft.net/org/lwjgl/lwjgl-freetype/3.3.3/lwjgl-freetype-3.3.3-natives-windows-arm64.jar
2026-09-08T22:56:54.8808537+00:00 Information System.Net.Http.HttpClient.MinecraftRuntimeManager.ClientHandler Received HTTP response headers after 171.234ms - 200
2026-09-08T22:56:54.8812929+00:00 Information System.Net.Http.HttpClient.MinecraftRuntimeManager.LogicalHandler End processing HTTP request after 172.5218ms - 200
2026-09-08T22:56:55.0555018+00:00 Information System.Net.Http.HttpClient.MinecraftRuntimeManager.LogicalHandler Start processing HTTP request GET https://libraries.minecraft.net/org/lwjgl/lwjgl-freetype/3.3.3/lwjgl-freetype-3.3.3-natives-windows-x86.jar
2026-09-08T22:56:55.0557725+00:00 Information System.Net.Http.HttpClient.MinecraftRuntimeManager.ClientHandler Sending HTTP request GET https://libraries.minecraft.net/org/lwjgl/lwjgl-freetype/3.3.3/lwjgl-freetype-3.3.3-natives-windows-x86.jar
2026-09-08T22:56:55.2257807+00:00 Information System.Net.Http.HttpClient.MinecraftRuntimeManager.ClientHandler Received HTTP response headers after 169.7135ms - 200
2026-09-08T22:56:55.2261937+00:00 Information System.Net.Http.HttpClient.MinecraftRuntimeManager.LogicalHandler End processing HTTP request after 170.6901ms - 200
2026-09-08T22:56:55.4027130+00:00 Information System.Net.Http.HttpClient.MinecraftRuntimeManager.LogicalHandler Start processing HTTP request GET https://libraries.minecraft.net/org/lwjgl/lwjgl-glfw/3.3.3/lwjgl-glfw-3.3.3.jar
2026-09-08T22:56:55.4029569+00:00 Information System.Net.Http.HttpClient.MinecraftRuntimeManager.ClientHandler Sending HTTP request GET https://libraries.minecraft.net/org/lwjgl/lwjgl-glfw/3.3.3/lwjgl-glfw-3.3.3.jar
2026-09-08T22:56:55.5733679+00:00 Information System.Net.Http.HttpClient.MinecraftRuntimeManager.ClientHandler Received HTTP response headers after 170.1105ms - 200
2026-09-08T22:56:55.5737264+00:00 Information System.Net.Http.HttpClient.MinecraftRuntimeManager.LogicalHandler End processing HTTP request after 170.9995ms - 200
2026-09-08T22:56:55.6091509+00:00 Information System.Net.Http.HttpClient.MinecraftRuntimeManager.LogicalHandler Start processing HTTP request GET https://libraries.minecraft.net/org/lwjgl/lwjgl-glfw/3.3.3/lwjgl-glfw-3.3.3-natives-windows.jar
2026-09-08T22:56:55.6095076+00:00 Information System.Net.Http.HttpClient.MinecraftRuntimeManager.ClientHandler Sending HTTP request GET https://libraries.minecraft.net/org/lwjgl/lwjgl-glfw/3.3.3/lwjgl-glfw-3.3.3-natives-windows.jar
2026-09-08T22:56:55.7800717+00:00 Information System.Net.Http.HttpClient.MinecraftRuntimeManager.ClientHandler Received HTTP response headers after 170.1649ms - 200
2026-09-08T22:56:55.7804091+00:00 Information System.Net.Http.HttpClient.MinecraftRuntimeManager.LogicalHandler End processing HTTP request after 171.2772ms - 200
2026-09-08T22:56:55.8204737+00:00 Information System.Net.Http.HttpClient.MinecraftRuntimeManager.LogicalHandler Start processing HTTP request GET https://libraries.minecraft.net/org/lwjgl/lwjgl-glfw/3.3.3/lwjgl-glfw-3.3.3-natives-windows-arm64.jar
2026-09-08T22:56:55.8207589+00:00 Information System.Net.Http.HttpClient.MinecraftRuntimeManager.ClientHandler Sending HTTP request GET https://libraries.minecraft.net/org/lwjgl/lwjgl-glfw/3.3.3/lwjgl-glfw-3.3.3-natives-windows-arm64.jar
2026-09-08T22:56:55.9910012+00:00 Information System.Net.Http.HttpClient.MinecraftRuntimeManager.ClientHandler Received HTTP response headers after 169.7337ms - 200
2026-09-08T22:56:55.9915645+00:00 Information System.Net.Http.HttpClient.MinecraftRuntimeManager.LogicalHandler End processing HTTP request after 171.0765ms - 200
2026-09-08T22:56:56.0292637+00:00 Information System.Net.Http.HttpClient.MinecraftRuntimeManager.LogicalHandler Start processing HTTP request GET https://libraries.minecraft.net/org/lwjgl/lwjgl-glfw/3.3.3/lwjgl-glfw-3.3.3-natives-windows-x86.jar
2026-09-08T22:56:56.0296346+00:00 Information System.Net.Http.HttpClient.MinecraftRuntimeManager.ClientHandler Sending HTTP request GET https://libraries.minecraft.net/org/lwjgl/lwjgl-glfw/3.3.3/lwjgl-glfw-3.3.3-natives-windows-x86.jar
2026-09-08T22:56:56.2019539+00:00 Information System.Net.Http.HttpClient.MinecraftRuntimeManager.ClientHandler Received HTTP response headers after 172.0371ms - 200
2026-09-08T22:56:56.2023722+00:00 Information System.Net.Http.HttpClient.MinecraftRuntimeManager.LogicalHandler End processing HTTP request after 173.1585ms - 200
2026-09-08T22:56:56.2430932+00:00 Information System.Net.Http.HttpClient.MinecraftRuntimeManager.LogicalHandler Start processing HTTP request GET https://libraries.minecraft.net/org/lwjgl/lwjgl-jemalloc/3.3.3/lwjgl-jemalloc-3.3.3.jar
2026-09-08T22:56:56.2433515+00:00 Information System.Net.Http.HttpClient.MinecraftRuntimeManager.ClientHandler Sending HTTP request GET https://libraries.minecraft.net/org/lwjgl/lwjgl-jemalloc/3.3.3/lwjgl-jemalloc-3.3.3.jar
2026-09-08T22:56:56.4123406+00:00 Information System.Net.Http.HttpClient.MinecraftRuntimeManager.ClientHandler Received HTTP response headers after 168.6621ms - 200
2026-09-08T22:56:56.4129408+00:00 Information System.Net.Http.HttpClient.MinecraftRuntimeManager.LogicalHandler End processing HTTP request after 169.8145ms - 200
2026-09-08T22:56:56.6258636+00:00 Information System.Net.Http.HttpClient.MinecraftRuntimeManager.LogicalHandler Start processing HTTP request GET https://libraries.minecraft.net/org/lwjgl/lwjgl-jemalloc/3.3.3/lwjgl-jemalloc-3.3.3-natives-windows.jar
2026-09-08T22:56:56.6262399+00:00 Information System.Net.Http.HttpClient.MinecraftRuntimeManager.ClientHandler Sending HTTP request GET https://libraries.minecraft.net/org/lwjgl/lwjgl-jemalloc/3.3.3/lwjgl-jemalloc-3.3.3-natives-windows.jar
2026-09-08T22:56:56.7974445+00:00 Information System.Net.Http.HttpClient.MinecraftRuntimeManager.ClientHandler Received HTTP response headers after 170.7175ms - 200
2026-09-08T22:56:56.7978093+00:00 Information System.Net.Http.HttpClient.MinecraftRuntimeManager.LogicalHandler End processing HTTP request after 171.9823ms - 200
2026-09-08T22:56:56.8435048+00:00 Information System.Net.Http.HttpClient.MinecraftRuntimeManager.LogicalHandler Start processing HTTP request GET https://libraries.minecraft.net/org/lwjgl/lwjgl-jemalloc/3.3.3/lwjgl-jemalloc-3.3.3-natives-windows-arm64.jar
2026-09-08T22:56:56.8438733+00:00 Information System.Net.Http.HttpClient.MinecraftRuntimeManager.ClientHandler Sending HTTP request GET https://libraries.minecraft.net/org/lwjgl/lwjgl-jemalloc/3.3.3/lwjgl-jemalloc-3.3.3-natives-windows-arm64.jar
2026-09-08T22:56:57.0135572+00:00 Information System.Net.Http.HttpClient.MinecraftRuntimeManager.ClientHandler Received HTTP response headers after 169.2831ms - 200
2026-09-08T22:56:57.0138817+00:00 Information System.Net.Http.HttpClient.MinecraftRuntimeManager.LogicalHandler End processing HTTP request after 170.4212ms - 200
2026-09-08T22:56:57.0541859+00:00 Information System.Net.Http.HttpClient.MinecraftRuntimeManager.LogicalHandler Start processing HTTP request GET https://libraries.minecraft.net/org/lwjgl/lwjgl-jemalloc/3.3.3/lwjgl-jemalloc-3.3.3-natives-windows-x86.jar
2026-09-08T22:56:57.0545207+00:00 Information System.Net.Http.HttpClient.MinecraftRuntimeManager.ClientHandler Sending HTTP request GET https://libraries.minecraft.net/org/lwjgl/lwjgl-jemalloc/3.3.3/lwjgl-jemalloc-3.3.3-natives-windows-x86.jar
2026-09-08T22:56:57.2265428+00:00 Information System.Net.Http.HttpClient.MinecraftRuntimeManager.ClientHandler Received HTTP response headers after 171.5561ms - 200
2026-09-08T22:56:57.2269155+00:00 Information System.Net.Http.HttpClient.MinecraftRuntimeManager.LogicalHandler End processing HTTP request after 172.8064ms - 200
2026-09-08T22:56:57.2684013+00:00 Information System.Net.Http.HttpClient.MinecraftRuntimeManager.LogicalHandler Start processing HTTP request GET https://libraries.minecraft.net/org/lwjgl/lwjgl-openal/3.3.3/lwjgl-openal-3.3.3.jar
2026-09-08T22:56:57.2686934+00:00 Information System.Net.Http.HttpClient.MinecraftRuntimeManager.ClientHandler Sending HTTP request GET https://libraries.minecraft.net/org/lwjgl/lwjgl-openal/3.3.3/lwjgl-openal-3.3.3.jar
2026-09-08T22:56:57.4396371+00:00 Information System.Net.Http.HttpClient.MinecraftRuntimeManager.ClientHandler Received HTTP response headers after 170.5516ms - 200
2026-09-08T22:56:57.4401448+00:00 Information System.Net.Http.HttpClient.MinecraftRuntimeManager.LogicalHandler End processing HTTP request after 171.8191ms - 200
2026-09-08T22:56:57.4709780+00:00 Information System.Net.Http.HttpClient.MinecraftRuntimeManager.LogicalHandler Start processing HTTP request GET https://libraries.minecraft.net/org/lwjgl/lwjgl-openal/3.3.3/lwjgl-openal-3.3.3-natives-windows.jar
2026-09-08T22:56:57.4713260+00:00 Information System.Net.Http.HttpClient.MinecraftRuntimeManager.ClientHandler Sending HTTP request GET https://libraries.minecraft.net/org/lwjgl/lwjgl-openal/3.3.3/lwjgl-openal-3.3.3-natives-windows.jar
2026-09-08T22:56:57.6422211+00:00 Information System.Net.Http.HttpClient.MinecraftRuntimeManager.ClientHandler Received HTTP response headers after 170.5554ms - 200
2026-09-08T22:56:57.6426887+00:00 Information System.Net.Http.HttpClient.MinecraftRuntimeManager.LogicalHandler End processing HTTP request after 171.7143ms - 200
2026-09-08T22:56:57.7833001+00:00 Information System.Net.Http.HttpClient.MinecraftRuntimeManager.LogicalHandler Start processing HTTP request GET https://libraries.minecraft.net/org/lwjgl/lwjgl-openal/3.3.3/lwjgl-openal-3.3.3-natives-windows-arm64.jar
2026-09-08T22:56:57.7835671+00:00 Information System.Net.Http.HttpClient.MinecraftRuntimeManager.ClientHandler Sending HTTP request GET https://libraries.minecraft.net/org/lwjgl/lwjgl-openal/3.3.3/lwjgl-openal-3.3.3-natives-windows-arm64.jar
2026-09-08T22:56:57.9541484+00:00 Information System.Net.Http.HttpClient.MinecraftRuntimeManager.ClientHandler Received HTTP response headers after 170.1898ms - 200
2026-09-08T22:56:57.9545019+00:00 Information System.Net.Http.HttpClient.MinecraftRuntimeManager.LogicalHandler End processing HTTP request after 171.2036ms - 200
2026-09-08T22:56:58.1859971+00:00 Information System.Net.Http.HttpClient.MinecraftRuntimeManager.LogicalHandler Start processing HTTP request GET https://libraries.minecraft.net/org/lwjgl/lwjgl-openal/3.3.3/lwjgl-openal-3.3.3-natives-windows-x86.jar
2026-09-08T22:56:58.1862882+00:00 Information System.Net.Http.HttpClient.MinecraftRuntimeManager.ClientHandler Sending HTTP request GET https://libraries.minecraft.net/org/lwjgl/lwjgl-openal/3.3.3/lwjgl-openal-3.3.3-natives-windows-x86.jar
2026-09-08T22:56:58.3614386+00:00 Information System.Net.Http.HttpClient.MinecraftRuntimeManager.ClientHandler Received HTTP response headers after 174.8102ms - 200
2026-09-08T22:56:58.3618518+00:00 Information System.Net.Http.HttpClient.MinecraftRuntimeManager.LogicalHandler End processing HTTP request after 175.8403ms - 200
2026-09-08T22:56:58.6539530+00:00 Information System.Net.Http.HttpClient.MinecraftRuntimeManager.LogicalHandler Start processing HTTP request GET https://libraries.minecraft.net/org/lwjgl/lwjgl-opengl/3.3.3/lwjgl-opengl-3.3.3.jar
2026-09-08T22:56:58.6542087+00:00 Information System.Net.Http.HttpClient.MinecraftRuntimeManager.ClientHandler Sending HTTP request GET https://libraries.minecraft.net/org/lwjgl/lwjgl-opengl/3.3.3/lwjgl-opengl-3.3.3.jar
2026-09-08T22:56:58.8299855+00:00 Information System.Net.Http.HttpClient.MinecraftRuntimeManager.ClientHandler Received HTTP response headers after 175.392ms - 200
2026-09-08T22:56:58.8303179+00:00 Information System.Net.Http.HttpClient.MinecraftRuntimeManager.LogicalHandler End processing HTTP request after 176.3956ms - 200
2026-09-08T22:56:59.2575002+00:00 Information System.Net.Http.HttpClient.MinecraftRuntimeManager.LogicalHandler Start processing HTTP request GET https://libraries.minecraft.net/org/lwjgl/lwjgl-opengl/3.3.3/lwjgl-opengl-3.3.3-natives-windows.jar
2026-09-08T22:56:59.2578503+00:00 Information System.Net.Http.HttpClient.MinecraftRuntimeManager.ClientHandler Sending HTTP request GET https://libraries.minecraft.net/org/lwjgl/lwjgl-opengl/3.3.3/lwjgl-opengl-3.3.3-natives-windows.jar
2026-09-08T22:56:59.4338804+00:00 Information System.Net.Http.HttpClient.MinecraftRuntimeManager.ClientHandler Received HTTP response headers after 175.6457ms - 200
2026-09-08T22:56:59.4343187+00:00 Information System.Net.Http.HttpClient.MinecraftRuntimeManager.LogicalHandler End processing HTTP request after 176.7842ms - 200
2026-09-08T22:56:59.4835223+00:00 Information System.Net.Http.HttpClient.MinecraftRuntimeManager.LogicalHandler Start processing HTTP request GET https://libraries.minecraft.net/org/lwjgl/lwjgl-opengl/3.3.3/lwjgl-opengl-3.3.3-natives-windows-arm64.jar
2026-09-08T22:56:59.4839238+00:00 Information System.Net.Http.HttpClient.MinecraftRuntimeManager.ClientHandler Sending HTTP request GET https://libraries.minecraft.net/org/lwjgl/lwjgl-opengl/3.3.3/lwjgl-opengl-3.3.3-natives-windows-arm64.jar
2026-09-08T22:56:59.6585077+00:00 Information System.Net.Http.HttpClient.MinecraftRuntimeManager.ClientHandler Received HTTP response headers after 174.1342ms - 200
2026-09-08T22:56:59.6588065+00:00 Information System.Net.Http.HttpClient.MinecraftRuntimeManager.LogicalHandler End processing HTTP request after 175.3521ms - 200
2026-09-08T22:56:59.7007002+00:00 Information System.Net.Http.HttpClient.MinecraftRuntimeManager.LogicalHandler Start processing HTTP request GET https://libraries.minecraft.net/org/lwjgl/lwjgl-opengl/3.3.3/lwjgl-opengl-3.3.3-natives-windows-x86.jar
2026-09-08T22:56:59.7009285+00:00 Information System.Net.Http.HttpClient.MinecraftRuntimeManager.ClientHandler Sending HTTP request GET https://libraries.minecraft.net/org/lwjgl/lwjgl-opengl/3.3.3/lwjgl-opengl-3.3.3-natives-windows-x86.jar
2026-09-08T22:56:59.8779962+00:00 Information System.Net.Http.HttpClient.MinecraftRuntimeManager.ClientHandler Received HTTP response headers after 176.6768ms - 200
2026-09-08T22:56:59.8784775+00:00 Information System.Net.Http.HttpClient.MinecraftRuntimeManager.LogicalHandler End processing HTTP request after 177.7034ms - 200
2026-09-08T22:56:59.9261035+00:00 Information System.Net.Http.HttpClient.MinecraftRuntimeManager.LogicalHandler Start processing HTTP request GET https://libraries.minecraft.net/org/lwjgl/lwjgl-stb/3.3.3/lwjgl-stb-3.3.3.jar
2026-09-08T22:56:59.9264330+00:00 Information System.Net.Http.HttpClient.MinecraftRuntimeManager.ClientHandler Sending HTTP request GET https://libraries.minecraft.net/org/lwjgl/lwjgl-stb/3.3.3/lwjgl-stb-3.3.3.jar
2026-09-08T22:57:00.1079096+00:00 Information System.Net.Http.HttpClient.MinecraftRuntimeManager.ClientHandler Received HTTP response headers after 180.7777ms - 200
2026-09-08T22:57:00.1084997+00:00 Information System.Net.Http.HttpClient.MinecraftRuntimeManager.LogicalHandler End processing HTTP request after 182.3243ms - 200
2026-09-08T22:57:00.1630716+00:00 Information System.Net.Http.HttpClient.MinecraftRuntimeManager.LogicalHandler Start processing HTTP request GET https://libraries.minecraft.net/org/lwjgl/lwjgl-stb/3.3.3/lwjgl-stb-3.3.3-natives-windows.jar
2026-09-08T22:57:00.1633282+00:00 Information System.Net.Http.HttpClient.MinecraftRuntimeManager.ClientHandler Sending HTTP request GET https://libraries.minecraft.net/org/lwjgl/lwjgl-stb/3.3.3/lwjgl-stb-3.3.3-natives-windows.jar
2026-09-08T22:57:00.3381164+00:00 Information System.Net.Http.HttpClient.MinecraftRuntimeManager.ClientHandler Received HTTP response headers after 174.4672ms - 200
2026-09-08T22:57:00.3384691+00:00 Information System.Net.Http.HttpClient.MinecraftRuntimeManager.LogicalHandler End processing HTTP request after 175.4679ms - 200
2026-09-08T22:57:00.4616167+00:00 Information System.Net.Http.HttpClient.MinecraftRuntimeManager.LogicalHandler Start processing HTTP request GET https://libraries.minecraft.net/org/lwjgl/lwjgl-stb/3.3.3/lwjgl-stb-3.3.3-natives-windows-arm64.jar
2026-09-08T22:57:00.4619841+00:00 Information System.Net.Http.HttpClient.MinecraftRuntimeManager.ClientHandler Sending HTTP request GET https://libraries.minecraft.net/org/lwjgl/lwjgl-stb/3.3.3/lwjgl-stb-3.3.3-natives-windows-arm64.jar
2026-09-08T22:57:00.6377348+00:00 Information System.Net.Http.HttpClient.MinecraftRuntimeManager.ClientHandler Received HTTP response headers after 175.3069ms - 200
2026-09-08T22:57:00.6381711+00:00 Information System.Net.Http.HttpClient.MinecraftRuntimeManager.LogicalHandler End processing HTTP request after 176.6129ms - 200
2026-09-08T22:57:00.7453393+00:00 Information System.Net.Http.HttpClient.MinecraftRuntimeManager.LogicalHandler Start processing HTTP request GET https://libraries.minecraft.net/org/lwjgl/lwjgl-stb/3.3.3/lwjgl-stb-3.3.3-natives-windows-x86.jar
2026-09-08T22:57:00.7457771+00:00 Information System.Net.Http.HttpClient.MinecraftRuntimeManager.ClientHandler Sending HTTP request GET https://libraries.minecraft.net/org/lwjgl/lwjgl-stb/3.3.3/lwjgl-stb-3.3.3-natives-windows-x86.jar
2026-09-08T22:57:00.9221238+00:00 Information System.Net.Http.HttpClient.MinecraftRuntimeManager.ClientHandler Received HTTP response headers after 175.8398ms - 200
2026-09-08T22:57:00.9226538+00:00 Information System.Net.Http.HttpClient.MinecraftRuntimeManager.LogicalHandler End processing HTTP request after 177.7464ms - 200
2026-09-08T22:57:01.0315901+00:00 Information System.Net.Http.HttpClient.MinecraftRuntimeManager.LogicalHandler Start processing HTTP request GET https://libraries.minecraft.net/org/lwjgl/lwjgl-tinyfd/3.3.3/lwjgl-tinyfd-3.3.3.jar
2026-09-08T22:57:01.0318707+00:00 Information System.Net.Http.HttpClient.MinecraftRuntimeManager.ClientHandler Sending HTTP request GET https://libraries.minecraft.net/org/lwjgl/lwjgl-tinyfd/3.3.3/lwjgl-tinyfd-3.3.3.jar
2026-09-08T22:57:01.2064832+00:00 Information System.Net.Http.HttpClient.MinecraftRuntimeManager.ClientHandler Received HTTP response headers after 174.0835ms - 200
2026-09-08T22:57:01.2069589+00:00 Information System.Net.Http.HttpClient.MinecraftRuntimeManager.LogicalHandler End processing HTTP request after 175.3605ms - 200
2026-09-08T22:57:01.2685019+00:00 Information System.Net.Http.HttpClient.MinecraftRuntimeManager.LogicalHandler Start processing HTTP request GET https://libraries.minecraft.net/org/lwjgl/lwjgl-tinyfd/3.3.3/lwjgl-tinyfd-3.3.3-natives-windows.jar
2026-09-08T22:57:01.2687298+00:00 Information System.Net.Http.HttpClient.MinecraftRuntimeManager.ClientHandler Sending HTTP request GET https://libraries.minecraft.net/org/lwjgl/lwjgl-tinyfd/3.3.3/lwjgl-tinyfd-3.3.3-natives-windows.jar
2026-09-08T22:57:01.4447813+00:00 Information System.Net.Http.HttpClient.MinecraftRuntimeManager.ClientHandler Received HTTP response headers after 175.6099ms - 200
2026-09-08T22:57:01.4452576+00:00 Information System.Net.Http.HttpClient.MinecraftRuntimeManager.LogicalHandler End processing HTTP request after 176.7102ms - 200
2026-09-08T22:57:01.5086903+00:00 Information System.Net.Http.HttpClient.MinecraftRuntimeManager.LogicalHandler Start processing HTTP request GET https://libraries.minecraft.net/org/lwjgl/lwjgl-tinyfd/3.3.3/lwjgl-tinyfd-3.3.3-natives-windows-arm64.jar
2026-09-08T22:57:01.5090587+00:00 Information System.Net.Http.HttpClient.MinecraftRuntimeManager.ClientHandler Sending HTTP request GET https://libraries.minecraft.net/org/lwjgl/lwjgl-tinyfd/3.3.3/lwjgl-tinyfd-3.3.3-natives-windows-arm64.jar
2026-09-08T22:57:01.6822998+00:00 Information System.Net.Http.HttpClient.MinecraftRuntimeManager.ClientHandler Received HTTP response headers after 172.8234ms - 200
2026-09-08T22:57:01.6827517+00:00 Information System.Net.Http.HttpClient.MinecraftRuntimeManager.LogicalHandler End processing HTTP request after 174.0891ms - 200
2026-09-08T22:57:01.7362372+00:00 Information System.Net.Http.HttpClient.MinecraftRuntimeManager.LogicalHandler Start processing HTTP request GET https://libraries.minecraft.net/org/lwjgl/lwjgl-tinyfd/3.3.3/lwjgl-tinyfd-3.3.3-natives-windows-x86.jar
2026-09-08T22:57:01.7366097+00:00 Information System.Net.Http.HttpClient.MinecraftRuntimeManager.ClientHandler Sending HTTP request GET https://libraries.minecraft.net/org/lwjgl/lwjgl-tinyfd/3.3.3/lwjgl-tinyfd-3.3.3-natives-windows-x86.jar
2026-09-08T22:57:01.9110646+00:00 Information System.Net.Http.HttpClient.MinecraftRuntimeManager.ClientHandler Received HTTP response headers after 174.0724ms - 200
2026-09-08T22:57:01.9114115+00:00 Information System.Net.Http.HttpClient.MinecraftRuntimeManager.LogicalHandler End processing HTTP request after 175.2178ms - 200
2026-09-08T22:57:01.9654627+00:00 Information System.Net.Http.HttpClient.MinecraftRuntimeManager.LogicalHandler Start processing HTTP request GET https://libraries.minecraft.net/org/lwjgl/lwjgl/3.3.3/lwjgl-3.3.3.jar
2026-09-08T22:57:01.9657483+00:00 Information System.Net.Http.HttpClient.MinecraftRuntimeManager.ClientHandler Sending HTTP request GET https://libraries.minecraft.net/org/lwjgl/lwjgl/3.3.3/lwjgl-3.3.3.jar
2026-09-08T22:57:02.1395992+00:00 Information System.Net.Http.HttpClient.MinecraftRuntimeManager.ClientHandler Received HTTP response headers after 173.47ms - 200
2026-09-08T22:57:02.1399743+00:00 Information System.Net.Http.HttpClient.MinecraftRuntimeManager.LogicalHandler End processing HTTP request after 174.5403ms - 200
2026-09-08T22:57:02.5525646+00:00 Information System.Net.Http.HttpClient.MinecraftRuntimeManager.LogicalHandler Start processing HTTP request GET https://libraries.minecraft.net/org/lwjgl/lwjgl/3.3.3/lwjgl-3.3.3-natives-windows.jar
2026-09-08T22:57:02.5528186+00:00 Information System.Net.Http.HttpClient.MinecraftRuntimeManager.ClientHandler Sending HTTP request GET https://libraries.minecraft.net/org/lwjgl/lwjgl/3.3.3/lwjgl-3.3.3-natives-windows.jar
2026-09-08T22:57:02.7265495+00:00 Information System.Net.Http.HttpClient.MinecraftRuntimeManager.ClientHandler Received HTTP response headers after 173.3702ms - 200
2026-09-08T22:57:02.7268613+00:00 Information System.Net.Http.HttpClient.MinecraftRuntimeManager.LogicalHandler End processing HTTP request after 174.3407ms - 200
2026-09-08T22:57:02.7961114+00:00 Information System.Net.Http.HttpClient.MinecraftRuntimeManager.LogicalHandler Start processing HTTP request GET https://libraries.minecraft.net/org/lwjgl/lwjgl/3.3.3/lwjgl-3.3.3-natives-windows-arm64.jar
2026-09-08T22:57:02.7963643+00:00 Information System.Net.Http.HttpClient.MinecraftRuntimeManager.ClientHandler Sending HTTP request GET https://libraries.minecraft.net/org/lwjgl/lwjgl/3.3.3/lwjgl-3.3.3-natives-windows-arm64.jar
2026-09-08T22:57:02.9704197+00:00 Information System.Net.Http.HttpClient.MinecraftRuntimeManager.ClientHandler Received HTTP response headers after 173.6993ms - 200
2026-09-08T22:57:02.9707648+00:00 Information System.Net.Http.HttpClient.MinecraftRuntimeManager.LogicalHandler End processing HTTP request after 174.649ms - 200
2026-09-08T22:57:03.0299794+00:00 Information System.Net.Http.HttpClient.MinecraftRuntimeManager.LogicalHandler Start processing HTTP request GET https://libraries.minecraft.net/org/lwjgl/lwjgl/3.3.3/lwjgl-3.3.3-natives-windows-x86.jar
2026-09-08T22:57:03.0302826+00:00 Information System.Net.Http.HttpClient.MinecraftRuntimeManager.ClientHandler Sending HTTP request GET https://libraries.minecraft.net/org/lwjgl/lwjgl/3.3.3/lwjgl-3.3.3-natives-windows-x86.jar
2026-09-08T22:57:03.2023849+00:00 Information System.Net.Http.HttpClient.MinecraftRuntimeManager.ClientHandler Received HTTP response headers after 171.6994ms - 200
2026-09-08T22:57:03.2028549+00:00 Information System.Net.Http.HttpClient.MinecraftRuntimeManager.LogicalHandler End processing HTTP request after 172.899ms - 200
2026-09-08T22:57:03.2608391+00:00 Information System.Net.Http.HttpClient.MinecraftRuntimeManager.LogicalHandler Start processing HTTP request GET https://libraries.minecraft.net/org/lz4/lz4-java/1.8.0/lz4-java-1.8.0.jar
2026-09-08T22:57:03.2611557+00:00 Information System.Net.Http.HttpClient.MinecraftRuntimeManager.ClientHandler Sending HTTP request GET https://libraries.minecraft.net/org/lz4/lz4-java/1.8.0/lz4-java-1.8.0.jar
2026-09-08T22:57:03.4348690+00:00 Information System.Net.Http.HttpClient.MinecraftRuntimeManager.ClientHandler Received HTTP response headers after 173.3244ms - 200
2026-09-08T22:57:03.4353298+00:00 Information System.Net.Http.HttpClient.MinecraftRuntimeManager.LogicalHandler End processing HTTP request after 174.4722ms - 200
2026-09-08T22:57:03.7015612+00:00 Information System.Net.Http.HttpClient.MinecraftRuntimeManager.LogicalHandler Start processing HTTP request GET https://libraries.minecraft.net/org/slf4j/slf4j-api/2.0.9/slf4j-api-2.0.9.jar
2026-09-08T22:57:03.7018476+00:00 Information System.Net.Http.HttpClient.MinecraftRuntimeManager.ClientHandler Sending HTTP request GET https://libraries.minecraft.net/org/slf4j/slf4j-api/2.0.9/slf4j-api-2.0.9.jar
2026-09-08T22:57:03.8755087+00:00 Information System.Net.Http.HttpClient.MinecraftRuntimeManager.ClientHandler Received HTTP response headers after 173.2847ms - 200
2026-09-08T22:57:03.8760311+00:00 Information System.Net.Http.HttpClient.MinecraftRuntimeManager.LogicalHandler End processing HTTP request after 174.4656ms - 200
2026-09-08T22:57:03.9065841+00:00 Information System.Net.Http.HttpClient.MinecraftRuntimeManager.LogicalHandler Start processing HTTP request GET https://piston-data.mojang.com/v1/objects/30c73b1c5da787909b2f73340419fdf13b9def88/client.jar
2026-09-08T22:57:03.9069327+00:00 Information System.Net.Http.HttpClient.MinecraftRuntimeManager.ClientHandler Sending HTTP request GET https://piston-data.mojang.com/v1/objects/30c73b1c5da787909b2f73340419fdf13b9def88/client.jar
2026-09-08T22:57:04.7809158+00:00 Information System.Net.Http.HttpClient.MinecraftRuntimeManager.ClientHandler Received HTTP response headers after 873.5051ms - 200
2026-09-08T22:57:04.7813530+00:00 Information System.Net.Http.HttpClient.MinecraftRuntimeManager.LogicalHandler End processing HTTP request after 874.7631ms - 200
2026-09-08T22:57:07.3590085+00:00 Information System.Net.Http.HttpClient.MinecraftRuntimeManager.LogicalHandler Start processing HTTP request GET https://piston-meta.mojang.com/v1/packages/5e6acec58d4651330c757ff77f105fd0076339a0/17.json
2026-09-08T22:57:07.3592554+00:00 Information System.Net.Http.HttpClient.MinecraftRuntimeManager.ClientHandler Sending HTTP request GET https://piston-meta.mojang.com/v1/packages/5e6acec58d4651330c757ff77f105fd0076339a0/17.json
2026-09-08T22:57:08.1533449+00:00 Information System.Net.Http.HttpClient.MinecraftRuntimeManager.ClientHandler Received HTTP response headers after 793.7792ms - 200
2026-09-08T22:57:08.1537483+00:00 Information System.Net.Http.HttpClient.MinecraftRuntimeManager.LogicalHandler End processing HTTP request after 794.6768ms - 200
2026-09-08T22:57:08.9392408+00:00 Information System.Net.Http.HttpClient.MinecraftRuntimeManager.LogicalHandler Start processing HTTP request GET https://resources.download.minecraft.net/b6/b62ca8ec10d07e6bf5ac8dae0c8c1d2e6a1e3356
2026-09-08T22:57:08.9394911+00:00 Information System.Net.Http.HttpClient.MinecraftRuntimeManager.ClientHandler Sending HTTP request GET https://resources.download.minecraft.net/b6/b62ca8ec10d07e6bf5ac8dae0c8c1d2e6a1e3356
2026-09-08T22:57:09.7607133+00:00 Information System.Net.Http.HttpClient.MinecraftRuntimeManager.ClientHandler Received HTTP response headers after 820.8277ms - 200
2026-09-08T22:57:09.7611547+00:00 Information System.Net.Http.HttpClient.MinecraftRuntimeManager.LogicalHandler End processing HTTP request after 821.9037ms - 200
2026-09-08T22:57:09.7706956+00:00 Information System.Net.Http.HttpClient.MinecraftRuntimeManager.LogicalHandler Start processing HTTP request GET https://resources.download.minecraft.net/5f/5ff04807c356f1beed0b86ccf659b44b9983e3fa
2026-09-08T22:57:09.7709373+00:00 Information System.Net.Http.HttpClient.MinecraftRuntimeManager.ClientHandler Sending HTTP request GET https://resources.download.minecraft.net/5f/5ff04807c356f1beed0b86ccf659b44b9983e3fa
2026-09-08T22:57:10.3924538+00:00 Information System.Net.Http.HttpClient.MinecraftRuntimeManager.ClientHandler Received HTTP response headers after 621.1594ms - 200
2026-09-08T22:57:10.3927633+00:00 Information System.Net.Http.HttpClient.MinecraftRuntimeManager.LogicalHandler End processing HTTP request after 622.1172ms - 200
2026-09-08T22:57:10.4014320+00:00 Information System.Net.Http.HttpClient.MinecraftRuntimeManager.LogicalHandler Start processing HTTP request GET https://resources.download.minecraft.net/80/8030dd9dc315c0381d52c4782ea36c6baf6e8135
2026-09-08T22:57:10.4017047+00:00 Information System.Net.Http.HttpClient.MinecraftRuntimeManager.ClientHandler Sending HTTP request GET https://resources.download.minecraft.net/80/8030dd9dc315c0381d52c4782ea36c6baf6e8135
2026-09-08T22:57:10.6406399+00:00 Information System.Net.Http.HttpClient.MinecraftRuntimeManager.ClientHandler Received HTTP response headers after 238.558ms - 200
2026-09-08T22:57:10.6411310+00:00 Information System.Net.Http.HttpClient.MinecraftRuntimeManager.LogicalHandler End processing HTTP request after 239.6132ms - 200
2026-09-08T22:57:10.6761003+00:00 Information System.Net.Http.HttpClient.MinecraftRuntimeManager.LogicalHandler Start processing HTTP request GET https://resources.download.minecraft.net/af/af96f55a90eaf11b327f1b5f8834a051027dc506
2026-09-08T22:57:10.6764874+00:00 Information System.Net.Http.HttpClient.MinecraftRuntimeManager.ClientHandler Sending HTTP request GET https://resources.download.minecraft.net/af/af96f55a90eaf11b327f1b5f8834a051027dc506
2026-09-08T22:57:10.9544677+00:00 Information System.Net.Http.HttpClient.MinecraftRuntimeManager.ClientHandler Received HTTP response headers after 277.563ms - 200
2026-09-08T22:57:10.9548537+00:00 Information System.Net.Http.HttpClient.MinecraftRuntimeManager.LogicalHandler End processing HTTP request after 278.8028ms - 200
2026-09-08T22:57:10.9647403+00:00 Information System.Net.Http.HttpClient.MinecraftRuntimeManager.LogicalHandler Start processing HTTP request GET https://resources.download.minecraft.net/b8/b80b6e9ff01c78c624df5429e1d3dcd3d5130834
2026-09-08T22:57:10.9650159+00:00 Information System.Net.Http.HttpClient.MinecraftRuntimeManager.ClientHandler Sending HTTP request GET https://resources.download.minecraft.net/b8/b80b6e9ff01c78c624df5429e1d3dcd3d5130834
2026-09-08T22:57:11.1445286+00:00 Information System.Net.Http.HttpClient.MinecraftRuntimeManager.ClientHandler Received HTTP response headers after 179.1556ms - 200
2026-09-08T22:57:11.1450107+00:00 Information System.Net.Http.HttpClient.MinecraftRuntimeManager.LogicalHandler End processing HTTP request after 180.2574ms - 200
2026-09-08T22:57:11.1541843+00:00 Information System.Net.Http.HttpClient.MinecraftRuntimeManager.LogicalHandler Start processing HTTP request GET https://resources.download.minecraft.net/f0/f00657542252858a721e715a2e888a9226404e35
2026-09-08T22:57:11.1544654+00:00 Information System.Net.Http.HttpClient.MinecraftRuntimeManager.ClientHandler Sending HTTP request GET https://resources.download.minecraft.net/f0/f00657542252858a721e715a2e888a9226404e35
2026-09-08T22:57:11.3860047+00:00 Information System.Net.Http.HttpClient.MinecraftRuntimeManager.ClientHandler Received HTTP response headers after 231.1195ms - 200
2026-09-08T22:57:11.3865064+00:00 Information System.Net.Http.HttpClient.MinecraftRuntimeManager.LogicalHandler End processing HTTP request after 232.2909ms - 200
2026-09-08T22:57:12.0694466+00:00 Information System.Net.Http.HttpClient.MinecraftRuntimeManager.LogicalHandler Start processing HTTP request GET https://resources.download.minecraft.net/95/958d57021d8009de55d6e9e19957a72545e3c30c
2026-09-08T22:57:12.0698907+00:00 Information System.Net.Http.HttpClient.MinecraftRuntimeManager.ClientHandler Sending HTTP request GET https://resources.download.minecraft.net/95/958d57021d8009de55d6e9e19957a72545e3c30c
2026-09-08T22:57:12.2415851+00:00 Information System.Net.Http.HttpClient.MinecraftRuntimeManager.ClientHandler Received HTTP response headers after 171.1977ms - 200
2026-09-08T22:57:12.2419648+00:00 Information System.Net.Http.HttpClient.MinecraftRuntimeManager.LogicalHandler End processing HTTP request after 172.5616ms - 200
2026-09-08T22:57:12.2523770+00:00 Information System.Net.Http.HttpClient.MinecraftRuntimeManager.LogicalHandler Start processing HTTP request GET https://resources.download.minecraft.net/94/949afe72d4d3d785dab52d8baaefeb0e38b3c067
2026-09-08T22:57:12.2529512+00:00 Information System.Net.Http.HttpClient.MinecraftRuntimeManager.ClientHandler Sending HTTP request GET https://resources.download.minecraft.net/94/949afe72d4d3d785dab52d8baaefeb0e38b3c067
2026-09-08T22:57:12.4217137+00:00 Information System.Net.Http.HttpClient.MinecraftRuntimeManager.ClientHandler Received HTTP response headers after 168.3744ms - 200
2026-09-08T22:57:12.4222517+00:00 Information System.Net.Http.HttpClient.MinecraftRuntimeManager.LogicalHandler End processing HTTP request after 169.8879ms - 200
2026-09-08T22:57:12.4311883+00:00 Information System.Net.Http.HttpClient.MinecraftRuntimeManager.LogicalHandler Start processing HTTP request GET https://resources.download.minecraft.net/9f/9f84f917a09facacf1235eed3fa77789e4554afb
2026-09-08T22:57:12.4314839+00:00 Information System.Net.Http.HttpClient.MinecraftRuntimeManager.ClientHandler Sending HTTP request GET https://resources.download.minecraft.net/9f/9f84f917a09facacf1235eed3fa77789e4554afb
2026-09-08T22:57:12.6068497+00:00 Information System.Net.Http.HttpClient.MinecraftRuntimeManager.ClientHandler Received HTTP response headers after 174.9867ms - 200
2026-09-08T22:57:12.6073241+00:00 Information System.Net.Http.HttpClient.MinecraftRuntimeManager.LogicalHandler End processing HTTP request after 176.0739ms - 200
2026-09-08T22:57:12.6162695+00:00 Information System.Net.Http.HttpClient.MinecraftRuntimeManager.LogicalHandler Start processing HTTP request GET https://resources.download.minecraft.net/26/26ad18d9f4ef0a71255459b5f01b738b81dbc7dc
2026-09-08T22:57:12.6165820+00:00 Information System.Net.Http.HttpClient.MinecraftRuntimeManager.ClientHandler Sending HTTP request GET https://resources.download.minecraft.net/26/26ad18d9f4ef0a71255459b5f01b738b81dbc7dc
2026-09-08T22:57:12.7864860+00:00 Information System.Net.Http.HttpClient.MinecraftRuntimeManager.ClientHandler Received HTTP response headers after 169.5028ms - 200
2026-09-08T22:57:12.7869172+00:00 Information System.Net.Http.HttpClient.MinecraftRuntimeManager.LogicalHandler End processing HTTP request after 170.5946ms - 200
2026-09-08T22:57:12.7977349+00:00 Information System.Net.Http.HttpClient.MinecraftRuntimeManager.LogicalHandler Start processing HTTP request GET https://resources.download.minecraft.net/df/df274fe57c49ef1af6d218703d805db76a5c8af9
2026-09-08T22:57:12.7980389+00:00 Information System.Net.Http.HttpClient.MinecraftRuntimeManager.ClientHandler Sending HTTP request GET https://resources.download.minecraft.net/df/df274fe57c49ef1af6d218703d805db76a5c8af9
2026-09-08T22:57:12.9679996+00:00 Information System.Net.Http.HttpClient.MinecraftRuntimeManager.ClientHandler Received HTTP response headers after 169.5207ms - 200
2026-09-08T22:57:12.9684457+00:00 Information System.Net.Http.HttpClient.MinecraftRuntimeManager.LogicalHandler End processing HTTP request after 170.684ms - 200
2026-09-08T22:57:12.9780989+00:00 Information System.Net.Http.HttpClient.MinecraftRuntimeManager.LogicalHandler Start processing HTTP request GET https://resources.download.minecraft.net/65/65ebca3306ccd6d7f9d5de8f1cc7a1216d80246d
2026-09-08T22:57:12.9783565+00:00 Information System.Net.Http.HttpClient.MinecraftRuntimeManager.ClientHandler Sending HTTP request GET https://resources.download.minecraft.net/65/65ebca3306ccd6d7f9d5de8f1cc7a1216d80246d
2026-09-08T22:57:13.1526923+00:00 Information System.Net.Http.HttpClient.MinecraftRuntimeManager.ClientHandler Received HTTP response headers after 173.9592ms - 200
2026-09-08T22:57:13.1531531+00:00 Information System.Net.Http.HttpClient.MinecraftRuntimeManager.LogicalHandler End processing HTTP request after 175.0048ms - 200
2026-09-08T22:57:13.3349534+00:00 Information System.Net.Http.HttpClient.MinecraftRuntimeManager.LogicalHandler Start processing HTTP request GET https://resources.download.minecraft.net/f4/f40266672fa6cd5c678cbfd5a7fdcfe06e30c629
2026-09-08T22:57:13.3352214+00:00 Information System.Net.Http.HttpClient.MinecraftRuntimeManager.ClientHandler Sending HTTP request GET https://resources.download.minecraft.net/f4/f40266672fa6cd5c678cbfd5a7fdcfe06e30c629
2026-09-08T22:57:13.5056814+00:00 Information System.Net.Http.HttpClient.MinecraftRuntimeManager.ClientHandler Received HTTP response headers after 170.0834ms - 200
2026-09-08T22:57:13.5060590+00:00 Information System.Net.Http.HttpClient.MinecraftRuntimeManager.LogicalHandler End processing HTTP request after 171.1156ms - 200
2026-09-08T22:57:13.5171684+00:00 Information System.Net.Http.HttpClient.MinecraftRuntimeManager.LogicalHandler Start processing HTTP request GET https://resources.download.minecraft.net/66/666999116c467f10622db1527a06ddc0a6efad2a
2026-09-08T22:57:13.5174421+00:00 Information System.Net.Http.HttpClient.MinecraftRuntimeManager.ClientHandler Sending HTTP request GET https://resources.download.minecraft.net/66/666999116c467f10622db1527a06ddc0a6efad2a
2026-09-08T22:57:13.6899387+00:00 Information System.Net.Http.HttpClient.MinecraftRuntimeManager.ClientHandler Received HTTP response headers after 171.9962ms - 200
2026-09-08T22:57:13.6903810+00:00 Information System.Net.Http.HttpClient.MinecraftRuntimeManager.LogicalHandler End processing HTTP request after 173.1957ms - 200
2026-09-08T22:57:14.0475919+00:00 Information System.Net.Http.HttpClient.MinecraftRuntimeManager.LogicalHandler Start processing HTTP request GET https://resources.download.minecraft.net/92/92ab1f42958051008cf66c9f551adf12139f89ab
2026-09-08T22:57:14.0478700+00:00 Information System.Net.Http.HttpClient.MinecraftRuntimeManager.ClientHandler Sending HTTP request GET https://resources.download.minecraft.net/92/92ab1f42958051008cf66c9f551adf12139f89ab
2026-09-08T22:57:14.2210090+00:00 Information System.Net.Http.HttpClient.MinecraftRuntimeManager.ClientHandler Received HTTP response headers after 172.7661ms - 200
2026-09-08T22:57:14.2214993+00:00 Information System.Net.Http.HttpClient.MinecraftRuntimeManager.LogicalHandler End processing HTTP request after 173.8948ms - 200
2026-09-08T22:57:14.2498904+00:00 Information System.Net.Http.HttpClient.MinecraftRuntimeManager.LogicalHandler Start processing HTTP request GET https://resources.download.minecraft.net/30/30b115e7c1b69ff86dfd7ef7df5a37d52d1ead94
2026-09-08T22:57:14.2501575+00:00 Information System.Net.Http.HttpClient.MinecraftRuntimeManager.ClientHandler Sending HTTP request GET https://resources.download.minecraft.net/30/30b115e7c1b69ff86dfd7ef7df5a37d52d1ead94
2026-09-08T22:57:14.4199487+00:00 Information System.Net.Http.HttpClient.MinecraftRuntimeManager.ClientHandler Received HTTP response headers after 169.3576ms - 200
2026-09-08T22:57:14.4203531+00:00 Information System.Net.Http.HttpClient.MinecraftRuntimeManager.LogicalHandler End processing HTTP request after 170.4909ms - 200
2026-09-08T22:57:14.4672600+00:00 Information System.Net.Http.HttpClient.MinecraftRuntimeManager.LogicalHandler Start processing HTTP request GET https://resources.download.minecraft.net/da/da8c145765ecbb78523c36ab9c98e643600e5513
2026-09-08T22:57:14.4675655+00:00 Information System.Net.Http.HttpClient.MinecraftRuntimeManager.ClientHandler Sending HTTP request GET https://resources.download.minecraft.net/da/da8c145765ecbb78523c36ab9c98e643600e5513
2026-09-08T22:57:14.6375846+00:00 Information System.Net.Http.HttpClient.MinecraftRuntimeManager.ClientHandler Received HTTP response headers after 169.617ms - 200
2026-09-08T22:57:14.6379886+00:00 Information System.Net.Http.HttpClient.MinecraftRuntimeManager.LogicalHandler End processing HTTP request after 170.778ms - 200
2026-09-08T22:57:14.8537773+00:00 Information System.Net.Http.HttpClient.MinecraftRuntimeManager.LogicalHandler Start processing HTTP request GET https://resources.download.minecraft.net/4b/4bc5e37f7329a5e046506d81e3368b53524205dc
2026-09-08T22:57:14.8543759+00:00 Information System.Net.Http.HttpClient.MinecraftRuntimeManager.ClientHandler Sending HTTP request GET https://resources.download.minecraft.net/4b/4bc5e37f7329a5e046506d81e3368b53524205dc
2026-09-08T22:57:15.0238806+00:00 Information System.Net.Http.HttpClient.MinecraftRuntimeManager.ClientHandler Received HTTP response headers after 169.0511ms - 200
2026-09-08T22:57:15.0243268+00:00 Information System.Net.Http.HttpClient.MinecraftRuntimeManager.LogicalHandler End processing HTTP request after 170.5527ms - 200
2026-09-08T22:57:15.2300752+00:00 Information System.Net.Http.HttpClient.MinecraftRuntimeManager.LogicalHandler Start processing HTTP request GET https://resources.download.minecraft.net/b2/b20b932744775da4d0bde116d655571fc566c043
2026-09-08T22:57:15.2303767+00:00 Information System.Net.Http.HttpClient.MinecraftRuntimeManager.ClientHandler Sending HTTP request GET https://resources.download.minecraft.net/b2/b20b932744775da4d0bde116d655571fc566c043
2026-09-08T22:57:15.3997446+00:00 Information System.Net.Http.HttpClient.MinecraftRuntimeManager.ClientHandler Received HTTP response headers after 168.8706ms - 200
2026-09-08T22:57:15.4001245+00:00 Information System.Net.Http.HttpClient.MinecraftRuntimeManager.LogicalHandler End processing HTTP request after 170.0679ms - 200
2026-09-08T22:57:15.4489437+00:00 Information System.Net.Http.HttpClient.MinecraftRuntimeManager.LogicalHandler Start processing HTTP request GET https://resources.download.minecraft.net/f5/f561d0bf12b24221a325b1df2f134b8ba80be42a
2026-09-08T22:57:15.4491785+00:00 Information System.Net.Http.HttpClient.MinecraftRuntimeManager.ClientHandler Sending HTTP request GET https://resources.download.minecraft.net/f5/f561d0bf12b24221a325b1df2f134b8ba80be42a
2026-09-08T22:57:15.6188429+00:00 Information System.Net.Http.HttpClient.MinecraftRuntimeManager.ClientHandler Received HTTP response headers after 169.3295ms - 200
2026-09-08T22:57:15.6194007+00:00 Information System.Net.Http.HttpClient.MinecraftRuntimeManager.LogicalHandler End processing HTTP request after 170.3862ms - 200
2026-09-08T22:57:15.6744159+00:00 Information System.Net.Http.HttpClient.MinecraftRuntimeManager.LogicalHandler Start processing HTTP request GET https://resources.download.minecraft.net/40/4059ebcdb2807ba0b4f888762aa750db5ec5464d
2026-09-08T22:57:15.6747552+00:00 Information System.Net.Http.HttpClient.MinecraftRuntimeManager.ClientHandler Sending HTTP request GET https://resources.download.minecraft.net/40/4059ebcdb2807ba0b4f888762aa750db5ec5464d
2026-09-08T22:57:15.8449909+00:00 Information System.Net.Http.HttpClient.MinecraftRuntimeManager.ClientHandler Received HTTP response headers after 169.8375ms - 200
2026-09-08T22:57:15.8454269+00:00 Information System.Net.Http.HttpClient.MinecraftRuntimeManager.LogicalHandler End processing HTTP request after 171.0119ms - 200
2026-09-08T22:57:16.0606609+00:00 Information System.Net.Http.HttpClient.MinecraftRuntimeManager.LogicalHandler Start processing HTTP request GET https://resources.download.minecraft.net/8b/8b55333633fa2fdbd0faeb2a3258b6fee641c91b
2026-09-08T22:57:16.0608934+00:00 Information System.Net.Http.HttpClient.MinecraftRuntimeManager.ClientHandler Sending HTTP request GET https://resources.download.minecraft.net/8b/8b55333633fa2fdbd0faeb2a3258b6fee641c91b
2026-09-08T22:57:16.2315471+00:00 Information System.Net.Http.HttpClient.MinecraftRuntimeManager.ClientHandler Received HTTP response headers after 170.2596ms - 200
2026-09-08T22:57:16.2320106+00:00 Information System.Net.Http.HttpClient.MinecraftRuntimeManager.LogicalHandler End processing HTTP request after 171.3345ms - 200
2026-09-08T22:57:16.5098134+00:00 Information System.Net.Http.HttpClient.MinecraftRuntimeManager.LogicalHandler Start processing HTTP request GET https://resources.download.minecraft.net/48/488e48de9e4e04c7fb16673b653b7908e864553e
2026-09-08T22:57:16.5100762+00:00 Information System.Net.Http.HttpClient.MinecraftRuntimeManager.ClientHandler Sending HTTP request GET https://resources.download.minecraft.net/48/488e48de9e4e04c7fb16673b653b7908e864553e
2026-09-08T22:57:16.6913241+00:00 Information System.Net.Http.HttpClient.MinecraftRuntimeManager.ClientHandler Received HTTP response headers after 180.8209ms - 200
2026-09-08T22:57:16.6916358+00:00 Information System.Net.Http.HttpClient.MinecraftRuntimeManager.LogicalHandler End processing HTTP request after 181.9046ms - 200
2026-09-08T22:57:17.1574992+00:00 Information System.Net.Http.HttpClient.MinecraftRuntimeManager.LogicalHandler Start processing HTTP request GET https://resources.download.minecraft.net/92/92847bf1d7ae2dd00ea61a522c478455bd909362
2026-09-08T22:57:17.1579652+00:00 Information System.Net.Http.HttpClient.MinecraftRuntimeManager.ClientHandler Sending HTTP request GET https://resources.download.minecraft.net/92/92847bf1d7ae2dd00ea61a522c478455bd909362
2026-09-08T22:57:17.3382946+00:00 Information System.Net.Http.HttpClient.MinecraftRuntimeManager.ClientHandler Received HTTP response headers after 179.9542ms - 200
2026-09-08T22:57:17.3388129+00:00 Information System.Net.Http.HttpClient.MinecraftRuntimeManager.LogicalHandler End processing HTTP request after 181.3095ms - 200
2026-09-08T22:57:17.9666887+00:00 Information System.Net.Http.HttpClient.MinecraftRuntimeManager.LogicalHandler Start processing HTTP request GET https://resources.download.minecraft.net/5d/5d1c18e80237a674710bf2d62088c8f94410def3
2026-09-08T22:57:17.9669511+00:00 Information System.Net.Http.HttpClient.MinecraftRuntimeManager.ClientHandler Sending HTTP request GET https://resources.download.minecraft.net/5d/5d1c18e80237a674710bf2d62088c8f94410def3
2026-09-08T22:57:18.1459062+00:00 Information System.Net.Http.HttpClient.MinecraftRuntimeManager.ClientHandler Received HTTP response headers after 178.6338ms - 200
2026-09-08T22:57:18.1463702+00:00 Information System.Net.Http.HttpClient.MinecraftRuntimeManager.LogicalHandler End processing HTTP request after 179.6322ms - 200
2026-09-08T22:57:18.5739103+00:00 Information System.Net.Http.HttpClient.MinecraftRuntimeManager.LogicalHandler Start processing HTTP request GET https://resources.download.minecraft.net/9f/9fabd82794d43446aa5b9f99990db2a985741b4e
2026-09-08T22:57:18.5743215+00:00 Information System.Net.Http.HttpClient.MinecraftRuntimeManager.ClientHandler Sending HTTP request GET https://resources.download.minecraft.net/9f/9fabd82794d43446aa5b9f99990db2a985741b4e
2026-09-08T22:57:18.7539126+00:00 Information System.Net.Http.HttpClient.MinecraftRuntimeManager.ClientHandler Received HTTP response headers after 179.1504ms - 200
2026-09-08T22:57:18.7546386+00:00 Information System.Net.Http.HttpClient.MinecraftRuntimeManager.LogicalHandler End processing HTTP request after 180.6731ms - 200
2026-09-08T22:57:19.2850204+00:00 Information System.Net.Http.HttpClient.MinecraftRuntimeManager.LogicalHandler Start processing HTTP request GET https://resources.download.minecraft.net/5b/5bf5d3e71941672a8a123a30e0bcdfb5ddfa9e0c
2026-09-08T22:57:19.2852829+00:00 Information System.Net.Http.HttpClient.MinecraftRuntimeManager.ClientHandler Sending HTTP request GET https://resources.download.minecraft.net/5b/5bf5d3e71941672a8a123a30e0bcdfb5ddfa9e0c
2026-09-08T22:57:19.4646176+00:00 Information System.Net.Http.HttpClient.MinecraftRuntimeManager.ClientHandler Received HTTP response headers after 178.9874ms - 200
2026-09-08T22:57:19.4650825+00:00 Information System.Net.Http.HttpClient.MinecraftRuntimeManager.LogicalHandler End processing HTTP request after 180.0431ms - 200
2026-09-08T22:57:19.8519951+00:00 Information System.Net.Http.HttpClient.MinecraftRuntimeManager.LogicalHandler Start processing HTTP request GET https://resources.download.minecraft.net/f7/f73d2b9e7353937b079139b4342cdffbf4b5da29
2026-09-08T22:57:19.8522281+00:00 Information System.Net.Http.HttpClient.MinecraftRuntimeManager.ClientHandler Sending HTTP request GET https://resources.download.minecraft.net/f7/f73d2b9e7353937b079139b4342cdffbf4b5da29
2026-09-08T22:57:20.0304617+00:00 Information System.Net.Http.HttpClient.MinecraftRuntimeManager.ClientHandler Received HTTP response headers after 177.7625ms - 200
2026-09-08T22:57:20.0310344+00:00 Information System.Net.Http.HttpClient.MinecraftRuntimeManager.LogicalHandler End processing HTTP request after 178.9842ms - 200
2026-09-08T22:57:20.4171358+00:00 Information System.Net.Http.HttpClient.MinecraftRuntimeManager.LogicalHandler Start processing HTTP request GET https://resources.download.minecraft.net/50/50d29c22f94cbe3631feb6323babd728ce7962da
2026-09-08T22:57:20.4173810+00:00 Information System.Net.Http.HttpClient.MinecraftRuntimeManager.ClientHandler Sending HTTP request GET https://resources.download.minecraft.net/50/50d29c22f94cbe3631feb6323babd728ce7962da
2026-09-08T22:57:20.5965536+00:00 Information System.Net.Http.HttpClient.MinecraftRuntimeManager.ClientHandler Received HTTP response headers after 178.8558ms - 200
2026-09-08T22:57:20.5969669+00:00 Information System.Net.Http.HttpClient.MinecraftRuntimeManager.LogicalHandler End processing HTTP request after 179.8309ms - 200
2026-09-08T22:57:20.9439627+00:00 Information System.Net.Http.HttpClient.MinecraftRuntimeManager.LogicalHandler Start processing HTTP request GET https://resources.download.minecraft.net/22/221f66e67a07d6b901b2c34b40ec900bef1d8579
2026-09-08T22:57:20.9443118+00:00 Information System.Net.Http.HttpClient.MinecraftRuntimeManager.ClientHandler Sending HTTP request GET https://resources.download.minecraft.net/22/221f66e67a07d6b901b2c34b40ec900bef1d8579
2026-09-08T22:57:21.1219153+00:00 Information System.Net.Http.HttpClient.MinecraftRuntimeManager.ClientHandler Received HTTP response headers after 177.1749ms - 200
2026-09-08T22:57:21.1222345+00:00 Information System.Net.Http.HttpClient.MinecraftRuntimeManager.LogicalHandler End processing HTTP request after 178.3332ms - 200
2026-09-08T22:57:21.4987656+00:00 Information System.Net.Http.HttpClient.MinecraftRuntimeManager.LogicalHandler Start processing HTTP request GET https://resources.download.minecraft.net/4d/4da37fb35f82ba64d4daffbe78d6a1bedb51afa1
2026-09-08T22:57:21.4994957+00:00 Information System.Net.Http.HttpClient.MinecraftRuntimeManager.ClientHandler Sending HTTP request GET https://resources.download.minecraft.net/4d/4da37fb35f82ba64d4daffbe78d6a1bedb51afa1
2026-09-08T22:57:21.6762943+00:00 Information System.Net.Http.HttpClient.MinecraftRuntimeManager.ClientHandler Received HTTP response headers after 176.3925ms - 200
2026-09-08T22:57:21.6766510+00:00 Information System.Net.Http.HttpClient.MinecraftRuntimeManager.LogicalHandler End processing HTTP request after 177.9358ms - 200
2026-09-08T22:57:21.9765485+00:00 Information System.Net.Http.HttpClient.MinecraftRuntimeManager.LogicalHandler Start processing HTTP request GET https://resources.download.minecraft.net/1f/1f7adcd9fff2293499874b318aa9ed32d918fcf5
2026-09-08T22:57:21.9767947+00:00 Information System.Net.Http.HttpClient.MinecraftRuntimeManager.ClientHandler Sending HTTP request GET https://resources.download.minecraft.net/1f/1f7adcd9fff2293499874b318aa9ed32d918fcf5
2026-09-08T22:57:22.1528397+00:00 Information System.Net.Http.HttpClient.MinecraftRuntimeManager.ClientHandler Received HTTP response headers after 175.5977ms - 200
2026-09-08T22:57:22.1531982+00:00 Information System.Net.Http.HttpClient.MinecraftRuntimeManager.LogicalHandler End processing HTTP request after 176.6669ms - 200
2026-09-08T22:57:22.4291276+00:00 Information System.Net.Http.HttpClient.MinecraftRuntimeManager.LogicalHandler Start processing HTTP request GET https://resources.download.minecraft.net/63/6314ab301aed15d5e3c63324d4a555429febd803
2026-09-08T22:57:22.4294778+00:00 Information System.Net.Http.HttpClient.MinecraftRuntimeManager.ClientHandler Sending HTTP request GET https://resources.download.minecraft.net/63/6314ab301aed15d5e3c63324d4a555429febd803
2026-09-08T22:57:22.6057748+00:00 Information System.Net.Http.HttpClient.MinecraftRuntimeManager.ClientHandler Received HTTP response headers after 175.9574ms - 200
2026-09-08T22:57:22.6061042+00:00 Information System.Net.Http.HttpClient.MinecraftRuntimeManager.LogicalHandler End processing HTTP request after 177.0508ms - 200
2026-09-08T22:57:22.8809661+00:00 Information System.Net.Http.HttpClient.MinecraftRuntimeManager.LogicalHandler Start processing HTTP request GET https://resources.download.minecraft.net/ad/ad034dd1d6c2792e3cd759b65ce93974bb6f6be5
2026-09-08T22:57:22.8812375+00:00 Information System.Net.Http.HttpClient.MinecraftRuntimeManager.ClientHandler Sending HTTP request GET https://resources.download.minecraft.net/ad/ad034dd1d6c2792e3cd759b65ce93974bb6f6be5
2026-09-08T22:57:23.0574200+00:00 Information System.Net.Http.HttpClient.MinecraftRuntimeManager.ClientHandler Received HTTP response headers after 175.8023ms - 200
2026-09-08T22:57:23.0581407+00:00 Information System.Net.Http.HttpClient.MinecraftRuntimeManager.LogicalHandler End processing HTTP request after 177.0836ms - 200
2026-09-08T22:57:23.3074423+00:00 Information System.Net.Http.HttpClient.MinecraftRuntimeManager.LogicalHandler Start processing HTTP request GET https://resources.download.minecraft.net/0d/0d06fabd0f514d903781a5b9dae8396c97859a4a
2026-09-08T22:57:23.3078119+00:00 Information System.Net.Http.HttpClient.MinecraftRuntimeManager.ClientHandler Sending HTTP request GET https://resources.download.minecraft.net/0d/0d06fabd0f514d903781a5b9dae8396c97859a4a
2026-09-08T22:57:23.4842364+00:00 Information System.Net.Http.HttpClient.MinecraftRuntimeManager.ClientHandler Received HTTP response headers after 176.0231ms - 200
2026-09-08T22:57:23.4847105+00:00 Information System.Net.Http.HttpClient.MinecraftRuntimeManager.LogicalHandler End processing HTTP request after 177.2619ms - 200
2026-09-08T22:57:23.7958680+00:00 Information System.Net.Http.HttpClient.MinecraftRuntimeManager.LogicalHandler Start processing HTTP request GET https://resources.download.minecraft.net/29/29b5d20f50de281716d80c44fab5872298fb17fa
2026-09-08T22:57:23.7961137+00:00 Information System.Net.Http.HttpClient.MinecraftRuntimeManager.ClientHandler Sending HTTP request GET https://resources.download.minecraft.net/29/29b5d20f50de281716d80c44fab5872298fb17fa
2026-09-08T22:57:23.9710645+00:00 Information System.Net.Http.HttpClient.MinecraftRuntimeManager.ClientHandler Received HTTP response headers after 174.601ms - 200
2026-09-08T22:57:23.9715348+00:00 Information System.Net.Http.HttpClient.MinecraftRuntimeManager.LogicalHandler End processing HTTP request after 175.6525ms - 200
2026-09-08T22:57:24.4000326+00:00 Information System.Net.Http.HttpClient.MinecraftRuntimeManager.LogicalHandler Start processing HTTP request GET https://resources.download.minecraft.net/27/27eba8f03b1909ac3d7ac382f807800848b29a2e
2026-09-08T22:57:24.4003783+00:00 Information System.Net.Http.HttpClient.MinecraftRuntimeManager.ClientHandler Sending HTTP request GET https://resources.download.minecraft.net/27/27eba8f03b1909ac3d7ac382f807800848b29a2e
2026-09-08T22:57:24.5752080+00:00 Information System.Net.Http.HttpClient.MinecraftRuntimeManager.ClientHandler Received HTTP response headers after 174.4798ms - 200
2026-09-08T22:57:24.5755151+00:00 Information System.Net.Http.HttpClient.MinecraftRuntimeManager.LogicalHandler End processing HTTP request after 175.5286ms - 200
2026-09-08T22:57:24.7779448+00:00 Information System.Net.Http.HttpClient.MinecraftRuntimeManager.LogicalHandler Start processing HTTP request GET https://resources.download.minecraft.net/fb/fb7b288ef9db604456b16f4ccf55ac77fef5fd92
2026-09-08T22:57:24.7781970+00:00 Information System.Net.Http.HttpClient.MinecraftRuntimeManager.ClientHandler Sending HTTP request GET https://resources.download.minecraft.net/fb/fb7b288ef9db604456b16f4ccf55ac77fef5fd92
2026-09-08T22:57:24.9527445+00:00 Information System.Net.Http.HttpClient.MinecraftRuntimeManager.ClientHandler Received HTTP response headers after 174.2002ms - 200
2026-09-08T22:57:24.9531681+00:00 Information System.Net.Http.HttpClient.MinecraftRuntimeManager.LogicalHandler End processing HTTP request after 175.1892ms - 200
2026-09-08T22:57:25.1575248+00:00 Information System.Net.Http.HttpClient.MinecraftRuntimeManager.LogicalHandler Start processing HTTP request GET https://resources.download.minecraft.net/14/147128f2de4890b37b42f6edb9c8184b814a24ac
2026-09-08T22:57:25.1578387+00:00 Information System.Net.Http.HttpClient.MinecraftRuntimeManager.ClientHandler Sending HTTP request GET https://resources.download.minecraft.net/14/147128f2de4890b37b42f6edb9c8184b814a24ac
2026-09-08T22:57:25.3309017+00:00 Information System.Net.Http.HttpClient.MinecraftRuntimeManager.ClientHandler Received HTTP response headers after 172.7289ms - 200
2026-09-08T22:57:25.3312728+00:00 Information System.Net.Http.HttpClient.MinecraftRuntimeManager.LogicalHandler End processing HTTP request after 173.763ms - 200
2026-09-08T22:57:25.5338020+00:00 Information System.Net.Http.HttpClient.MinecraftRuntimeManager.LogicalHandler Start processing HTTP request GET https://resources.download.minecraft.net/06/06d130b1e51743eab353020a42266b0837578fb5
2026-09-08T22:57:25.5340478+00:00 Information System.Net.Http.HttpClient.MinecraftRuntimeManager.ClientHandler Sending HTTP request GET https://resources.download.minecraft.net/06/06d130b1e51743eab353020a42266b0837578fb5
2026-09-08T22:57:25.7073769+00:00 Information System.Net.Http.HttpClient.MinecraftRuntimeManager.ClientHandler Received HTTP response headers after 172.9442ms - 200
2026-09-08T22:57:25.7078578+00:00 Information System.Net.Http.HttpClient.MinecraftRuntimeManager.LogicalHandler End processing HTTP request after 174.0762ms - 200
2026-09-08T22:57:25.9056794+00:00 Information System.Net.Http.HttpClient.MinecraftRuntimeManager.LogicalHandler Start processing HTTP request GET https://resources.download.minecraft.net/8d/8d5afd0c5a50f65bf8c6cf7fe934c33d4b088fdf
2026-09-08T22:57:25.9060129+00:00 Information System.Net.Http.HttpClient.MinecraftRuntimeManager.ClientHandler Sending HTTP request GET https://resources.download.minecraft.net/8d/8d5afd0c5a50f65bf8c6cf7fe934c33d4b088fdf
2026-09-08T22:57:26.0804187+00:00 Information System.Net.Http.HttpClient.MinecraftRuntimeManager.ClientHandler Received HTTP response headers after 173.9707ms - 200
2026-09-08T22:57:26.0807876+00:00 Information System.Net.Http.HttpClient.MinecraftRuntimeManager.LogicalHandler End processing HTTP request after 175.1526ms - 200
2026-09-08T22:57:26.2871433+00:00 Information System.Net.Http.HttpClient.MinecraftRuntimeManager.LogicalHandler Start processing HTTP request GET https://resources.download.minecraft.net/9e/9e4bd2cc37cd13a5bbd300b682633ca9c6be9ffd
2026-09-08T22:57:26.2874595+00:00 Information System.Net.Http.HttpClient.MinecraftRuntimeManager.ClientHandler Sending HTTP request GET https://resources.download.minecraft.net/9e/9e4bd2cc37cd13a5bbd300b682633ca9c6be9ffd
2026-09-08T22:57:26.4601522+00:00 Information System.Net.Http.HttpClient.MinecraftRuntimeManager.ClientHandler Received HTTP response headers after 172.2569ms - 200
2026-09-08T22:57:26.4608384+00:00 Information System.Net.Http.HttpClient.MinecraftRuntimeManager.LogicalHandler End processing HTTP request after 173.5444ms - 200
2026-09-08T22:57:26.7023516+00:00 Information System.Net.Http.HttpClient.MinecraftRuntimeManager.LogicalHandler Start processing HTTP request GET https://resources.download.minecraft.net/7b/7b37dd1aeb11df21d9a94b617f6d1683d4bef209
2026-09-08T22:57:26.7026449+00:00 Information System.Net.Http.HttpClient.MinecraftRuntimeManager.ClientHandler Sending HTTP request GET https://resources.download.minecraft.net/7b/7b37dd1aeb11df21d9a94b617f6d1683d4bef209
2026-09-08T22:57:26.8767322+00:00 Information System.Net.Http.HttpClient.MinecraftRuntimeManager.ClientHandler Received HTTP response headers after 173.7309ms - 200
2026-09-08T22:57:26.8771051+00:00 Information System.Net.Http.HttpClient.MinecraftRuntimeManager.LogicalHandler End processing HTTP request after 174.7775ms - 200
2026-09-08T22:57:27.0811729+00:00 Information System.Net.Http.HttpClient.MinecraftRuntimeManager.LogicalHandler Start processing HTTP request GET https://resources.download.minecraft.net/62/62db9f97973d4259bcfdddd6a2b34225c02d439e
2026-09-08T22:57:27.0814651+00:00 Information System.Net.Http.HttpClient.MinecraftRuntimeManager.ClientHandler Sending HTTP request GET https://resources.download.minecraft.net/62/62db9f97973d4259bcfdddd6a2b34225c02d439e
2026-09-08T22:57:27.2553966+00:00 Information System.Net.Http.HttpClient.MinecraftRuntimeManager.ClientHandler Received HTTP response headers after 173.6126ms - 200
2026-09-08T22:57:27.2558639+00:00 Information System.Net.Http.HttpClient.MinecraftRuntimeManager.LogicalHandler End processing HTTP request after 174.6896ms - 200
2026-09-08T22:57:27.4571217+00:00 Information System.Net.Http.HttpClient.MinecraftRuntimeManager.LogicalHandler Start processing HTTP request GET https://resources.download.minecraft.net/1a/1a70d467de4d8c97d1a529634a31a5f2ce561e98
2026-09-08T22:57:27.4574339+00:00 Information System.Net.Http.HttpClient.MinecraftRuntimeManager.ClientHandler Sending HTTP request GET https://resources.download.minecraft.net/1a/1a70d467de4d8c97d1a529634a31a5f2ce561e98
2026-09-08T22:57:27.6336575+00:00 Information System.Net.Http.HttpClient.MinecraftRuntimeManager.ClientHandler Received HTTP response headers after 175.783ms - 200
2026-09-08T22:57:27.6342707+00:00 Information System.Net.Http.HttpClient.MinecraftRuntimeManager.LogicalHandler End processing HTTP request after 177.0784ms - 200
2026-09-08T22:57:27.8320569+00:00 Information System.Net.Http.HttpClient.MinecraftRuntimeManager.LogicalHandler Start processing HTTP request GET https://resources.download.minecraft.net/25/251f63e1abd48ad8ca4c723325404c3c4fc946bb
2026-09-08T22:57:27.8322997+00:00 Information System.Net.Http.HttpClient.MinecraftRuntimeManager.ClientHandler Sending HTTP request GET https://resources.download.minecraft.net/25/251f63e1abd48ad8ca4c723325404c3c4fc946bb
2026-09-08T22:57:28.0068021+00:00 Information System.Net.Http.HttpClient.MinecraftRuntimeManager.ClientHandler Received HTTP response headers after 174.2275ms - 200
2026-09-08T22:57:28.0071660+00:00 Information System.Net.Http.HttpClient.MinecraftRuntimeManager.LogicalHandler End processing HTTP request after 175.0629ms - 200
2026-09-08T22:57:28.3654389+00:00 Information System.Net.Http.HttpClient.MinecraftRuntimeManager.LogicalHandler Start processing HTTP request GET https://resources.download.minecraft.net/af/af3a9d3bead0b68314c497915e4803fdd7695261
2026-09-08T22:57:28.3657288+00:00 Information System.Net.Http.HttpClient.MinecraftRuntimeManager.ClientHandler Sending HTTP request GET https://resources.download.minecraft.net/af/af3a9d3bead0b68314c497915e4803fdd7695261
2026-09-08T22:57:28.5387203+00:00 Information System.Net.Http.HttpClient.MinecraftRuntimeManager.ClientHandler Received HTTP response headers after 172.619ms - 200
2026-09-08T22:57:28.5391238+00:00 Information System.Net.Http.HttpClient.MinecraftRuntimeManager.LogicalHandler End processing HTTP request after 173.7009ms - 200
2026-09-08T22:57:28.8986340+00:00 Information System.Net.Http.HttpClient.MinecraftRuntimeManager.LogicalHandler Start processing HTTP request GET https://resources.download.minecraft.net/c1/c138af9faba3f6e90ad1e93b79b02bd083ee83cf
2026-09-08T22:57:28.8989024+00:00 Information System.Net.Http.HttpClient.MinecraftRuntimeManager.ClientHandler Sending HTTP request GET https://resources.download.minecraft.net/c1/c138af9faba3f6e90ad1e93b79b02bd083ee83cf
2026-09-08T22:57:29.0745656+00:00 Information System.Net.Http.HttpClient.MinecraftRuntimeManager.ClientHandler Received HTTP response headers after 175.3657ms - 200
2026-09-08T22:57:29.0749242+00:00 Information System.Net.Http.HttpClient.MinecraftRuntimeManager.LogicalHandler End processing HTTP request after 176.3239ms - 200
2026-09-08T22:57:29.3766803+00:00 Information System.Net.Http.HttpClient.MinecraftRuntimeManager.LogicalHandler Start processing HTTP request GET https://resources.download.minecraft.net/41/413564be3bb728eb4113348a0bc004059c8f9dfa
2026-09-08T22:57:29.3769475+00:00 Information System.Net.Http.HttpClient.MinecraftRuntimeManager.ClientHandler Sending HTTP request GET https://resources.download.minecraft.net/41/413564be3bb728eb4113348a0bc004059c8f9dfa
2026-09-08T22:57:29.5513596+00:00 Information System.Net.Http.HttpClient.MinecraftRuntimeManager.ClientHandler Received HTTP response headers after 173.9639ms - 200
2026-09-08T22:57:29.5517331+00:00 Information System.Net.Http.HttpClient.MinecraftRuntimeManager.LogicalHandler End processing HTTP request after 175.0814ms - 200
2026-09-08T22:57:29.7501014+00:00 Information System.Net.Http.HttpClient.MinecraftRuntimeManager.LogicalHandler Start processing HTTP request GET https://resources.download.minecraft.net/f7/f745dee7804eb2707b1a5bc557ea3a66e4581b65
2026-09-08T22:57:29.7503520+00:00 Information System.Net.Http.HttpClient.MinecraftRuntimeManager.ClientHandler Sending HTTP request GET https://resources.download.minecraft.net/f7/f745dee7804eb2707b1a5bc557ea3a66e4581b65
2026-09-08T22:57:29.9282624+00:00 Information System.Net.Http.HttpClient.MinecraftRuntimeManager.ClientHandler Received HTTP response headers after 177.5955ms - 200
2026-09-08T22:57:29.9286065+00:00 Information System.Net.Http.HttpClient.MinecraftRuntimeManager.LogicalHandler End processing HTTP request after 178.4946ms - 200
2026-09-08T22:57:30.1236078+00:00 Information System.Net.Http.HttpClient.MinecraftRuntimeManager.LogicalHandler Start processing HTTP request GET https://resources.download.minecraft.net/05/050b6ac8726e6152405e0db49ede40c996e208f0
2026-09-08T22:57:30.1238372+00:00 Information System.Net.Http.HttpClient.MinecraftRuntimeManager.ClientHandler Sending HTTP request GET https://resources.download.minecraft.net/05/050b6ac8726e6152405e0db49ede40c996e208f0
2026-09-08T22:57:30.2974181+00:00 Information System.Net.Http.HttpClient.MinecraftRuntimeManager.ClientHandler Received HTTP response headers after 173.2761ms - 200
2026-09-08T22:57:30.2980266+00:00 Information System.Net.Http.HttpClient.MinecraftRuntimeManager.LogicalHandler End processing HTTP request after 174.3953ms - 200
2026-09-08T22:57:30.5230114+00:00 Information System.Net.Http.HttpClient.MinecraftRuntimeManager.LogicalHandler Start processing HTTP request GET https://resources.download.minecraft.net/d8/d81b61208561dca50886d2f6e0f3fc78b41a2e68
2026-09-08T22:57:30.5232562+00:00 Information System.Net.Http.HttpClient.MinecraftRuntimeManager.ClientHandler Sending HTTP request GET https://resources.download.minecraft.net/d8/d81b61208561dca50886d2f6e0f3fc78b41a2e68
2026-09-08T22:57:30.6974193+00:00 Information System.Net.Http.HttpClient.MinecraftRuntimeManager.ClientHandler Received HTTP response headers after 173.689ms - 200
2026-09-08T22:57:30.6978600+00:00 Information System.Net.Http.HttpClient.MinecraftRuntimeManager.LogicalHandler End processing HTTP request after 174.8413ms - 200
2026-09-08T22:57:30.8928223+00:00 Information System.Net.Http.HttpClient.MinecraftRuntimeManager.LogicalHandler Start processing HTTP request GET https://resources.download.minecraft.net/79/799397b924cb8bd09c1064134a6d82e81cda8d34
2026-09-08T22:57:30.8930816+00:00 Information System.Net.Http.HttpClient.MinecraftRuntimeManager.ClientHandler Sending HTTP request GET https://resources.download.minecraft.net/79/799397b924cb8bd09c1064134a6d82e81cda8d34
2026-09-08T22:57:31.0669285+00:00 Information System.Net.Http.HttpClient.MinecraftRuntimeManager.ClientHandler Received HTTP response headers after 173.5047ms - 200
2026-09-08T22:57:31.0673807+00:00 Information System.Net.Http.HttpClient.MinecraftRuntimeManager.LogicalHandler End processing HTTP request after 174.536ms - 200
2026-09-08T22:57:31.2654843+00:00 Information System.Net.Http.HttpClient.MinecraftRuntimeManager.LogicalHandler Start processing HTTP request GET https://resources.download.minecraft.net/f1/f19fe7a77d609e018ca651f38794ffbe36667d42
2026-09-08T22:57:31.2657704+00:00 Information System.Net.Http.HttpClient.MinecraftRuntimeManager.ClientHandler Sending HTTP request GET https://resources.download.minecraft.net/f1/f19fe7a77d609e018ca651f38794ffbe36667d42
2026-09-08T22:57:31.4417086+00:00 Information System.Net.Http.HttpClient.MinecraftRuntimeManager.ClientHandler Received HTTP response headers after 175.4931ms - 200
2026-09-08T22:57:31.4423419+00:00 Information System.Net.Http.HttpClient.MinecraftRuntimeManager.LogicalHandler End processing HTTP request after 176.8465ms - 200
2026-09-08T22:57:31.6271103+00:00 Information System.Net.Http.HttpClient.MinecraftRuntimeManager.LogicalHandler Start processing HTTP request GET https://resources.download.minecraft.net/7a/7ab863c50309f819bc70c6ab4e1bb6d97acf937b
2026-09-08T22:57:31.6275121+00:00 Information System.Net.Http.HttpClient.MinecraftRuntimeManager.ClientHandler Sending HTTP request GET https://resources.download.minecraft.net/7a/7ab863c50309f819bc70c6ab4e1bb6d97acf937b
2026-09-08T22:57:31.8019841+00:00 Information System.Net.Http.HttpClient.MinecraftRuntimeManager.ClientHandler Received HTTP response headers after 174.0389ms - 200
2026-09-08T22:57:31.8023768+00:00 Information System.Net.Http.HttpClient.MinecraftRuntimeManager.LogicalHandler End processing HTTP request after 175.2905ms - 200
2026-09-08T22:57:31.9928056+00:00 Information System.Net.Http.HttpClient.MinecraftRuntimeManager.LogicalHandler Start processing HTTP request GET https://resources.download.minecraft.net/f9/f957defd7c21c9757abae92b5d0730966523a18e
2026-09-08T22:57:31.9931259+00:00 Information System.Net.Http.HttpClient.MinecraftRuntimeManager.ClientHandler Sending HTTP request GET https://resources.download.minecraft.net/f9/f957defd7c21c9757abae92b5d0730966523a18e
2026-09-08T22:57:32.1682474+00:00 Information System.Net.Http.HttpClient.MinecraftRuntimeManager.ClientHandler Received HTTP response headers after 174.7754ms - 200
2026-09-08T22:57:32.1687435+00:00 Information System.Net.Http.HttpClient.MinecraftRuntimeManager.LogicalHandler End processing HTTP request after 175.8671ms - 200
2026-09-08T22:57:32.3857100+00:00 Information System.Net.Http.HttpClient.MinecraftRuntimeManager.LogicalHandler Start processing HTTP request GET https://resources.download.minecraft.net/b9/b90b439a6a0225898b626fe38bbb2bb746d1d0ff
2026-09-08T22:57:32.3859906+00:00 Information System.Net.Http.HttpClient.MinecraftRuntimeManager.ClientHandler Sending HTTP request GET https://resources.download.minecraft.net/b9/b90b439a6a0225898b626fe38bbb2bb746d1d0ff
2026-09-08T22:57:32.5601122+00:00 Information System.Net.Http.HttpClient.MinecraftRuntimeManager.ClientHandler Received HTTP response headers after 173.7575ms - 200
2026-09-08T22:57:32.5605150+00:00 Information System.Net.Http.HttpClient.MinecraftRuntimeManager.LogicalHandler End processing HTTP request after 174.8006ms - 200
2026-09-08T22:57:32.7395287+00:00 Information System.Net.Http.HttpClient.MinecraftRuntimeManager.LogicalHandler Start processing HTTP request GET https://resources.download.minecraft.net/27/27778a066ce3195dceace754ceab2d88f6d84d71
2026-09-08T22:57:32.7397996+00:00 Information System.Net.Http.HttpClient.MinecraftRuntimeManager.ClientHandler Sending HTTP request GET https://resources.download.minecraft.net/27/27778a066ce3195dceace754ceab2d88f6d84d71
2026-09-08T22:57:33.2480770+00:00 Information System.Net.Http.HttpClient.MinecraftRuntimeManager.ClientHandler Received HTTP response headers after 507.9087ms - 200
2026-09-08T22:57:33.2484959+00:00 Information System.Net.Http.HttpClient.MinecraftRuntimeManager.LogicalHandler End processing HTTP request after 508.991ms - 200
2026-09-08T22:57:33.4326328+00:00 Information System.Net.Http.HttpClient.MinecraftRuntimeManager.LogicalHandler Start processing HTTP request GET https://resources.download.minecraft.net/a2/a219370ce47b7eebcb626c963574bfe9ca588a32
2026-09-08T22:57:33.4329334+00:00 Information System.Net.Http.HttpClient.MinecraftRuntimeManager.ClientHandler Sending HTTP request GET https://resources.download.minecraft.net/a2/a219370ce47b7eebcb626c963574bfe9ca588a32
2026-09-08T22:57:34.0823123+00:00 Information System.Net.Http.HttpClient.MinecraftRuntimeManager.ClientHandler Received HTTP response headers after 648.9625ms - 200
2026-09-08T22:57:34.0827925+00:00 Information System.Net.Http.HttpClient.MinecraftRuntimeManager.LogicalHandler End processing HTTP request after 650.1882ms - 200
2026-09-08T22:57:34.0967257+00:00 Information System.Net.Http.HttpClient.MinecraftRuntimeManager.LogicalHandler Start processing HTTP request GET https://resources.download.minecraft.net/d1/d17ea5291072050467e645c903e02bd648733e3a
2026-09-08T22:57:34.0970066+00:00 Information System.Net.Http.HttpClient.MinecraftRuntimeManager.ClientHandler Sending HTTP request GET https://resources.download.minecraft.net/d1/d17ea5291072050467e645c903e02bd648733e3a
2026-09-08T22:57:34.2699540+00:00 Information System.Net.Http.HttpClient.MinecraftRuntimeManager.ClientHandler Received HTTP response headers after 172.6459ms - 200
2026-09-08T22:57:34.2702971+00:00 Information System.Net.Http.HttpClient.MinecraftRuntimeManager.LogicalHandler End processing HTTP request after 173.5942ms - 200
2026-09-08T22:57:34.4751357+00:00 Information System.Net.Http.HttpClient.MinecraftRuntimeManager.LogicalHandler Start processing HTTP request GET https://resources.download.minecraft.net/6f/6f9664f4654a823c9532e3b8570d1807b53de47e
2026-09-08T22:57:34.4754213+00:00 Information System.Net.Http.HttpClient.MinecraftRuntimeManager.ClientHandler Sending HTTP request GET https://resources.download.minecraft.net/6f/6f9664f4654a823c9532e3b8570d1807b53de47e
2026-09-08T22:57:34.6503947+00:00 Information System.Net.Http.HttpClient.MinecraftRuntimeManager.ClientHandler Received HTTP response headers after 174.506ms - 200
2026-09-08T22:57:34.6507998+00:00 Information System.Net.Http.HttpClient.MinecraftRuntimeManager.LogicalHandler End processing HTTP request after 175.6976ms - 200
2026-09-08T22:57:34.8387876+00:00 Information System.Net.Http.HttpClient.MinecraftRuntimeManager.LogicalHandler Start processing HTTP request GET https://resources.download.minecraft.net/a6/a65c2ef4f78411c0b704907c6c200a442330e07a
2026-09-08T22:57:34.8391082+00:00 Information System.Net.Http.HttpClient.MinecraftRuntimeManager.ClientHandler Sending HTTP request GET https://resources.download.minecraft.net/a6/a65c2ef4f78411c0b704907c6c200a442330e07a
2026-09-08T22:57:35.0134702+00:00 Information System.Net.Http.HttpClient.MinecraftRuntimeManager.ClientHandler Received HTTP response headers after 173.9745ms - 200
2026-09-08T22:57:35.0138758+00:00 Information System.Net.Http.HttpClient.MinecraftRuntimeManager.LogicalHandler End processing HTTP request after 175.0532ms - 200
2026-09-08T22:57:35.1999373+00:00 Information System.Net.Http.HttpClient.MinecraftRuntimeManager.LogicalHandler Start processing HTTP request GET https://resources.download.minecraft.net/69/69301f426cbe6e59f601a9d4af00b2a859bca087
2026-09-08T22:57:35.2001722+00:00 Information System.Net.Http.HttpClient.MinecraftRuntimeManager.ClientHandler Sending HTTP request GET https://resources.download.minecraft.net/69/69301f426cbe6e59f601a9d4af00b2a859bca087
2026-09-08T22:57:35.3773988+00:00 Information System.Net.Http.HttpClient.MinecraftRuntimeManager.ClientHandler Received HTTP response headers after 176.7543ms - 200
2026-09-08T22:57:35.3779166+00:00 Information System.Net.Http.HttpClient.MinecraftRuntimeManager.LogicalHandler End processing HTTP request after 177.9876ms - 200
2026-09-08T22:57:35.5542042+00:00 Information System.Net.Http.HttpClient.MinecraftRuntimeManager.LogicalHandler Start processing HTTP request GET https://resources.download.minecraft.net/0c/0cf8d4ab558c6e0a4603d440a5523362f37d7ed1
2026-09-08T22:57:35.5544495+00:00 Information System.Net.Http.HttpClient.MinecraftRuntimeManager.ClientHandler Sending HTTP request GET https://resources.download.minecraft.net/0c/0cf8d4ab558c6e0a4603d440a5523362f37d7ed1
2026-09-08T22:57:35.7276359+00:00 Information System.Net.Http.HttpClient.MinecraftRuntimeManager.ClientHandler Received HTTP response headers after 172.8006ms - 200
2026-09-08T22:57:35.7280994+00:00 Information System.Net.Http.HttpClient.MinecraftRuntimeManager.LogicalHandler End processing HTTP request after 173.833ms - 200
2026-09-08T22:57:35.9131057+00:00 Information System.Net.Http.HttpClient.MinecraftRuntimeManager.LogicalHandler Start processing HTTP request GET https://resources.download.minecraft.net/56/568b49d236a49cf9fde1edec8d762acbb5076d90
2026-09-08T22:57:35.9134200+00:00 Information System.Net.Http.HttpClient.MinecraftRuntimeManager.ClientHandler Sending HTTP request GET https://resources.download.minecraft.net/56/568b49d236a49cf9fde1edec8d762acbb5076d90
2026-09-08T22:57:36.0876690+00:00 Information System.Net.Http.HttpClient.MinecraftRuntimeManager.ClientHandler Received HTTP response headers after 173.8953ms - 200
2026-09-08T22:57:36.0882947+00:00 Information System.Net.Http.HttpClient.MinecraftRuntimeManager.LogicalHandler End processing HTTP request after 175.0909ms - 200
2026-09-08T22:57:36.2649194+00:00 Information System.Net.Http.HttpClient.MinecraftRuntimeManager.LogicalHandler Start processing HTTP request GET https://resources.download.minecraft.net/ea/eae462d26746d52febdffabd1151d425fb70d477
2026-09-08T22:57:36.2651656+00:00 Information System.Net.Http.HttpClient.MinecraftRuntimeManager.ClientHandler Sending HTTP request GET https://resources.download.minecraft.net/ea/eae462d26746d52febdffabd1151d425fb70d477
2026-09-08T22:57:36.4392771+00:00 Information System.Net.Http.HttpClient.MinecraftRuntimeManager.ClientHandler Received HTTP response headers after 173.8143ms - 200
2026-09-08T22:57:36.4396109+00:00 Information System.Net.Http.HttpClient.MinecraftRuntimeManager.LogicalHandler End processing HTTP request after 174.7153ms - 200
2026-09-08T22:57:36.6220120+00:00 Information System.Net.Http.HttpClient.MinecraftRuntimeManager.LogicalHandler Start processing HTTP request GET https://resources.download.minecraft.net/ba/babc520d8f55b1b76d6cac4c6550708bcdf692aa
2026-09-08T22:57:36.6222626+00:00 Information System.Net.Http.HttpClient.MinecraftRuntimeManager.ClientHandler Sending HTTP request GET https://resources.download.minecraft.net/ba/babc520d8f55b1b76d6cac4c6550708bcdf692aa
2026-09-08T22:57:36.7967497+00:00 Information System.Net.Http.HttpClient.MinecraftRuntimeManager.ClientHandler Received HTTP response headers after 174.1437ms - 200
2026-09-08T22:57:36.7970905+00:00 Information System.Net.Http.HttpClient.MinecraftRuntimeManager.LogicalHandler End processing HTTP request after 175.1092ms - 200
2026-09-08T22:57:37.0412523+00:00 Information System.Net.Http.HttpClient.MinecraftRuntimeManager.LogicalHandler Start processing HTTP request GET https://resources.download.minecraft.net/cc/cc5eac36b0d1c9744724a88b916d5e07c53cb236
2026-09-08T22:57:37.0415543+00:00 Information System.Net.Http.HttpClient.MinecraftRuntimeManager.ClientHandler Sending HTTP request GET https://resources.download.minecraft.net/cc/cc5eac36b0d1c9744724a88b916d5e07c53cb236
2026-09-08T22:57:37.2152652+00:00 Information System.Net.Http.HttpClient.MinecraftRuntimeManager.ClientHandler Received HTTP response headers after 173.3297ms - 200
2026-09-08T22:57:37.2155872+00:00 Information System.Net.Http.HttpClient.MinecraftRuntimeManager.LogicalHandler End processing HTTP request after 174.3699ms - 200
2026-09-08T22:57:37.5010444+00:00 Information System.Net.Http.HttpClient.MinecraftRuntimeManager.LogicalHandler Start processing HTTP request GET https://resources.download.minecraft.net/7c/7c86f48e86354f5173bbdf8cc8a5ce9014b12702
2026-09-08T22:57:37.5012898+00:00 Information System.Net.Http.HttpClient.MinecraftRuntimeManager.ClientHandler Sending HTTP request GET https://resources.download.minecraft.net/7c/7c86f48e86354f5173bbdf8cc8a5ce9014b12702
2026-09-08T22:57:37.6750409+00:00 Information System.Net.Http.HttpClient.MinecraftRuntimeManager.ClientHandler Received HTTP response headers after 173.4283ms - 200
2026-09-08T22:57:37.6754987+00:00 Information System.Net.Http.HttpClient.MinecraftRuntimeManager.LogicalHandler End processing HTTP request after 174.375ms - 200
2026-09-08T22:57:37.8574314+00:00 Information System.Net.Http.HttpClient.MinecraftRuntimeManager.LogicalHandler Start processing HTTP request GET https://resources.download.minecraft.net/87/87c02a995569f06182307c1af6d15bc6c4b1a216
2026-09-08T22:57:37.8577128+00:00 Information System.Net.Http.HttpClient.MinecraftRuntimeManager.ClientHandler Sending HTTP request GET https://resources.download.minecraft.net/87/87c02a995569f06182307c1af6d15bc6c4b1a216
2026-09-08T22:57:38.0324445+00:00 Information System.Net.Http.HttpClient.MinecraftRuntimeManager.ClientHandler Received HTTP response headers after 174.2752ms - 200
2026-09-08T22:57:38.0328639+00:00 Information System.Net.Http.HttpClient.MinecraftRuntimeManager.LogicalHandler End processing HTTP request after 175.4819ms - 200
2026-09-08T22:57:38.4765007+00:00 Information System.Net.Http.HttpClient.MinecraftRuntimeManager.LogicalHandler Start processing HTTP request GET https://resources.download.minecraft.net/ae/ae1336750bad9fcab31c9ddf6d00f11fc586ef78
2026-09-08T22:57:38.4767959+00:00 Information System.Net.Http.HttpClient.MinecraftRuntimeManager.ClientHandler Sending HTTP request GET https://resources.download.minecraft.net/ae/ae1336750bad9fcab31c9ddf6d00f11fc586ef78
2026-09-08T22:57:38.6504095+00:00 Information System.Net.Http.HttpClient.MinecraftRuntimeManager.ClientHandler Received HTTP response headers after 173.2432ms - 200
2026-09-08T22:57:38.6513628+00:00 Information System.Net.Http.HttpClient.MinecraftRuntimeManager.LogicalHandler End processing HTTP request after 174.8574ms - 200
2026-09-08T22:57:38.8430515+00:00 Information System.Net.Http.HttpClient.MinecraftRuntimeManager.LogicalHandler Start processing HTTP request GET https://resources.download.minecraft.net/11/11fe272d5e5536496d8438e0b4fdb296f3f9a5f1
2026-09-08T22:57:38.8435715+00:00 Information System.Net.Http.HttpClient.MinecraftRuntimeManager.ClientHandler Sending HTTP request GET https://resources.download.minecraft.net/11/11fe272d5e5536496d8438e0b4fdb296f3f9a5f1
2026-09-08T22:57:39.0187429+00:00 Information System.Net.Http.HttpClient.MinecraftRuntimeManager.ClientHandler Received HTTP response headers after 174.7069ms - 200
2026-09-08T22:57:39.0190583+00:00 Information System.Net.Http.HttpClient.MinecraftRuntimeManager.LogicalHandler End processing HTTP request after 176.0514ms - 200
2026-09-08T22:57:39.1794257+00:00 Information System.Net.Http.HttpClient.MinecraftRuntimeManager.LogicalHandler Start processing HTTP request GET https://resources.download.minecraft.net/cf/cf0f813289d30cd18bcb6b2756cde78c032e315d
2026-09-08T22:57:39.1796763+00:00 Information System.Net.Http.HttpClient.MinecraftRuntimeManager.ClientHandler Sending HTTP request GET https://resources.download.minecraft.net/cf/cf0f813289d30cd18bcb6b2756cde78c032e315d
2026-09-08T22:57:39.3529354+00:00 Information System.Net.Http.HttpClient.MinecraftRuntimeManager.ClientHandler Received HTTP response headers after 172.9214ms - 200
2026-09-08T22:57:39.3533633+00:00 Information System.Net.Http.HttpClient.MinecraftRuntimeManager.LogicalHandler End processing HTTP request after 173.892ms - 200
2026-09-08T22:57:39.5632744+00:00 Information System.Net.Http.HttpClient.MinecraftRuntimeManager.LogicalHandler Start processing HTTP request GET https://resources.download.minecraft.net/ff/ffa5cff708744c79c696f6f0cddc089b2bbfbfb3
2026-09-08T22:57:39.5635167+00:00 Information System.Net.Http.HttpClient.MinecraftRuntimeManager.ClientHandler Sending HTTP request GET https://resources.download.minecraft.net/ff/ffa5cff708744c79c696f6f0cddc089b2bbfbfb3
2026-09-08T22:57:39.7367993+00:00 Information System.Net.Http.HttpClient.MinecraftRuntimeManager.ClientHandler Received HTTP response headers after 172.9494ms - 200
2026-09-08T22:57:39.7374090+00:00 Information System.Net.Http.HttpClient.MinecraftRuntimeManager.LogicalHandler End processing HTTP request after 174.0703ms - 200
2026-09-08T22:57:40.0882018+00:00 Information System.Net.Http.HttpClient.MinecraftRuntimeManager.LogicalHandler Start processing HTTP request GET https://resources.download.minecraft.net/09/0918eedb5c0d5fb1a2690a4efb4eddcbb4623a2e
2026-09-08T22:57:40.0885731+00:00 Information System.Net.Http.HttpClient.MinecraftRuntimeManager.ClientHandler Sending HTTP request GET https://resources.download.minecraft.net/09/0918eedb5c0d5fb1a2690a4efb4eddcbb4623a2e
2026-09-08T22:57:40.2620226+00:00 Information System.Net.Http.HttpClient.MinecraftRuntimeManager.ClientHandler Received HTTP response headers after 173.0843ms - 200
2026-09-08T22:57:40.2623950+00:00 Information System.Net.Http.HttpClient.MinecraftRuntimeManager.LogicalHandler End processing HTTP request after 174.2434ms - 200
2026-09-08T22:57:40.4073520+00:00 Information System.Net.Http.HttpClient.MinecraftRuntimeManager.LogicalHandler Start processing HTTP request GET https://resources.download.minecraft.net/8f/8f3d9e914880fc4c3881b27c59db263a42404e01
2026-09-08T22:57:40.4075885+00:00 Information System.Net.Http.HttpClient.MinecraftRuntimeManager.ClientHandler Sending HTTP request GET https://resources.download.minecraft.net/8f/8f3d9e914880fc4c3881b27c59db263a42404e01
2026-09-08T22:57:40.5801434+00:00 Information System.Net.Http.HttpClient.MinecraftRuntimeManager.ClientHandler Received HTTP response headers after 172.2255ms - 200
2026-09-08T22:57:40.5805193+00:00 Information System.Net.Http.HttpClient.MinecraftRuntimeManager.LogicalHandler End processing HTTP request after 173.1897ms - 200
2026-09-08T22:57:40.7334846+00:00 Information System.Net.Http.HttpClient.MinecraftRuntimeManager.LogicalHandler Start processing HTTP request GET https://resources.download.minecraft.net/15/157891f226c7ec75222ea26e77c474c7946a7025
2026-09-08T22:57:40.7338101+00:00 Information System.Net.Http.HttpClient.MinecraftRuntimeManager.ClientHandler Sending HTTP request GET https://resources.download.minecraft.net/15/157891f226c7ec75222ea26e77c474c7946a7025
2026-09-08T22:57:40.9074833+00:00 Information System.Net.Http.HttpClient.MinecraftRuntimeManager.ClientHandler Received HTTP response headers after 173.0835ms - 200
2026-09-08T22:57:40.9078038+00:00 Information System.Net.Http.HttpClient.MinecraftRuntimeManager.LogicalHandler End processing HTTP request after 174.3486ms - 200
2026-09-08T22:57:41.1297610+00:00 Information System.Net.Http.HttpClient.MinecraftRuntimeManager.LogicalHandler Start processing HTTP request GET https://resources.download.minecraft.net/44/44d1e59b6b6ffe43730617a80cf58eb438c306dc
2026-09-08T22:57:41.1300550+00:00 Information System.Net.Http.HttpClient.MinecraftRuntimeManager.ClientHandler Sending HTTP request GET https://resources.download.minecraft.net/44/44d1e59b6b6ffe43730617a80cf58eb438c306dc
2026-09-08T22:57:41.3034003+00:00 Information System.Net.Http.HttpClient.MinecraftRuntimeManager.ClientHandler Received HTTP response headers after 173.0029ms - 200
2026-09-08T22:57:41.3038363+00:00 Information System.Net.Http.HttpClient.MinecraftRuntimeManager.LogicalHandler End processing HTTP request after 174.0729ms - 200
2026-09-08T22:57:41.5116618+00:00 Information System.Net.Http.HttpClient.MinecraftRuntimeManager.LogicalHandler Start processing HTTP request GET https://resources.download.minecraft.net/bc/bc3581a68d05492f73ee54f5b552dfa3e639557e
2026-09-08T22:57:41.5118918+00:00 Information System.Net.Http.HttpClient.MinecraftRuntimeManager.ClientHandler Sending HTTP request GET https://resources.download.minecraft.net/bc/bc3581a68d05492f73ee54f5b552dfa3e639557e
2026-09-08T22:57:41.6850496+00:00 Information System.Net.Http.HttpClient.MinecraftRuntimeManager.ClientHandler Received HTTP response headers after 172.792ms - 200
2026-09-08T22:57:41.6854441+00:00 Information System.Net.Http.HttpClient.MinecraftRuntimeManager.LogicalHandler End processing HTTP request after 173.8025ms - 200
2026-09-08T22:57:41.8333146+00:00 Information System.Net.Http.HttpClient.MinecraftRuntimeManager.LogicalHandler Start processing HTTP request GET https://resources.download.minecraft.net/7f/7f80ca07cb2bf3d472015ad4a3a713804659e9a4
2026-09-08T22:57:41.8336973+00:00 Information System.Net.Http.HttpClient.MinecraftRuntimeManager.ClientHandler Sending HTTP request GET https://resources.download.minecraft.net/7f/7f80ca07cb2bf3d472015ad4a3a713804659e9a4
2026-09-08T22:57:42.0093242+00:00 Information System.Net.Http.HttpClient.MinecraftRuntimeManager.ClientHandler Received HTTP response headers after 175.1463ms - 200
2026-09-08T22:57:42.0097666+00:00 Information System.Net.Http.HttpClient.MinecraftRuntimeManager.LogicalHandler End processing HTTP request after 176.4521ms - 200
2026-09-08T22:57:42.1577290+00:00 Information System.Net.Http.HttpClient.MinecraftRuntimeManager.LogicalHandler Start processing HTTP request GET https://resources.download.minecraft.net/2d/2d28e42bcc62bcf9953e23b3ca378955ee0a5ae2
2026-09-08T22:57:42.1580020+00:00 Information System.Net.Http.HttpClient.MinecraftRuntimeManager.ClientHandler Sending HTTP request GET https://resources.download.minecraft.net/2d/2d28e42bcc62bcf9953e23b3ca378955ee0a5ae2
2026-09-08T22:57:42.3312512+00:00 Information System.Net.Http.HttpClient.MinecraftRuntimeManager.ClientHandler Received HTTP response headers after 172.9011ms - 200
2026-09-08T22:57:42.3316359+00:00 Information System.Net.Http.HttpClient.MinecraftRuntimeManager.LogicalHandler End processing HTTP request after 173.9389ms - 200
2026-09-08T22:57:42.5812211+00:00 Information System.Net.Http.HttpClient.MinecraftRuntimeManager.LogicalHandler Start processing HTTP request GET https://resources.download.minecraft.net/17/17bc56512cb3de1225420d41b61aac90a208dde0
2026-09-08T22:57:42.5815057+00:00 Information System.Net.Http.HttpClient.MinecraftRuntimeManager.ClientHandler Sending HTTP request GET https://resources.download.minecraft.net/17/17bc56512cb3de1225420d41b61aac90a208dde0
2026-09-08T22:57:42.7550867+00:00 Information System.Net.Http.HttpClient.MinecraftRuntimeManager.ClientHandler Received HTTP response headers after 173.2644ms - 200
2026-09-08T22:57:42.7553871+00:00 Information System.Net.Http.HttpClient.MinecraftRuntimeManager.LogicalHandler End processing HTTP request after 174.1965ms - 200
2026-09-08T22:57:42.9037043+00:00 Information System.Net.Http.HttpClient.MinecraftRuntimeManager.LogicalHandler Start processing HTTP request GET https://resources.download.minecraft.net/08/08514febea4c8083a78682f79d019266955c450e
2026-09-08T22:57:42.9039496+00:00 Information System.Net.Http.HttpClient.MinecraftRuntimeManager.ClientHandler Sending HTTP request GET https://resources.download.minecraft.net/08/08514febea4c8083a78682f79d019266955c450e
2026-09-08T22:57:43.0765787+00:00 Information System.Net.Http.HttpClient.MinecraftRuntimeManager.ClientHandler Received HTTP response headers after 172.2209ms - 200
2026-09-08T22:57:43.0768954+00:00 Information System.Net.Http.HttpClient.MinecraftRuntimeManager.LogicalHandler End processing HTTP request after 173.2271ms - 200
2026-09-08T22:57:43.2261758+00:00 Information System.Net.Http.HttpClient.MinecraftRuntimeManager.LogicalHandler Start processing HTTP request GET https://resources.download.minecraft.net/a7/a76645ab7cbdea49a1683160c529a14e07867cf2
2026-09-08T22:57:43.2265510+00:00 Information System.Net.Http.HttpClient.MinecraftRuntimeManager.ClientHandler Sending HTTP request GET https://resources.download.minecraft.net/a7/a76645ab7cbdea49a1683160c529a14e07867cf2
2026-09-08T22:57:43.3991968+00:00 Information System.Net.Http.HttpClient.MinecraftRuntimeManager.ClientHandler Received HTTP response headers after 172.2903ms - 200
2026-09-08T22:57:43.3995852+00:00 Information System.Net.Http.HttpClient.MinecraftRuntimeManager.LogicalHandler End processing HTTP request after 173.3763ms - 200
2026-09-08T22:57:43.6413487+00:00 Information System.Net.Http.HttpClient.MinecraftRuntimeManager.LogicalHandler Start processing HTTP request GET https://resources.download.minecraft.net/e5/e5290e8325480a04d263828ed09899550a6b62a4
2026-09-08T22:57:43.6416873+00:00 Information System.Net.Http.HttpClient.MinecraftRuntimeManager.ClientHandler Sending HTTP request GET https://resources.download.minecraft.net/e5/e5290e8325480a04d263828ed09899550a6b62a4
2026-09-08T22:57:43.8148593+00:00 Information System.Net.Http.HttpClient.MinecraftRuntimeManager.ClientHandler Received HTTP response headers after 172.7254ms - 200
2026-09-08T22:57:43.8153737+00:00 Information System.Net.Http.HttpClient.MinecraftRuntimeManager.LogicalHandler End processing HTTP request after 173.9991ms - 200
2026-09-08T22:57:44.0972541+00:00 Information System.Net.Http.HttpClient.MinecraftRuntimeManager.LogicalHandler Start processing HTTP request GET https://resources.download.minecraft.net/c2/c2cf2d34ecb8cabfa5e11b12d19a383da43548b5
2026-09-08T22:57:44.0974831+00:00 Information System.Net.Http.HttpClient.MinecraftRuntimeManager.ClientHandler Sending HTTP request GET https://resources.download.minecraft.net/c2/c2cf2d34ecb8cabfa5e11b12d19a383da43548b5
2026-09-08T22:57:44.2750747+00:00 Information System.Net.Http.HttpClient.MinecraftRuntimeManager.ClientHandler Received HTTP response headers after 177.1797ms - 200
2026-09-08T22:57:44.2754829+00:00 Information System.Net.Http.HttpClient.MinecraftRuntimeManager.LogicalHandler End processing HTTP request after 178.2063ms - 200
2026-09-08T22:57:44.5426454+00:00 Information System.Net.Http.HttpClient.MinecraftRuntimeManager.LogicalHandler Start processing HTTP request GET https://resources.download.minecraft.net/ef/ef44003795d2deb4981e9528b502119c89a51d0a
2026-09-08T22:57:44.5429116+00:00 Information System.Net.Http.HttpClient.MinecraftRuntimeManager.ClientHandler Sending HTTP request GET https://resources.download.minecraft.net/ef/ef44003795d2deb4981e9528b502119c89a51d0a
2026-09-08T22:57:44.7207985+00:00 Information System.Net.Http.HttpClient.MinecraftRuntimeManager.ClientHandler Received HTTP response headers after 177.499ms - 200
2026-09-08T22:57:44.7212401+00:00 Information System.Net.Http.HttpClient.MinecraftRuntimeManager.LogicalHandler End processing HTTP request after 178.5901ms - 200
2026-09-08T22:57:45.0953574+00:00 Information System.Net.Http.HttpClient.MinecraftRuntimeManager.LogicalHandler Start processing HTTP request GET https://resources.download.minecraft.net/84/8429d12f2f78389f7c8db24c38161ba43ed86de7
2026-09-08T22:57:45.0956732+00:00 Information System.Net.Http.HttpClient.MinecraftRuntimeManager.ClientHandler Sending HTTP request GET https://resources.download.minecraft.net/84/8429d12f2f78389f7c8db24c38161ba43ed86de7
2026-09-08T22:57:45.2707937+00:00 Information System.Net.Http.HttpClient.MinecraftRuntimeManager.ClientHandler Received HTTP response headers after 174.7566ms - 200
2026-09-08T22:57:45.2711520+00:00 Information System.Net.Http.HttpClient.MinecraftRuntimeManager.LogicalHandler End processing HTTP request after 175.8154ms - 200
2026-09-08T22:57:45.5046990+00:00 Information System.Net.Http.HttpClient.MinecraftRuntimeManager.LogicalHandler Start processing HTTP request GET https://resources.download.minecraft.net/1f/1f6f3c6b187b8ca77afeb6ade89464ddd6296857
2026-09-08T22:57:45.5049897+00:00 Information System.Net.Http.HttpClient.MinecraftRuntimeManager.ClientHandler Sending HTTP request GET https://resources.download.minecraft.net/1f/1f6f3c6b187b8ca77afeb6ade89464ddd6296857
2026-09-08T22:57:45.6790674+00:00 Information System.Net.Http.HttpClient.MinecraftRuntimeManager.ClientHandler Received HTTP response headers after 173.7123ms - 200
2026-09-08T22:57:45.6793892+00:00 Information System.Net.Http.HttpClient.MinecraftRuntimeManager.LogicalHandler End processing HTTP request after 174.7302ms - 200
2026-09-08T22:57:45.9319463+00:00 Information System.Net.Http.HttpClient.MinecraftRuntimeManager.LogicalHandler Start processing HTTP request GET https://resources.download.minecraft.net/78/780bc9e4d23404661501363bdfc21c4dfdddd25c
2026-09-08T22:57:45.9321773+00:00 Information System.Net.Http.HttpClient.MinecraftRuntimeManager.ClientHandler Sending HTTP request GET https://resources.download.minecraft.net/78/780bc9e4d23404661501363bdfc21c4dfdddd25c
2026-09-08T22:57:46.1060147+00:00 Information System.Net.Http.HttpClient.MinecraftRuntimeManager.ClientHandler Received HTTP response headers after 173.4472ms - 200
2026-09-08T22:57:46.1064187+00:00 Information System.Net.Http.HttpClient.MinecraftRuntimeManager.LogicalHandler End processing HTTP request after 174.4775ms - 200
2026-09-08T22:57:46.3005067+00:00 Information System.Net.Http.HttpClient.MinecraftRuntimeManager.LogicalHandler Start processing HTTP request GET https://resources.download.minecraft.net/1c/1c3e34c85fc8db1c9d2eae36327257d7433ac8e1
2026-09-08T22:57:46.3009840+00:00 Information System.Net.Http.HttpClient.MinecraftRuntimeManager.ClientHandler Sending HTTP request GET https://resources.download.minecraft.net/1c/1c3e34c85fc8db1c9d2eae36327257d7433ac8e1
2026-09-08T22:57:46.4756568+00:00 Information System.Net.Http.HttpClient.MinecraftRuntimeManager.ClientHandler Received HTTP response headers after 174.1427ms - 200
2026-09-08T22:57:46.4760808+00:00 Information System.Net.Http.HttpClient.MinecraftRuntimeManager.LogicalHandler End processing HTTP request after 175.6218ms - 200
2026-09-08T22:57:46.6572242+00:00 Information System.Net.Http.HttpClient.MinecraftRuntimeManager.LogicalHandler Start processing HTTP request GET https://resources.download.minecraft.net/a0/a0833eb8209080f7e46a20b985d6e1cf9ef6b521
2026-09-08T22:57:46.6574907+00:00 Information System.Net.Http.HttpClient.MinecraftRuntimeManager.ClientHandler Sending HTTP request GET https://resources.download.minecraft.net/a0/a0833eb8209080f7e46a20b985d6e1cf9ef6b521
2026-09-08T22:57:46.8310188+00:00 Information System.Net.Http.HttpClient.MinecraftRuntimeManager.ClientHandler Received HTTP response headers after 173.1499ms - 200
2026-09-08T22:57:46.8313646+00:00 Information System.Net.Http.HttpClient.MinecraftRuntimeManager.LogicalHandler End processing HTTP request after 174.1898ms - 200
2026-09-08T22:57:47.0065414+00:00 Information System.Net.Http.HttpClient.MinecraftRuntimeManager.LogicalHandler Start processing HTTP request GET https://resources.download.minecraft.net/d6/d64d0843a17691e3b915390e2be9fa2b299cbdb8
2026-09-08T22:57:47.0068385+00:00 Information System.Net.Http.HttpClient.MinecraftRuntimeManager.ClientHandler Sending HTTP request GET https://resources.download.minecraft.net/d6/d64d0843a17691e3b915390e2be9fa2b299cbdb8
2026-09-08T22:57:47.1810183+00:00 Information System.Net.Http.HttpClient.MinecraftRuntimeManager.ClientHandler Received HTTP response headers after 173.7621ms - 200
2026-09-08T22:57:47.1813116+00:00 Information System.Net.Http.HttpClient.MinecraftRuntimeManager.LogicalHandler End processing HTTP request after 174.8225ms - 200
2026-09-08T22:57:47.4257752+00:00 Information System.Net.Http.HttpClient.MinecraftRuntimeManager.LogicalHandler Start processing HTTP request GET https://resources.download.minecraft.net/0d/0df4bf4eafbe599bb4242e952fd3f50637a5b377
2026-09-08T22:57:47.4261437+00:00 Information System.Net.Http.HttpClient.MinecraftRuntimeManager.ClientHandler Sending HTTP request GET https://resources.download.minecraft.net/0d/0df4bf4eafbe599bb4242e952fd3f50637a5b377
2026-09-08T22:57:47.6003446+00:00 Information System.Net.Http.HttpClient.MinecraftRuntimeManager.ClientHandler Received HTTP response headers after 173.7956ms - 200
2026-09-08T22:57:47.6006364+00:00 Information System.Net.Http.HttpClient.MinecraftRuntimeManager.LogicalHandler End processing HTTP request after 174.935ms - 200
2026-09-08T22:57:47.7810846+00:00 Information System.Net.Http.HttpClient.MinecraftRuntimeManager.LogicalHandler Start processing HTTP request GET https://resources.download.minecraft.net/2d/2d774f66c6e16efae0f9e335a3162f3ba26e55ec
2026-09-08T22:57:47.7813980+00:00 Information System.Net.Http.HttpClient.MinecraftRuntimeManager.ClientHandler Sending HTTP request GET https://resources.download.minecraft.net/2d/2d774f66c6e16efae0f9e335a3162f3ba26e55ec
2026-09-08T22:57:47.9560150+00:00 Information System.Net.Http.HttpClient.MinecraftRuntimeManager.ClientHandler Received HTTP response headers after 174.286ms - 200
2026-09-08T22:57:47.9563451+00:00 Information System.Net.Http.HttpClient.MinecraftRuntimeManager.LogicalHandler End processing HTTP request after 175.2895ms - 200
2026-09-08T22:57:48.1324411+00:00 Information System.Net.Http.HttpClient.MinecraftRuntimeManager.LogicalHandler Start processing HTTP request GET https://resources.download.minecraft.net/4f/4fd8276339db5a7e8d787ec33ffe0ce0b76f952f
2026-09-08T22:57:48.1326866+00:00 Information System.Net.Http.HttpClient.MinecraftRuntimeManager.ClientHandler Sending HTTP request GET https://resources.download.minecraft.net/4f/4fd8276339db5a7e8d787ec33ffe0ce0b76f952f
2026-09-08T22:57:48.3050603+00:00 Information System.Net.Http.HttpClient.MinecraftRuntimeManager.ClientHandler Received HTTP response headers after 172.0143ms - 200
2026-09-08T22:57:48.3055241+00:00 Information System.Net.Http.HttpClient.MinecraftRuntimeManager.LogicalHandler End processing HTTP request after 173.0923ms - 200
2026-09-08T22:57:48.4791271+00:00 Information System.Net.Http.HttpClient.MinecraftRuntimeManager.LogicalHandler Start processing HTTP request GET https://resources.download.minecraft.net/20/20526371e0eced619dbe32bd2cb2fb3c24e7e3a2
2026-09-08T22:57:48.4793812+00:00 Information System.Net.Http.HttpClient.MinecraftRuntimeManager.ClientHandler Sending HTTP request GET https://resources.download.minecraft.net/20/20526371e0eced619dbe32bd2cb2fb3c24e7e3a2
2026-09-08T22:57:48.6528522+00:00 Information System.Net.Http.HttpClient.MinecraftRuntimeManager.ClientHandler Received HTTP response headers after 173.1624ms - 200
2026-09-08T22:57:48.6531587+00:00 Information System.Net.Http.HttpClient.MinecraftRuntimeManager.LogicalHandler End processing HTTP request after 174.0573ms - 200
2026-09-08T22:57:48.8321304+00:00 Information System.Net.Http.HttpClient.MinecraftRuntimeManager.LogicalHandler Start processing HTTP request GET https://resources.download.minecraft.net/fd/fd7d9d0914927987351941e8e7a88c79c3e1c1cb
2026-09-08T22:57:48.8323595+00:00 Information System.Net.Http.HttpClient.MinecraftRuntimeManager.ClientHandler Sending HTTP request GET https://resources.download.minecraft.net/fd/fd7d9d0914927987351941e8e7a88c79c3e1c1cb
2026-09-08T22:57:49.0048055+00:00 Information System.Net.Http.HttpClient.MinecraftRuntimeManager.ClientHandler Received HTTP response headers after 172.1386ms - 200
2026-09-08T22:57:49.0051720+00:00 Information System.Net.Http.HttpClient.MinecraftRuntimeManager.LogicalHandler End processing HTTP request after 173.1099ms - 200
2026-09-08T22:57:49.2235085+00:00 Information System.Net.Http.HttpClient.MinecraftRuntimeManager.LogicalHandler Start processing HTTP request GET https://resources.download.minecraft.net/6c/6cded423c4a79b579a51d4b2a8962016fd321035
2026-09-08T22:57:49.2237926+00:00 Information System.Net.Http.HttpClient.MinecraftRuntimeManager.ClientHandler Sending HTTP request GET https://resources.download.minecraft.net/6c/6cded423c4a79b579a51d4b2a8962016fd321035
2026-09-08T22:57:49.3972131+00:00 Information System.Net.Http.HttpClient.MinecraftRuntimeManager.ClientHandler Received HTTP response headers after 173.0591ms - 200
2026-09-08T22:57:49.3977577+00:00 Information System.Net.Http.HttpClient.MinecraftRuntimeManager.LogicalHandler End processing HTTP request after 174.2576ms - 200
2026-09-08T22:57:49.5573594+00:00 Information System.Net.Http.HttpClient.MinecraftRuntimeManager.LogicalHandler Start processing HTTP request GET https://resources.download.minecraft.net/17/177670dfec4f6ec9d2b08f48162ad0f93c2f0d89
2026-09-08T22:57:49.5576934+00:00 Information System.Net.Http.HttpClient.MinecraftRuntimeManager.ClientHandler Sending HTTP request GET https://resources.download.minecraft.net/17/177670dfec4f6ec9d2b08f48162ad0f93c2f0d89
2026-09-08T22:57:49.7309972+00:00 Information System.Net.Http.HttpClient.MinecraftRuntimeManager.ClientHandler Received HTTP response headers after 172.8695ms - 200
2026-09-08T22:57:49.7314092+00:00 Information System.Net.Http.HttpClient.MinecraftRuntimeManager.LogicalHandler End processing HTTP request after 174.0611ms - 200
2026-09-08T22:57:49.9039226+00:00 Information System.Net.Http.HttpClient.MinecraftRuntimeManager.LogicalHandler Start processing HTTP request GET https://resources.download.minecraft.net/15/158a7c254ff465ae123e368828302cd77c41e299
2026-09-08T22:57:49.9043063+00:00 Information System.Net.Http.HttpClient.MinecraftRuntimeManager.ClientHandler Sending HTTP request GET https://resources.download.minecraft.net/15/158a7c254ff465ae123e368828302cd77c41e299
2026-09-08T22:57:50.0778220+00:00 Information System.Net.Http.HttpClient.MinecraftRuntimeManager.ClientHandler Received HTTP response headers after 173.1882ms - 200
2026-09-08T22:57:50.0782403+00:00 Information System.Net.Http.HttpClient.MinecraftRuntimeManager.LogicalHandler End processing HTTP request after 174.283ms - 200
2026-09-08T22:57:50.2491453+00:00 Information System.Net.Http.HttpClient.MinecraftRuntimeManager.LogicalHandler Start processing HTTP request GET https://resources.download.minecraft.net/ed/edc5361978b0c12eaf6158c45726c5e170d314df
2026-09-08T22:57:50.2493915+00:00 Information System.Net.Http.HttpClient.MinecraftRuntimeManager.ClientHandler Sending HTTP request GET https://resources.download.minecraft.net/ed/edc5361978b0c12eaf6158c45726c5e170d314df
2026-09-08T22:57:50.4231188+00:00 Information System.Net.Http.HttpClient.MinecraftRuntimeManager.ClientHandler Received HTTP response headers after 173.2447ms - 200
2026-09-08T22:57:50.4237014+00:00 Information System.Net.Http.HttpClient.MinecraftRuntimeManager.LogicalHandler End processing HTTP request after 174.554ms - 200
2026-09-08T22:57:50.6265036+00:00 Information System.Net.Http.HttpClient.MinecraftRuntimeManager.LogicalHandler Start processing HTTP request GET https://resources.download.minecraft.net/c3/c3a5400b5d8f85f994e62d15c06af6922164ea03
2026-09-08T22:57:50.6269286+00:00 Information System.Net.Http.HttpClient.MinecraftRuntimeManager.ClientHandler Sending HTTP request GET https://resources.download.minecraft.net/c3/c3a5400b5d8f85f994e62d15c06af6922164ea03
2026-09-08T22:57:50.8009569+00:00 Information System.Net.Http.HttpClient.MinecraftRuntimeManager.ClientHandler Received HTTP response headers after 173.5658ms - 200
2026-09-08T22:57:50.8014958+00:00 Information System.Net.Http.HttpClient.MinecraftRuntimeManager.LogicalHandler End processing HTTP request after 175.0038ms - 200
2026-09-08T22:57:50.9956756+00:00 Information System.Net.Http.HttpClient.MinecraftRuntimeManager.LogicalHandler Start processing HTTP request GET https://resources.download.minecraft.net/5d/5d32a8f9643c6ded7640be514bed4d94ab3f02f4
2026-09-08T22:57:50.9960557+00:00 Information System.Net.Http.HttpClient.MinecraftRuntimeManager.ClientHandler Sending HTTP request GET https://resources.download.minecraft.net/5d/5d32a8f9643c6ded7640be514bed4d94ab3f02f4
2026-09-08T22:57:51.1691491+00:00 Information System.Net.Http.HttpClient.MinecraftRuntimeManager.ClientHandler Received HTTP response headers after 172.7002ms - 200
2026-09-08T22:57:51.1696443+00:00 Information System.Net.Http.HttpClient.MinecraftRuntimeManager.LogicalHandler End processing HTTP request after 173.977ms - 200
2026-09-08T22:57:51.4566867+00:00 Information System.Net.Http.HttpClient.MinecraftRuntimeManager.LogicalHandler Start processing HTTP request GET https://resources.download.minecraft.net/38/38a05125a84d54b6eb8b1db82dbbfe60e93c8b1d
2026-09-08T22:57:51.4569541+00:00 Information System.Net.Http.HttpClient.MinecraftRuntimeManager.ClientHandler Sending HTTP request GET https://resources.download.minecraft.net/38/38a05125a84d54b6eb8b1db82dbbfe60e93c8b1d
2026-09-08T22:57:51.6307508+00:00 Information System.Net.Http.HttpClient.MinecraftRuntimeManager.ClientHandler Received HTTP response headers after 173.3834ms - 200
2026-09-08T22:57:51.6312097+00:00 Information System.Net.Http.HttpClient.MinecraftRuntimeManager.LogicalHandler End processing HTTP request after 174.5277ms - 200
2026-09-08T22:57:51.9132484+00:00 Information System.Net.Http.HttpClient.MinecraftRuntimeManager.LogicalHandler Start processing HTTP request GET https://resources.download.minecraft.net/32/32d62f50b0d83127c7d9faffc46731d07f84a7c7
2026-09-08T22:57:51.9135768+00:00 Information System.Net.Http.HttpClient.MinecraftRuntimeManager.ClientHandler Sending HTTP request GET https://resources.download.minecraft.net/32/32d62f50b0d83127c7d9faffc46731d07f84a7c7
2026-09-08T22:57:52.0868141+00:00 Information System.Net.Http.HttpClient.MinecraftRuntimeManager.ClientHandler Received HTTP response headers after 172.8849ms - 200
2026-09-08T22:57:52.0873089+00:00 Information System.Net.Http.HttpClient.MinecraftRuntimeManager.LogicalHandler End processing HTTP request after 174.0925ms - 200
2026-09-08T22:57:52.2577526+00:00 Information System.Net.Http.HttpClient.MinecraftRuntimeManager.LogicalHandler Start processing HTTP request GET https://resources.download.minecraft.net/fd/fdb465f28a6a778c399f7c5958cd2195f9737b98
2026-09-08T22:57:52.2580377+00:00 Information System.Net.Http.HttpClient.MinecraftRuntimeManager.ClientHandler Sending HTTP request GET https://resources.download.minecraft.net/fd/fdb465f28a6a778c399f7c5958cd2195f9737b98
2026-09-08T22:57:52.4312535+00:00 Information System.Net.Http.HttpClient.MinecraftRuntimeManager.ClientHandler Received HTTP response headers after 172.8718ms - 200
2026-09-08T22:57:52.4315983+00:00 Information System.Net.Http.HttpClient.MinecraftRuntimeManager.LogicalHandler End processing HTTP request after 173.8746ms - 200
2026-09-08T22:57:52.6120554+00:00 Information System.Net.Http.HttpClient.MinecraftRuntimeManager.LogicalHandler Start processing HTTP request GET https://resources.download.minecraft.net/79/796091f243d3658087eb6c1cd6996874714343af
2026-09-08T22:57:52.6123063+00:00 Information System.Net.Http.HttpClient.MinecraftRuntimeManager.ClientHandler Sending HTTP request GET https://resources.download.minecraft.net/79/796091f243d3658087eb6c1cd6996874714343af
2026-09-08T22:57:52.7858942+00:00 Information System.Net.Http.HttpClient.MinecraftRuntimeManager.ClientHandler Received HTTP response headers after 173.2577ms - 200
2026-09-08T22:57:52.7862646+00:00 Information System.Net.Http.HttpClient.MinecraftRuntimeManager.LogicalHandler End processing HTTP request after 174.2239ms - 200
2026-09-08T22:57:52.9512901+00:00 Information System.Net.Http.HttpClient.MinecraftRuntimeManager.LogicalHandler Start processing HTTP request GET https://resources.download.minecraft.net/9f/9f4300d9664e579069b6f479eb0656da8515eeee
2026-09-08T22:57:52.9515405+00:00 Information System.Net.Http.HttpClient.MinecraftRuntimeManager.ClientHandler Sending HTTP request GET https://resources.download.minecraft.net/9f/9f4300d9664e579069b6f479eb0656da8515eeee
2026-09-08T22:57:53.1250325+00:00 Information System.Net.Http.HttpClient.MinecraftRuntimeManager.ClientHandler Received HTTP response headers after 173.1393ms - 200
2026-09-08T22:57:53.1254613+00:00 Information System.Net.Http.HttpClient.MinecraftRuntimeManager.LogicalHandler End processing HTTP request after 174.1843ms - 200
2026-09-08T22:57:53.2945290+00:00 Information System.Net.Http.HttpClient.MinecraftRuntimeManager.LogicalHandler Start processing HTTP request GET https://resources.download.minecraft.net/92/925dd6b768cd9458349625d10239b22dd3331899
2026-09-08T22:57:53.2947947+00:00 Information System.Net.Http.HttpClient.MinecraftRuntimeManager.ClientHandler Sending HTTP request GET https://resources.download.minecraft.net/92/925dd6b768cd9458349625d10239b22dd3331899
2026-09-08T22:57:53.4686243+00:00 Information System.Net.Http.HttpClient.MinecraftRuntimeManager.ClientHandler Received HTTP response headers after 173.5102ms - 200
2026-09-08T22:57:53.4691256+00:00 Information System.Net.Http.HttpClient.MinecraftRuntimeManager.LogicalHandler End processing HTTP request after 174.5791ms - 200
2026-09-08T22:57:53.6618265+00:00 Information System.Net.Http.HttpClient.MinecraftRuntimeManager.LogicalHandler Start processing HTTP request GET https://resources.download.minecraft.net/99/997216e294d0ef638eeeb1c81e1ac16ebdc750f6
2026-09-08T22:57:53.6620631+00:00 Information System.Net.Http.HttpClient.MinecraftRuntimeManager.ClientHandler Sending HTTP request GET https://resources.download.minecraft.net/99/997216e294d0ef638eeeb1c81e1ac16ebdc750f6
2026-09-08T22:57:53.8363083+00:00 Information System.Net.Http.HttpClient.MinecraftRuntimeManager.ClientHandler Received HTTP response headers after 173.8749ms - 200
2026-09-08T22:57:53.8369483+00:00 Information System.Net.Http.HttpClient.MinecraftRuntimeManager.LogicalHandler End processing HTTP request after 175.0551ms - 200
2026-09-08T22:57:54.1210612+00:00 Information System.Net.Http.HttpClient.MinecraftRuntimeManager.LogicalHandler Start processing HTTP request GET https://resources.download.minecraft.net/dc/dc96672cfe096e9882d30de577a5d8e00d7bda12
2026-09-08T22:57:54.1214131+00:00 Information System.Net.Http.HttpClient.MinecraftRuntimeManager.ClientHandler Sending HTTP request GET https://resources.download.minecraft.net/dc/dc96672cfe096e9882d30de577a5d8e00d7bda12
2026-09-08T22:57:54.2953101+00:00 Information System.Net.Http.HttpClient.MinecraftRuntimeManager.ClientHandler Received HTTP response headers after 173.3275ms - 200
2026-09-08T22:57:54.2956607+00:00 Information System.Net.Http.HttpClient.MinecraftRuntimeManager.LogicalHandler End processing HTTP request after 174.689ms - 200
2026-09-08T22:57:54.4622879+00:00 Information System.Net.Http.HttpClient.MinecraftRuntimeManager.LogicalHandler Start processing HTTP request GET https://resources.download.minecraft.net/e0/e0b456bcc955c70698e8fcba7337ee28162c489a
2026-09-08T22:57:54.4625225+00:00 Information System.Net.Http.HttpClient.MinecraftRuntimeManager.ClientHandler Sending HTTP request GET https://resources.download.minecraft.net/e0/e0b456bcc955c70698e8fcba7337ee28162c489a
2026-09-08T22:57:54.6361756+00:00 Information System.Net.Http.HttpClient.MinecraftRuntimeManager.ClientHandler Received HTTP response headers after 173.1861ms - 200
2026-09-08T22:57:54.6365997+00:00 Information System.Net.Http.HttpClient.MinecraftRuntimeManager.LogicalHandler End processing HTTP request after 174.298ms - 200
2026-09-08T22:57:54.9326541+00:00 Information System.Net.Http.HttpClient.MinecraftRuntimeManager.LogicalHandler Start processing HTTP request GET https://resources.download.minecraft.net/be/beae65e14a1d10b65ecb26e1b40b2821d7bb5a78
2026-09-08T22:57:54.9331557+00:00 Information System.Net.Http.HttpClient.MinecraftRuntimeManager.ClientHandler Sending HTTP request GET https://resources.download.minecraft.net/be/beae65e14a1d10b65ecb26e1b40b2821d7bb5a78
2026-09-08T22:57:55.1066992+00:00 Information System.Net.Http.HttpClient.MinecraftRuntimeManager.ClientHandler Received HTTP response headers after 172.9726ms - 200
2026-09-08T22:57:55.1071408+00:00 Information System.Net.Http.HttpClient.MinecraftRuntimeManager.LogicalHandler End processing HTTP request after 174.5102ms - 200
2026-09-08T22:57:55.3711696+00:00 Information System.Net.Http.HttpClient.MinecraftRuntimeManager.LogicalHandler Start processing HTTP request GET https://resources.download.minecraft.net/9b/9bdae2e9b263a1ad10e2582e4757e911f89ae8f2
2026-09-08T22:57:55.3714639+00:00 Information System.Net.Http.HttpClient.MinecraftRuntimeManager.ClientHandler Sending HTTP request GET https://resources.download.minecraft.net/9b/9bdae2e9b263a1ad10e2582e4757e911f89ae8f2
2026-09-08T22:57:55.5454977+00:00 Information System.Net.Http.HttpClient.MinecraftRuntimeManager.ClientHandler Received HTTP response headers after 173.6542ms - 200
2026-09-08T22:57:55.5458711+00:00 Information System.Net.Http.HttpClient.MinecraftRuntimeManager.LogicalHandler End processing HTTP request after 174.7295ms - 200
2026-09-08T22:57:55.7637381+00:00 Information System.Net.Http.HttpClient.MinecraftRuntimeManager.LogicalHandler Start processing HTTP request GET https://resources.download.minecraft.net/21/21ccf0a7fe65e543ee4549ce7980511562b9695e
2026-09-08T22:57:55.7639831+00:00 Information System.Net.Http.HttpClient.MinecraftRuntimeManager.ClientHandler Sending HTTP request GET https://resources.download.minecraft.net/21/21ccf0a7fe65e543ee4549ce7980511562b9695e
2026-09-08T22:57:55.9401069+00:00 Information System.Net.Http.HttpClient.MinecraftRuntimeManager.ClientHandler Received HTTP response headers after 175.1158ms - 200
2026-09-08T22:57:55.9404980+00:00 Information System.Net.Http.HttpClient.MinecraftRuntimeManager.LogicalHandler End processing HTTP request after 176.7358ms - 200
2026-09-08T22:57:56.1849079+00:00 Information System.Net.Http.HttpClient.MinecraftRuntimeManager.LogicalHandler Start processing HTTP request GET https://resources.download.minecraft.net/b8/b836bfe37708e40484b34f0613e772d0158f364a
2026-09-08T22:57:56.1851943+00:00 Information System.Net.Http.HttpClient.MinecraftRuntimeManager.ClientHandler Sending HTTP request GET https://resources.download.minecraft.net/b8/b836bfe37708e40484b34f0613e772d0158f364a
2026-09-08T22:57:56.3599823+00:00 Information System.Net.Http.HttpClient.MinecraftRuntimeManager.ClientHandler Received HTTP response headers after 174.4844ms - 200
2026-09-08T22:57:56.3603290+00:00 Information System.Net.Http.HttpClient.MinecraftRuntimeManager.LogicalHandler End processing HTTP request after 175.429ms - 200
2026-09-08T22:57:56.7015738+00:00 Information System.Net.Http.HttpClient.MinecraftRuntimeManager.LogicalHandler Start processing HTTP request GET https://resources.download.minecraft.net/12/12d27b81960c33125a11b16ab61eceb4a59b1d3e
2026-09-08T22:57:56.7018414+00:00 Information System.Net.Http.HttpClient.MinecraftRuntimeManager.ClientHandler Sending HTTP request GET https://resources.download.minecraft.net/12/12d27b81960c33125a11b16ab61eceb4a59b1d3e
2026-09-08T22:57:56.8775390+00:00 Information System.Net.Http.HttpClient.MinecraftRuntimeManager.ClientHandler Received HTTP response headers after 175.2493ms - 200
2026-09-08T22:57:56.8780320+00:00 Information System.Net.Http.HttpClient.MinecraftRuntimeManager.LogicalHandler End processing HTTP request after 176.4729ms - 200
2026-09-08T22:57:57.0909772+00:00 Information System.Net.Http.HttpClient.MinecraftRuntimeManager.LogicalHandler Start processing HTTP request GET https://resources.download.minecraft.net/2f/2fdcd0550a335e6864dee17735d8db007002c8b2
2026-09-08T22:57:57.0912714+00:00 Information System.Net.Http.HttpClient.MinecraftRuntimeManager.ClientHandler Sending HTTP request GET https://resources.download.minecraft.net/2f/2fdcd0550a335e6864dee17735d8db007002c8b2
2026-09-08T22:57:57.2656403+00:00 Information System.Net.Http.HttpClient.MinecraftRuntimeManager.ClientHandler Received HTTP response headers after 173.8943ms - 200
2026-09-08T22:57:57.2662234+00:00 Information System.Net.Http.HttpClient.MinecraftRuntimeManager.LogicalHandler End processing HTTP request after 175.2479ms - 200
2026-09-08T22:57:57.4816359+00:00 Information System.Net.Http.HttpClient.MinecraftRuntimeManager.LogicalHandler Start processing HTTP request GET https://resources.download.minecraft.net/7e/7eaeb11ca096ec65e783bb35396388c2f9b5cf61
2026-09-08T22:57:57.4819974+00:00 Information System.Net.Http.HttpClient.MinecraftRuntimeManager.ClientHandler Sending HTTP request GET https://resources.download.minecraft.net/7e/7eaeb11ca096ec65e783bb35396388c2f9b5cf61
2026-09-08T22:57:57.6559688+00:00 Information System.Net.Http.HttpClient.MinecraftRuntimeManager.ClientHandler Received HTTP response headers after 173.5963ms - 200
2026-09-08T22:57:57.6562987+00:00 Information System.Net.Http.HttpClient.MinecraftRuntimeManager.LogicalHandler End processing HTTP request after 174.7743ms - 200
2026-09-08T22:57:57.8625999+00:00 Information System.Net.Http.HttpClient.MinecraftRuntimeManager.LogicalHandler Start processing HTTP request GET https://resources.download.minecraft.net/46/46d04132d966235e6d0134a49dd24daaf5a80938
2026-09-08T22:57:57.8630027+00:00 Information System.Net.Http.HttpClient.MinecraftRuntimeManager.ClientHandler Sending HTTP request GET https://resources.download.minecraft.net/46/46d04132d966235e6d0134a49dd24daaf5a80938
2026-09-08T22:57:58.0364813+00:00 Information System.Net.Http.HttpClient.MinecraftRuntimeManager.ClientHandler Received HTTP response headers after 172.9942ms - 200
2026-09-08T22:57:58.0370420+00:00 Information System.Net.Http.HttpClient.MinecraftRuntimeManager.LogicalHandler End processing HTTP request after 174.4712ms - 200
2026-09-08T22:57:58.2292811+00:00 Information System.Net.Http.HttpClient.MinecraftRuntimeManager.LogicalHandler Start processing HTTP request GET https://resources.download.minecraft.net/ea/ea38a72c6444e4460b40238c9f172087cdef0716
2026-09-08T22:57:58.2295877+00:00 Information System.Net.Http.HttpClient.MinecraftRuntimeManager.ClientHandler Sending HTTP request GET https://resources.download.minecraft.net/ea/ea38a72c6444e4460b40238c9f172087cdef0716
2026-09-08T22:57:58.4056525+00:00 Information System.Net.Http.HttpClient.MinecraftRuntimeManager.ClientHandler Received HTTP response headers after 175.6358ms - 200
2026-09-08T22:57:58.4060969+00:00 Information System.Net.Http.HttpClient.MinecraftRuntimeManager.LogicalHandler End processing HTTP request after 176.8266ms - 200
2026-09-08T22:57:58.6085748+00:00 Information System.Net.Http.HttpClient.MinecraftRuntimeManager.LogicalHandler Start processing HTTP request GET https://resources.download.minecraft.net/68/680312754d31ed0e8b82930777f8888d780a3bba
2026-09-08T22:57:58.6088273+00:00 Information System.Net.Http.HttpClient.MinecraftRuntimeManager.ClientHandler Sending HTTP request GET https://resources.download.minecraft.net/68/680312754d31ed0e8b82930777f8888d780a3bba
2026-09-08T22:57:58.7840891+00:00 Information System.Net.Http.HttpClient.MinecraftRuntimeManager.ClientHandler Received HTTP response headers after 174.8865ms - 200
2026-09-08T22:57:58.7845393+00:00 Information System.Net.Http.HttpClient.MinecraftRuntimeManager.LogicalHandler End processing HTTP request after 175.8953ms - 200
2026-09-08T22:57:59.0259663+00:00 Information System.Net.Http.HttpClient.MinecraftRuntimeManager.LogicalHandler Start processing HTTP request GET https://resources.download.minecraft.net/62/6222035ccd8d07af00023b79a37e3aaa8d5ae01c
2026-09-08T22:57:59.0263869+00:00 Information System.Net.Http.HttpClient.MinecraftRuntimeManager.ClientHandler Sending HTTP request GET https://resources.download.minecraft.net/62/6222035ccd8d07af00023b79a37e3aaa8d5ae01c
2026-09-08T22:57:59.2008929+00:00 Information System.Net.Http.HttpClient.MinecraftRuntimeManager.ClientHandler Received HTTP response headers after 174.0508ms - 200
2026-09-08T22:57:59.2011960+00:00 Information System.Net.Http.HttpClient.MinecraftRuntimeManager.LogicalHandler End processing HTTP request after 175.2525ms - 200
2026-09-08T22:57:59.5644792+00:00 Information System.Net.Http.HttpClient.MinecraftRuntimeManager.LogicalHandler Start processing HTTP request GET https://resources.download.minecraft.net/6b/6b60ddef2b881194dad5c60ad6256b0c03133f76
2026-09-08T22:57:59.5648052+00:00 Information System.Net.Http.HttpClient.MinecraftRuntimeManager.ClientHandler Sending HTTP request GET https://resources.download.minecraft.net/6b/6b60ddef2b881194dad5c60ad6256b0c03133f76
2026-09-08T22:57:59.7360787+00:00 Information System.Net.Http.HttpClient.MinecraftRuntimeManager.ClientHandler Received HTTP response headers after 170.8212ms - 200
2026-09-08T22:57:59.7364974+00:00 Information System.Net.Http.HttpClient.MinecraftRuntimeManager.LogicalHandler End processing HTTP request after 172.0829ms - 200
2026-09-08T22:57:59.9533182+00:00 Information System.Net.Http.HttpClient.MinecraftRuntimeManager.LogicalHandler Start processing HTTP request GET https://resources.download.minecraft.net/5e/5e9e18aa07574b9cfc0c01eab1497c11535806f6
2026-09-08T22:57:59.9536363+00:00 Information System.Net.Http.HttpClient.MinecraftRuntimeManager.ClientHandler Sending HTTP request GET https://resources.download.minecraft.net/5e/5e9e18aa07574b9cfc0c01eab1497c11535806f6
2026-09-08T22:58:00.1280934+00:00 Information System.Net.Http.HttpClient.MinecraftRuntimeManager.ClientHandler Received HTTP response headers after 174.0498ms - 200
2026-09-08T22:58:00.1284373+00:00 Information System.Net.Http.HttpClient.MinecraftRuntimeManager.LogicalHandler End processing HTTP request after 175.2057ms - 200
2026-09-08T22:58:00.3485396+00:00 Information System.Net.Http.HttpClient.MinecraftRuntimeManager.LogicalHandler Start processing HTTP request GET https://resources.download.minecraft.net/82/82f82d0a71be79b6b5e7bd4568a7711eb9ba05fb
2026-09-08T22:58:00.3488283+00:00 Information System.Net.Http.HttpClient.MinecraftRuntimeManager.ClientHandler Sending HTTP request GET https://resources.download.minecraft.net/82/82f82d0a71be79b6b5e7bd4568a7711eb9ba05fb
2026-09-08T22:58:00.5227048+00:00 Information System.Net.Http.HttpClient.MinecraftRuntimeManager.ClientHandler Received HTTP response headers after 173.4292ms - 200
2026-09-08T22:58:00.5231579+00:00 Information System.Net.Http.HttpClient.MinecraftRuntimeManager.LogicalHandler End processing HTTP request after 174.6602ms - 200
2026-09-08T22:58:00.7028141+00:00 Information System.Net.Http.HttpClient.MinecraftRuntimeManager.LogicalHandler Start processing HTTP request GET https://resources.download.minecraft.net/bc/bc3512159090612d168affa31f877d35e1a8b1c4
2026-09-08T22:58:00.7031460+00:00 Information System.Net.Http.HttpClient.MinecraftRuntimeManager.ClientHandler Sending HTTP request GET https://resources.download.minecraft.net/bc/bc3512159090612d168affa31f877d35e1a8b1c4
2026-09-08T22:58:00.8770036+00:00 Information System.Net.Http.HttpClient.MinecraftRuntimeManager.ClientHandler Received HTTP response headers after 173.3011ms - 200
2026-09-08T22:58:00.8775729+00:00 Information System.Net.Http.HttpClient.MinecraftRuntimeManager.LogicalHandler End processing HTTP request after 174.7676ms - 200
2026-09-08T22:58:01.0574847+00:00 Information System.Net.Http.HttpClient.MinecraftRuntimeManager.LogicalHandler Start processing HTTP request GET https://resources.download.minecraft.net/86/865631101d3904d94099d5f9a8f0486760f8a08b
2026-09-08T22:58:01.0579630+00:00 Information System.Net.Http.HttpClient.MinecraftRuntimeManager.ClientHandler Sending HTTP request GET https://resources.download.minecraft.net/86/865631101d3904d94099d5f9a8f0486760f8a08b
2026-09-08T22:58:01.2322304+00:00 Information System.Net.Http.HttpClient.MinecraftRuntimeManager.ClientHandler Received HTTP response headers after 173.8381ms - 200
2026-09-08T22:58:01.2325941+00:00 Information System.Net.Http.HttpClient.MinecraftRuntimeManager.LogicalHandler End processing HTTP request after 175.1366ms - 200
2026-09-08T22:58:01.5362381+00:00 Information System.Net.Http.HttpClient.MinecraftRuntimeManager.LogicalHandler Start processing HTTP request GET https://resources.download.minecraft.net/2b/2b6b4b8a49cd01f313b3b0c0d9551192cefb6178
2026-09-08T22:58:01.5365597+00:00 Information System.Net.Http.HttpClient.MinecraftRuntimeManager.ClientHandler Sending HTTP request GET https://resources.download.minecraft.net/2b/2b6b4b8a49cd01f313b3b0c0d9551192cefb6178
2026-09-08T22:58:01.7102588+00:00 Information System.Net.Http.HttpClient.MinecraftRuntimeManager.ClientHandler Received HTTP response headers after 173.2287ms - 200
2026-09-08T22:58:01.7106937+00:00 Information System.Net.Http.HttpClient.MinecraftRuntimeManager.LogicalHandler End processing HTTP request after 174.4231ms - 200
2026-09-08T22:58:01.8875005+00:00 Information System.Net.Http.HttpClient.MinecraftRuntimeManager.LogicalHandler Start processing HTTP request GET https://resources.download.minecraft.net/5d/5d5ded10f5c6b467916294b40af3af3a65947a8f
2026-09-08T22:58:01.8878490+00:00 Information System.Net.Http.HttpClient.MinecraftRuntimeManager.ClientHandler Sending HTTP request GET https://resources.download.minecraft.net/5d/5d5ded10f5c6b467916294b40af3af3a65947a8f
2026-09-08T22:58:02.0627352+00:00 Information System.Net.Http.HttpClient.MinecraftRuntimeManager.ClientHandler Received HTTP response headers after 174.5085ms - 200
2026-09-08T22:58:02.0632069+00:00 Information System.Net.Http.HttpClient.MinecraftRuntimeManager.LogicalHandler End processing HTTP request after 175.7051ms - 200
2026-09-08T22:58:02.2495310+00:00 Information System.Net.Http.HttpClient.MinecraftRuntimeManager.LogicalHandler Start processing HTTP request GET https://resources.download.minecraft.net/f9/f958c8ca0579afd98736e8ac87f2841219f425f0
2026-09-08T22:58:02.2497690+00:00 Information System.Net.Http.HttpClient.MinecraftRuntimeManager.ClientHandler Sending HTTP request GET https://resources.download.minecraft.net/f9/f958c8ca0579afd98736e8ac87f2841219f425f0
2026-09-08T22:58:02.4244168+00:00 Information System.Net.Http.HttpClient.MinecraftRuntimeManager.ClientHandler Received HTTP response headers after 174.2382ms - 200
2026-09-08T22:58:02.4247630+00:00 Information System.Net.Http.HttpClient.MinecraftRuntimeManager.LogicalHandler End processing HTTP request after 175.2496ms - 200
2026-09-08T22:58:02.7279291+00:00 Information System.Net.Http.HttpClient.MinecraftRuntimeManager.LogicalHandler Start processing HTTP request GET https://resources.download.minecraft.net/f8/f82d3223c958884067ebee9fb126e7afb8982a15
2026-09-08T22:58:02.7281616+00:00 Information System.Net.Http.HttpClient.MinecraftRuntimeManager.ClientHandler Sending HTTP request GET https://resources.download.minecraft.net/f8/f82d3223c958884067ebee9fb126e7afb8982a15
2026-09-08T22:58:02.9027791+00:00 Information System.Net.Http.HttpClient.MinecraftRuntimeManager.ClientHandler Received HTTP response headers after 174.2076ms - 200
2026-09-08T22:58:02.9031865+00:00 Information System.Net.Http.HttpClient.MinecraftRuntimeManager.LogicalHandler End processing HTTP request after 175.2454ms - 200
2026-09-08T22:58:03.1170707+00:00 Information System.Net.Http.HttpClient.MinecraftRuntimeManager.LogicalHandler Start processing HTTP request GET https://resources.download.minecraft.net/cd/cd8bd0bb7b40f693e5f0f9dca70ecf5570703c16
2026-09-08T22:58:03.1173234+00:00 Information System.Net.Http.HttpClient.MinecraftRuntimeManager.ClientHandler Sending HTTP request GET https://resources.download.minecraft.net/cd/cd8bd0bb7b40f693e5f0f9dca70ecf5570703c16
2026-09-08T22:58:03.2919932+00:00 Information System.Net.Http.HttpClient.MinecraftRuntimeManager.ClientHandler Received HTTP response headers after 174.3469ms - 200
2026-09-08T22:58:03.2922327+00:00 Information System.Net.Http.HttpClient.MinecraftRuntimeManager.LogicalHandler End processing HTTP request after 175.2075ms - 200
2026-09-08T22:58:03.4706504+00:00 Information System.Net.Http.HttpClient.MinecraftRuntimeManager.LogicalHandler Start processing HTTP request GET https://resources.download.minecraft.net/b0/b0b0479dd51d8e9a7990072cc4d28f914b02c7ec
2026-09-08T22:58:03.4709466+00:00 Information System.Net.Http.HttpClient.MinecraftRuntimeManager.ClientHandler Sending HTTP request GET https://resources.download.minecraft.net/b0/b0b0479dd51d8e9a7990072cc4d28f914b02c7ec
2026-09-08T22:58:03.6453968+00:00 Information System.Net.Http.HttpClient.MinecraftRuntimeManager.ClientHandler Received HTTP response headers after 174.1221ms - 200
2026-09-08T22:58:03.6458543+00:00 Information System.Net.Http.HttpClient.MinecraftRuntimeManager.LogicalHandler End processing HTTP request after 175.2185ms - 200
2026-09-08T22:58:03.8294078+00:00 Information System.Net.Http.HttpClient.MinecraftRuntimeManager.LogicalHandler Start processing HTTP request GET https://resources.download.minecraft.net/29/2983f458f076341d82263e17f64a7f8a9eda7a08
2026-09-08T22:58:03.8296671+00:00 Information System.Net.Http.HttpClient.MinecraftRuntimeManager.ClientHandler Sending HTTP request GET https://resources.download.minecraft.net/29/2983f458f076341d82263e17f64a7f8a9eda7a08
2026-09-08T22:58:04.0046694+00:00 Information System.Net.Http.HttpClient.MinecraftRuntimeManager.ClientHandler Received HTTP response headers after 174.6061ms - 200
2026-09-08T22:58:04.0051594+00:00 Information System.Net.Http.HttpClient.MinecraftRuntimeManager.LogicalHandler End processing HTTP request after 175.7719ms - 200
2026-09-08T22:58:04.2964462+00:00 Information System.Net.Http.HttpClient.MinecraftRuntimeManager.LogicalHandler Start processing HTTP request GET https://resources.download.minecraft.net/d0/d01967054432f16954ccfea35c2a2d5ee48caab2
2026-09-08T22:58:04.2966863+00:00 Information System.Net.Http.HttpClient.MinecraftRuntimeManager.ClientHandler Sending HTTP request GET https://resources.download.minecraft.net/d0/d01967054432f16954ccfea35c2a2d5ee48caab2
2026-09-08T22:58:04.4741601+00:00 Information System.Net.Http.HttpClient.MinecraftRuntimeManager.ClientHandler Received HTTP response headers after 177.107ms - 200
2026-09-08T22:58:04.4747260+00:00 Information System.Net.Http.HttpClient.MinecraftRuntimeManager.LogicalHandler End processing HTTP request after 178.1828ms - 200
2026-09-08T22:58:04.7444745+00:00 Information System.Net.Http.HttpClient.MinecraftRuntimeManager.LogicalHandler Start processing HTTP request GET https://resources.download.minecraft.net/35/35c00779ce9ebc2bea40198f2c130a65ae1a5164
2026-09-08T22:58:04.7447289+00:00 Information System.Net.Http.HttpClient.MinecraftRuntimeManager.ClientHandler Sending HTTP request GET https://resources.download.minecraft.net/35/35c00779ce9ebc2bea40198f2c130a65ae1a5164
2026-09-08T22:58:04.9191562+00:00 Information System.Net.Http.HttpClient.MinecraftRuntimeManager.ClientHandler Received HTTP response headers after 174.0379ms - 200
2026-09-08T22:58:04.9195474+00:00 Information System.Net.Http.HttpClient.MinecraftRuntimeManager.LogicalHandler End processing HTTP request after 175.08ms - 200
2026-09-08T22:58:05.1659554+00:00 Information System.Net.Http.HttpClient.MinecraftRuntimeManager.LogicalHandler Start processing HTTP request GET https://resources.download.minecraft.net/9c/9c3d1e2f4a173d58a1f34302c944140440c9122a
2026-09-08T22:58:05.1662155+00:00 Information System.Net.Http.HttpClient.MinecraftRuntimeManager.ClientHandler Sending HTTP request GET https://resources.download.minecraft.net/9c/9c3d1e2f4a173d58a1f34302c944140440c9122a
2026-09-08T22:58:05.3397655+00:00 Information System.Net.Http.HttpClient.MinecraftRuntimeManager.ClientHandler Received HTTP response headers after 173.1606ms - 200
2026-09-08T22:58:05.3401252+00:00 Information System.Net.Http.HttpClient.MinecraftRuntimeManager.LogicalHandler End processing HTTP request after 174.2424ms - 200
2026-09-08T22:58:05.5133235+00:00 Information System.Net.Http.HttpClient.MinecraftRuntimeManager.LogicalHandler Start processing HTTP request GET https://resources.download.minecraft.net/a8/a81e731832e7d8271c9c9bd72551e0fc7f4c505a
2026-09-08T22:58:05.5135709+00:00 Information System.Net.Http.HttpClient.MinecraftRuntimeManager.ClientHandler Sending HTTP request GET https://resources.download.minecraft.net/a8/a81e731832e7d8271c9c9bd72551e0fc7f4c505a
2026-09-08T22:58:05.6874008+00:00 Information System.Net.Http.HttpClient.MinecraftRuntimeManager.ClientHandler Received HTTP response headers after 173.4423ms - 200
2026-09-08T22:58:05.6878652+00:00 Information System.Net.Http.HttpClient.MinecraftRuntimeManager.LogicalHandler End processing HTTP request after 174.4891ms - 200
2026-09-08T22:58:05.8514068+00:00 Information System.Net.Http.HttpClient.MinecraftRuntimeManager.LogicalHandler Start processing HTTP request GET https://resources.download.minecraft.net/82/824aa47916d6bb51be8531214952917978812346
2026-09-08T22:58:05.8516681+00:00 Information System.Net.Http.HttpClient.MinecraftRuntimeManager.ClientHandler Sending HTTP request GET https://resources.download.minecraft.net/82/824aa47916d6bb51be8531214952917978812346
2026-09-08T22:58:06.0249281+00:00 Information System.Net.Http.HttpClient.MinecraftRuntimeManager.ClientHandler Received HTTP response headers after 172.9045ms - 200
2026-09-08T22:58:06.0253094+00:00 Information System.Net.Http.HttpClient.MinecraftRuntimeManager.LogicalHandler End processing HTTP request after 173.914ms - 200
2026-09-08T22:58:06.2366533+00:00 Information System.Net.Http.HttpClient.MinecraftRuntimeManager.LogicalHandler Start processing HTTP request GET https://resources.download.minecraft.net/60/607bbfb181701d31e8c050a4fd7ab8a5bedf4346
2026-09-08T22:58:06.2368993+00:00 Information System.Net.Http.HttpClient.MinecraftRuntimeManager.ClientHandler Sending HTTP request GET https://resources.download.minecraft.net/60/607bbfb181701d31e8c050a4fd7ab8a5bedf4346
2026-09-08T22:58:06.4098079+00:00 Information System.Net.Http.HttpClient.MinecraftRuntimeManager.ClientHandler Received HTTP response headers after 172.5311ms - 200
2026-09-08T22:58:06.4102622+00:00 Information System.Net.Http.HttpClient.MinecraftRuntimeManager.LogicalHandler End processing HTTP request after 173.5638ms - 200
2026-09-08T22:58:06.5809862+00:00 Information System.Net.Http.HttpClient.MinecraftRuntimeManager.LogicalHandler Start processing HTTP request GET https://resources.download.minecraft.net/9c/9ceeb12e043e3c5c895c5694fd6b7e1a469d2a97
2026-09-08T22:58:06.5813206+00:00 Information System.Net.Http.HttpClient.MinecraftRuntimeManager.ClientHandler Sending HTTP request GET https://resources.download.minecraft.net/9c/9ceeb12e043e3c5c895c5694fd6b7e1a469d2a97
2026-09-08T22:58:06.7536280+00:00 Information System.Net.Http.HttpClient.MinecraftRuntimeManager.ClientHandler Received HTTP response headers after 171.9918ms - 200
2026-09-08T22:58:06.7539763+00:00 Information System.Net.Http.HttpClient.MinecraftRuntimeManager.LogicalHandler End processing HTTP request after 173.0623ms - 200
2026-09-08T22:58:06.9512967+00:00 Information System.Net.Http.HttpClient.MinecraftRuntimeManager.LogicalHandler Start processing HTTP request GET https://resources.download.minecraft.net/a6/a650d3b4fee028bfc70bf6ebf5b74d556c41162f
2026-09-08T22:58:06.9515560+00:00 Information System.Net.Http.HttpClient.MinecraftRuntimeManager.ClientHandler Sending HTTP request GET https://resources.download.minecraft.net/a6/a650d3b4fee028bfc70bf6ebf5b74d556c41162f
2026-09-08T22:58:07.1252163+00:00 Information System.Net.Http.HttpClient.MinecraftRuntimeManager.ClientHandler Received HTTP response headers after 173.2691ms - 200
2026-09-08T22:58:07.1255564+00:00 Information System.Net.Http.HttpClient.MinecraftRuntimeManager.LogicalHandler End processing HTTP request after 174.284ms - 200
2026-09-08T22:58:07.2938413+00:00 Information System.Net.Http.HttpClient.MinecraftRuntimeManager.LogicalHandler Start processing HTTP request GET https://resources.download.minecraft.net/21/21bcc227c06073359aa56305a5f856343426fd67
2026-09-08T22:58:07.2942119+00:00 Information System.Net.Http.HttpClient.MinecraftRuntimeManager.ClientHandler Sending HTTP request GET https://resources.download.minecraft.net/21/21bcc227c06073359aa56305a5f856343426fd67
2026-09-08T22:58:07.4698433+00:00 Information System.Net.Http.HttpClient.MinecraftRuntimeManager.ClientHandler Received HTTP response headers after 175.2435ms - 200
2026-09-08T22:58:07.4702283+00:00 Information System.Net.Http.HttpClient.MinecraftRuntimeManager.LogicalHandler End processing HTTP request after 176.4049ms - 200
2026-09-08T22:58:07.6742396+00:00 Information System.Net.Http.HttpClient.MinecraftRuntimeManager.LogicalHandler Start processing HTTP request GET https://resources.download.minecraft.net/9b/9b97c9fd485dc4822b68babc2df6fda7d3fda167
2026-09-08T22:58:07.6745357+00:00 Information System.Net.Http.HttpClient.MinecraftRuntimeManager.ClientHandler Sending HTTP request GET https://resources.download.minecraft.net/9b/9b97c9fd485dc4822b68babc2df6fda7d3fda167
2026-09-08T22:58:08.1542956+00:00 Information System.Net.Http.HttpClient.MinecraftRuntimeManager.ClientHandler Received HTTP response headers after 479.3964ms - 200
2026-09-08T22:58:08.1549447+00:00 Information System.Net.Http.HttpClient.MinecraftRuntimeManager.LogicalHandler End processing HTTP request after 480.5922ms - 200
2026-09-08T22:58:08.4243138+00:00 Information System.Net.Http.HttpClient.MinecraftRuntimeManager.LogicalHandler Start processing HTTP request GET https://resources.download.minecraft.net/1c/1c66c20b58e64a90d387f68d5f8ea2757ddd22ea
2026-09-08T22:58:08.4247371+00:00 Information System.Net.Http.HttpClient.MinecraftRuntimeManager.ClientHandler Sending HTTP request GET https://resources.download.minecraft.net/1c/1c66c20b58e64a90d387f68d5f8ea2757ddd22ea
2026-09-08T22:58:08.5986011+00:00 Information System.Net.Http.HttpClient.MinecraftRuntimeManager.ClientHandler Received HTTP response headers after 173.4977ms - 200
2026-09-08T22:58:08.5990870+00:00 Information System.Net.Http.HttpClient.MinecraftRuntimeManager.LogicalHandler End processing HTTP request after 174.742ms - 200
2026-09-08T22:58:08.8166068+00:00 Information System.Net.Http.HttpClient.MinecraftRuntimeManager.LogicalHandler Start processing HTTP request GET https://resources.download.minecraft.net/2e/2e6b43c599e30603abd020a6c95b68d3070a5797
2026-09-08T22:58:08.8168554+00:00 Information System.Net.Http.HttpClient.MinecraftRuntimeManager.ClientHandler Sending HTTP request GET https://resources.download.minecraft.net/2e/2e6b43c599e30603abd020a6c95b68d3070a5797
2026-09-08T22:58:08.9901389+00:00 Information System.Net.Http.HttpClient.MinecraftRuntimeManager.ClientHandler Received HTTP response headers after 172.8453ms - 200
2026-09-08T22:58:08.9906243+00:00 Information System.Net.Http.HttpClient.MinecraftRuntimeManager.LogicalHandler End processing HTTP request after 174.0062ms - 200
2026-09-08T22:58:09.1525470+00:00 Information System.Net.Http.HttpClient.MinecraftRuntimeManager.LogicalHandler Start processing HTTP request GET https://resources.download.minecraft.net/61/612605cbf91e82a38e8d3fd0513420cde1e1275a
2026-09-08T22:58:09.1528009+00:00 Information System.Net.Http.HttpClient.MinecraftRuntimeManager.ClientHandler Sending HTTP request GET https://resources.download.minecraft.net/61/612605cbf91e82a38e8d3fd0513420cde1e1275a
2026-09-08T22:58:09.3265630+00:00 Information System.Net.Http.HttpClient.MinecraftRuntimeManager.ClientHandler Received HTTP response headers after 173.367ms - 200
2026-09-08T22:58:09.3270022+00:00 Information System.Net.Http.HttpClient.MinecraftRuntimeManager.LogicalHandler End processing HTTP request after 174.4271ms - 200
2026-09-08T22:58:09.5840010+00:00 Information System.Net.Http.HttpClient.MinecraftRuntimeManager.LogicalHandler Start processing HTTP request GET https://resources.download.minecraft.net/e9/e9b6eddabff290a24b1ed0a2ce4719135434043e
2026-09-08T22:58:09.5842682+00:00 Information System.Net.Http.HttpClient.MinecraftRuntimeManager.ClientHandler Sending HTTP request GET https://resources.download.minecraft.net/e9/e9b6eddabff290a24b1ed0a2ce4719135434043e
2026-09-08T22:58:09.7565692+00:00 Information System.Net.Http.HttpClient.MinecraftRuntimeManager.ClientHandler Received HTTP response headers after 171.9542ms - 200
2026-09-08T22:58:09.7569507+00:00 Information System.Net.Http.HttpClient.MinecraftRuntimeManager.LogicalHandler End processing HTTP request after 172.9706ms - 200
2026-09-08T22:58:09.9105232+00:00 Information System.Net.Http.HttpClient.MinecraftRuntimeManager.LogicalHandler Start processing HTTP request GET https://resources.download.minecraft.net/13/1364607e7cc9699a865ef6101317aee43326f82f
2026-09-08T22:58:09.9108394+00:00 Information System.Net.Http.HttpClient.MinecraftRuntimeManager.ClientHandler Sending HTTP request GET https://resources.download.minecraft.net/13/1364607e7cc9699a865ef6101317aee43326f82f
2026-09-08T22:58:10.0845019+00:00 Information System.Net.Http.HttpClient.MinecraftRuntimeManager.ClientHandler Received HTTP response headers after 173.2804ms - 200
2026-09-08T22:58:10.0849581+00:00 Information System.Net.Http.HttpClient.MinecraftRuntimeManager.LogicalHandler End processing HTTP request after 174.4768ms - 200
2026-09-08T22:58:10.2463230+00:00 Information System.Net.Http.HttpClient.MinecraftRuntimeManager.LogicalHandler Start processing HTTP request GET https://resources.download.minecraft.net/10/1064e4bba05d6a20211b4c78f400a6258e9710d2
2026-09-08T22:58:10.2466559+00:00 Information System.Net.Http.HttpClient.MinecraftRuntimeManager.ClientHandler Sending HTTP request GET https://resources.download.minecraft.net/10/1064e4bba05d6a20211b4c78f400a6258e9710d2
2026-09-08T22:58:10.4215316+00:00 Information System.Net.Http.HttpClient.MinecraftRuntimeManager.ClientHandler Received HTTP response headers after 174.5143ms - 200
2026-09-08T22:58:10.4219111+00:00 Information System.Net.Http.HttpClient.MinecraftRuntimeManager.LogicalHandler End processing HTTP request after 175.5583ms - 200
2026-09-08T22:58:10.6340358+00:00 Information System.Net.Http.HttpClient.MinecraftRuntimeManager.LogicalHandler Start processing HTTP request GET https://resources.download.minecraft.net/c4/c4edec120d2059545b5f35a6ce3830adfb1050a1
2026-09-08T22:58:10.6343136+00:00 Information System.Net.Http.HttpClient.MinecraftRuntimeManager.ClientHandler Sending HTTP request GET https://resources.download.minecraft.net/c4/c4edec120d2059545b5f35a6ce3830adfb1050a1
2026-09-08T22:58:10.8075276+00:00 Information System.Net.Http.HttpClient.MinecraftRuntimeManager.ClientHandler Received HTTP response headers after 172.6145ms - 200
2026-09-08T22:58:10.8081468+00:00 Information System.Net.Http.HttpClient.MinecraftRuntimeManager.LogicalHandler End processing HTTP request after 174.0217ms - 200
2026-09-08T22:58:10.9682525+00:00 Information System.Net.Http.HttpClient.MinecraftRuntimeManager.LogicalHandler Start processing HTTP request GET https://resources.download.minecraft.net/6e/6e909a6e69fbc5a1d5e94977f14d79dcff1d1e1e
2026-09-08T22:58:10.9684980+00:00 Information System.Net.Http.HttpClient.MinecraftRuntimeManager.ClientHandler Sending HTTP request GET https://resources.download.minecraft.net/6e/6e909a6e69fbc5a1d5e94977f14d79dcff1d1e1e
2026-09-08T22:58:11.1422041+00:00 Information System.Net.Http.HttpClient.MinecraftRuntimeManager.ClientHandler Received HTTP response headers after 173.2536ms - 200
2026-09-08T22:58:11.1427637+00:00 Information System.Net.Http.HttpClient.MinecraftRuntimeManager.LogicalHandler End processing HTTP request after 174.4229ms - 200
2026-09-08T22:58:11.4183371+00:00 Information System.Net.Http.HttpClient.MinecraftRuntimeManager.LogicalHandler Start processing HTTP request GET https://resources.download.minecraft.net/9b/9b9aede63e9118aefb7d81663a62532c801edd46
2026-09-08T22:58:11.4186910+00:00 Information System.Net.Http.HttpClient.MinecraftRuntimeManager.ClientHandler Sending HTTP request GET https://resources.download.minecraft.net/9b/9b9aede63e9118aefb7d81663a62532c801edd46
2026-09-08T22:58:11.5956140+00:00 Information System.Net.Http.HttpClient.MinecraftRuntimeManager.ClientHandler Received HTTP response headers after 176.4034ms - 200
2026-09-08T22:58:11.5960818+00:00 Information System.Net.Http.HttpClient.MinecraftRuntimeManager.LogicalHandler End processing HTTP request after 177.7592ms - 200
2026-09-08T22:58:11.7467702+00:00 Information System.Net.Http.HttpClient.MinecraftRuntimeManager.LogicalHandler Start processing HTTP request GET https://resources.download.minecraft.net/59/59281a90dd6722be828d9c5fef1cc053bc1fcc24
2026-09-08T22:58:11.7470228+00:00 Information System.Net.Http.HttpClient.MinecraftRuntimeManager.ClientHandler Sending HTTP request GET https://resources.download.minecraft.net/59/59281a90dd6722be828d9c5fef1cc053bc1fcc24
2026-09-08T22:58:11.9201518+00:00 Information System.Net.Http.HttpClient.MinecraftRuntimeManager.ClientHandler Received HTTP response headers after 172.6501ms - 200
2026-09-08T22:58:11.9204832+00:00 Information System.Net.Http.HttpClient.MinecraftRuntimeManager.LogicalHandler End processing HTTP request after 173.7426ms - 200
2026-09-08T22:58:12.0733337+00:00 Information System.Net.Http.HttpClient.MinecraftRuntimeManager.LogicalHandler Start processing HTTP request GET https://resources.download.minecraft.net/01/014653fb18951fb5b1b578ca37848f43d342eefd
2026-09-08T22:58:12.0737636+00:00 Information System.Net.Http.HttpClient.MinecraftRuntimeManager.ClientHandler Sending HTTP request GET https://resources.download.minecraft.net/01/014653fb18951fb5b1b578ca37848f43d342eefd
2026-09-08T22:58:12.2475450+00:00 Information System.Net.Http.HttpClient.MinecraftRuntimeManager.ClientHandler Received HTTP response headers after 173.303ms - 200
2026-09-08T22:58:12.2479485+00:00 Information System.Net.Http.HttpClient.MinecraftRuntimeManager.LogicalHandler End processing HTTP request after 174.6458ms - 200
2026-09-08T22:58:12.4367435+00:00 Information System.Net.Http.HttpClient.MinecraftRuntimeManager.LogicalHandler Start processing HTTP request GET https://resources.download.minecraft.net/3d/3dad5156cfe62be96666a99adc719a8f0869dc78
2026-09-08T22:58:12.4369989+00:00 Information System.Net.Http.HttpClient.MinecraftRuntimeManager.ClientHandler Sending HTTP request GET https://resources.download.minecraft.net/3d/3dad5156cfe62be96666a99adc719a8f0869dc78
2026-09-08T22:58:12.6119580+00:00 Information System.Net.Http.HttpClient.MinecraftRuntimeManager.ClientHandler Received HTTP response headers after 174.6579ms - 200
2026-09-08T22:58:12.6125445+00:00 Information System.Net.Http.HttpClient.MinecraftRuntimeManager.LogicalHandler End processing HTTP request after 175.6971ms - 200
2026-09-08T22:58:12.6277950+00:00 Information System.Net.Http.HttpClient.MinecraftRuntimeManager.LogicalHandler Start processing HTTP request GET https://resources.download.minecraft.net/d1/d19a3a30b12a131de2dcd89f2d17c43aee7588b6
2026-09-08T22:58:12.6281438+00:00 Information System.Net.Http.HttpClient.MinecraftRuntimeManager.ClientHandler Sending HTTP request GET https://resources.download.minecraft.net/d1/d19a3a30b12a131de2dcd89f2d17c43aee7588b6
2026-09-08T22:58:12.8019160+00:00 Information System.Net.Http.HttpClient.MinecraftRuntimeManager.ClientHandler Received HTTP response headers after 173.3925ms - 200
2026-09-08T22:58:12.8022832+00:00 Information System.Net.Http.HttpClient.MinecraftRuntimeManager.LogicalHandler End processing HTTP request after 174.4812ms - 200
2026-09-08T22:58:12.9731851+00:00 Information System.Net.Http.HttpClient.MinecraftRuntimeManager.LogicalHandler Start processing HTTP request GET https://resources.download.minecraft.net/09/09eab141cce7550f9a74c65db0e9abbb342cf50f
2026-09-08T22:58:12.9734694+00:00 Information System.Net.Http.HttpClient.MinecraftRuntimeManager.ClientHandler Sending HTTP request GET https://resources.download.minecraft.net/09/09eab141cce7550f9a74c65db0e9abbb342cf50f
2026-09-08T22:58:13.1464675+00:00 Information System.Net.Http.HttpClient.MinecraftRuntimeManager.ClientHandler Received HTTP response headers after 172.621ms - 200
2026-09-08T22:58:13.1468299+00:00 Information System.Net.Http.HttpClient.MinecraftRuntimeManager.LogicalHandler End processing HTTP request after 173.6979ms - 200
2026-09-08T22:58:13.2861022+00:00 Information System.Net.Http.HttpClient.MinecraftRuntimeManager.LogicalHandler Start processing HTTP request GET https://resources.download.minecraft.net/29/29d4dccf3353334c7aa2a49cb6fed3780a51a1ba
2026-09-08T22:58:13.2863777+00:00 Information System.Net.Http.HttpClient.MinecraftRuntimeManager.ClientHandler Sending HTTP request GET https://resources.download.minecraft.net/29/29d4dccf3353334c7aa2a49cb6fed3780a51a1ba
2026-09-08T22:58:13.4606396+00:00 Information System.Net.Http.HttpClient.MinecraftRuntimeManager.ClientHandler Received HTTP response headers after 173.7897ms - 200
2026-09-08T22:58:13.4610192+00:00 Information System.Net.Http.HttpClient.MinecraftRuntimeManager.LogicalHandler End processing HTTP request after 174.9067ms - 200
2026-09-08T22:58:13.4774686+00:00 Information System.Net.Http.HttpClient.MinecraftRuntimeManager.LogicalHandler Start processing HTTP request GET https://resources.download.minecraft.net/79/79a5b53bf22cca182ddff2a670942c49867663ec
2026-09-08T22:58:13.4777368+00:00 Information System.Net.Http.HttpClient.MinecraftRuntimeManager.ClientHandler Sending HTTP request GET https://resources.download.minecraft.net/79/79a5b53bf22cca182ddff2a670942c49867663ec
2026-09-08T22:58:13.7587552+00:00 Information System.Net.Http.HttpClient.MinecraftRuntimeManager.ClientHandler Received HTTP response headers after 280.5221ms - 200
2026-09-08T22:58:13.7593255+00:00 Information System.Net.Http.HttpClient.MinecraftRuntimeManager.LogicalHandler End processing HTTP request after 281.8639ms - 200
2026-09-08T22:58:13.7677047+00:00 Information System.Net.Http.HttpClient.MinecraftRuntimeManager.LogicalHandler Start processing HTTP request GET https://resources.download.minecraft.net/e3/e367d1dfa1ce07374e0aeaecbfb1526142a0dcc1
2026-09-08T22:58:13.7679525+00:00 Information System.Net.Http.HttpClient.MinecraftRuntimeManager.ClientHandler Sending HTTP request GET https://resources.download.minecraft.net/e3/e367d1dfa1ce07374e0aeaecbfb1526142a0dcc1
2026-09-08T22:58:13.9450553+00:00 Information System.Net.Http.HttpClient.MinecraftRuntimeManager.ClientHandler Received HTTP response headers after 176.7821ms - 200
2026-09-08T22:58:13.9455303+00:00 Information System.Net.Http.HttpClient.MinecraftRuntimeManager.LogicalHandler End processing HTTP request after 177.8661ms - 200
2026-09-08T22:58:13.9593338+00:00 Information System.Net.Http.HttpClient.MinecraftRuntimeManager.LogicalHandler Start processing HTTP request GET https://resources.download.minecraft.net/a7/a720e85e35be0dc3186d01cc599121b87e7ee9f7
2026-09-08T22:58:13.9596302+00:00 Information System.Net.Http.HttpClient.MinecraftRuntimeManager.ClientHandler Sending HTTP request GET https://resources.download.minecraft.net/a7/a720e85e35be0dc3186d01cc599121b87e7ee9f7
2026-09-08T22:58:14.2389387+00:00 Information System.Net.Http.HttpClient.MinecraftRuntimeManager.ClientHandler Received HTTP response headers after 278.7872ms - 200
2026-09-08T22:58:14.2392773+00:00 Information System.Net.Http.HttpClient.MinecraftRuntimeManager.LogicalHandler End processing HTTP request after 279.9654ms - 200
2026-09-08T22:58:14.2480210+00:00 Information System.Net.Http.HttpClient.MinecraftRuntimeManager.LogicalHandler Start processing HTTP request GET https://resources.download.minecraft.net/63/63bbe3921abd75b9f6cd1e20330360d164da169b
2026-09-08T22:58:14.2483200+00:00 Information System.Net.Http.HttpClient.MinecraftRuntimeManager.ClientHandler Sending HTTP request GET https://resources.download.minecraft.net/63/63bbe3921abd75b9f6cd1e20330360d164da169b
2026-09-08T22:58:14.4225538+00:00 Information System.Net.Http.HttpClient.MinecraftRuntimeManager.ClientHandler Received HTTP response headers after 173.8624ms - 200
2026-09-08T22:58:14.4228818+00:00 Information System.Net.Http.HttpClient.MinecraftRuntimeManager.LogicalHandler End processing HTTP request after 174.8861ms - 200
2026-09-08T22:58:14.4338506+00:00 Information System.Net.Http.HttpClient.MinecraftRuntimeManager.LogicalHandler Start processing HTTP request GET https://resources.download.minecraft.net/2a/2a36ba7e9f4ffc0d22433933bb8ce98de9912432
2026-09-08T22:58:14.4341226+00:00 Information System.Net.Http.HttpClient.MinecraftRuntimeManager.ClientHandler Sending HTTP request GET https://resources.download.minecraft.net/2a/2a36ba7e9f4ffc0d22433933bb8ce98de9912432
2026-09-08T22:58:14.6084234+00:00 Information System.Net.Http.HttpClient.MinecraftRuntimeManager.ClientHandler Received HTTP response headers after 173.9567ms - 200
2026-09-08T22:58:14.6087318+00:00 Information System.Net.Http.HttpClient.MinecraftRuntimeManager.LogicalHandler End processing HTTP request after 174.9869ms - 200
2026-09-08T22:58:14.6363552+00:00 Information System.Net.Http.HttpClient.MinecraftRuntimeManager.LogicalHandler Start processing HTTP request GET https://resources.download.minecraft.net/bd/bdbaad5ee2fede656f074621625a4c25287f28ff
2026-09-08T22:58:14.6366465+00:00 Information System.Net.Http.HttpClient.MinecraftRuntimeManager.ClientHandler Sending HTTP request GET https://resources.download.minecraft.net/bd/bdbaad5ee2fede656f074621625a4c25287f28ff
2026-09-08T22:58:14.8084046+00:00 Information System.Net.Http.HttpClient.MinecraftRuntimeManager.ClientHandler Received HTTP response headers after 171.4198ms - 200
2026-09-08T22:58:14.8087659+00:00 Information System.Net.Http.HttpClient.MinecraftRuntimeManager.LogicalHandler End processing HTTP request after 172.4355ms - 200
2026-09-08T22:58:14.8281086+00:00 Information System.Net.Http.HttpClient.MinecraftRuntimeManager.LogicalHandler Start processing HTTP request GET https://resources.download.minecraft.net/2e/2ee3d3db9717b7f689e5b3ab389838e4f85af3a5
2026-09-08T22:58:14.8286189+00:00 Information System.Net.Http.HttpClient.MinecraftRuntimeManager.ClientHandler Sending HTTP request GET https://resources.download.minecraft.net/2e/2ee3d3db9717b7f689e5b3ab389838e4f85af3a5
2026-09-08T22:58:15.0019055+00:00 Information System.Net.Http.HttpClient.MinecraftRuntimeManager.ClientHandler Received HTTP response headers after 172.8891ms - 200
2026-09-08T22:58:15.0023519+00:00 Information System.Net.Http.HttpClient.MinecraftRuntimeManager.LogicalHandler End processing HTTP request after 174.5304ms - 200
2026-09-08T22:58:15.0226182+00:00 Information System.Net.Http.HttpClient.MinecraftRuntimeManager.LogicalHandler Start processing HTTP request GET https://resources.download.minecraft.net/81/813118504a96fe9d349fe06f97cd629526eaedda
2026-09-08T22:58:15.0229829+00:00 Information System.Net.Http.HttpClient.MinecraftRuntimeManager.ClientHandler Sending HTTP request GET https://resources.download.minecraft.net/81/813118504a96fe9d349fe06f97cd629526eaedda
2026-09-08T22:58:15.1961309+00:00 Information System.Net.Http.HttpClient.MinecraftRuntimeManager.ClientHandler Received HTTP response headers after 172.6922ms - 200
2026-09-08T22:58:15.1967456+00:00 Information System.Net.Http.HttpClient.MinecraftRuntimeManager.LogicalHandler End processing HTTP request after 174.1597ms - 200
2026-09-08T22:58:15.2271526+00:00 Information System.Net.Http.HttpClient.MinecraftRuntimeManager.LogicalHandler Start processing HTTP request GET https://resources.download.minecraft.net/1d/1d37185f9790e93c2998cc4deea8968506a51d4a
2026-09-08T22:58:15.2274221+00:00 Information System.Net.Http.HttpClient.MinecraftRuntimeManager.ClientHandler Sending HTTP request GET https://resources.download.minecraft.net/1d/1d37185f9790e93c2998cc4deea8968506a51d4a
2026-09-08T22:58:15.4003186+00:00 Information System.Net.Http.HttpClient.MinecraftRuntimeManager.ClientHandler Received HTTP response headers after 172.539ms - 200
2026-09-08T22:58:15.4006807+00:00 Information System.Net.Http.HttpClient.MinecraftRuntimeManager.LogicalHandler End processing HTTP request after 173.517ms - 200
2026-09-08T22:58:15.4199950+00:00 Information System.Net.Http.HttpClient.MinecraftRuntimeManager.LogicalHandler Start processing HTTP request GET https://resources.download.minecraft.net/87/8751a4abf7cc497f4933723cb795492f5752dcf9
2026-09-08T22:58:15.4203094+00:00 Information System.Net.Http.HttpClient.MinecraftRuntimeManager.ClientHandler Sending HTTP request GET https://resources.download.minecraft.net/87/8751a4abf7cc497f4933723cb795492f5752dcf9
2026-09-08T22:58:15.5941681+00:00 Information System.Net.Http.HttpClient.MinecraftRuntimeManager.ClientHandler Received HTTP response headers after 173.5388ms - 200
2026-09-08T22:58:15.5946903+00:00 Information System.Net.Http.HttpClient.MinecraftRuntimeManager.LogicalHandler End processing HTTP request after 174.671ms - 200
2026-09-08T22:58:15.6258692+00:00 Information System.Net.Http.HttpClient.MinecraftRuntimeManager.LogicalHandler Start processing HTTP request GET https://resources.download.minecraft.net/56/5680749048457f5772ec95a73d856ad792fa1717
2026-09-08T22:58:15.6261173+00:00 Information System.Net.Http.HttpClient.MinecraftRuntimeManager.ClientHandler Sending HTTP request GET https://resources.download.minecraft.net/56/5680749048457f5772ec95a73d856ad792fa1717
2026-09-08T22:58:15.7983412+00:00 Information System.Net.Http.HttpClient.MinecraftRuntimeManager.ClientHandler Received HTTP response headers after 171.9224ms - 200
2026-09-08T22:58:15.7987057+00:00 Information System.Net.Http.HttpClient.MinecraftRuntimeManager.LogicalHandler End processing HTTP request after 172.8781ms - 200
2026-09-08T22:58:15.8155453+00:00 Information System.Net.Http.HttpClient.MinecraftRuntimeManager.LogicalHandler Start processing HTTP request GET https://resources.download.minecraft.net/56/56880bed78b91dddde4a84e10402f957cfc05144
2026-09-08T22:58:15.8158363+00:00 Information System.Net.Http.HttpClient.MinecraftRuntimeManager.ClientHandler Sending HTTP request GET https://resources.download.minecraft.net/56/56880bed78b91dddde4a84e10402f957cfc05144
2026-09-08T22:58:16.0167605+00:00 Information System.Net.Http.HttpClient.MinecraftRuntimeManager.ClientHandler Received HTTP response headers after 200.5251ms - 200
2026-09-08T22:58:16.0172717+00:00 Information System.Net.Http.HttpClient.MinecraftRuntimeManager.LogicalHandler End processing HTTP request after 201.7193ms - 200
2026-09-08T22:58:16.0305603+00:00 Information System.Net.Http.HttpClient.MinecraftRuntimeManager.LogicalHandler Start processing HTTP request GET https://resources.download.minecraft.net/82/82e475bcaaf956cd4fdc029a757d4fcd9b25b9cb
2026-09-08T22:58:16.0308303+00:00 Information System.Net.Http.HttpClient.MinecraftRuntimeManager.ClientHandler Sending HTTP request GET https://resources.download.minecraft.net/82/82e475bcaaf956cd4fdc029a757d4fcd9b25b9cb
2026-09-08T22:58:16.2050321+00:00 Information System.Net.Http.HttpClient.MinecraftRuntimeManager.ClientHandler Received HTTP response headers after 173.8083ms - 200
2026-09-08T22:58:16.2054142+00:00 Information System.Net.Http.HttpClient.MinecraftRuntimeManager.LogicalHandler End processing HTTP request after 174.9177ms - 200
2026-09-08T22:58:16.2215426+00:00 Information System.Net.Http.HttpClient.MinecraftRuntimeManager.LogicalHandler Start processing HTTP request GET https://resources.download.minecraft.net/b6/b60ab8b15b9763f8fd55dcaedab74d8eb2d45d53
2026-09-08T22:58:16.2218140+00:00 Information System.Net.Http.HttpClient.MinecraftRuntimeManager.ClientHandler Sending HTTP request GET https://resources.download.minecraft.net/b6/b60ab8b15b9763f8fd55dcaedab74d8eb2d45d53
2026-09-08T22:58:16.3943938+00:00 Information System.Net.Http.HttpClient.MinecraftRuntimeManager.ClientHandler Received HTTP response headers after 172.2649ms - 200
2026-09-08T22:58:16.3947805+00:00 Information System.Net.Http.HttpClient.MinecraftRuntimeManager.LogicalHandler End processing HTTP request after 173.2466ms - 200
2026-09-08T22:58:16.4102544+00:00 Information System.Net.Http.HttpClient.MinecraftRuntimeManager.LogicalHandler Start processing HTTP request GET https://resources.download.minecraft.net/7c/7c35e7cf6e530d662210be0ee8ef8cd44be3e654
2026-09-08T22:58:16.4105098+00:00 Information System.Net.Http.HttpClient.MinecraftRuntimeManager.ClientHandler Sending HTTP request GET https://resources.download.minecraft.net/7c/7c35e7cf6e530d662210be0ee8ef8cd44be3e654
2026-09-08T22:58:16.5871307+00:00 Information System.Net.Http.HttpClient.MinecraftRuntimeManager.ClientHandler Received HTTP response headers after 176.2358ms - 200
2026-09-08T22:58:16.5875611+00:00 Information System.Net.Http.HttpClient.MinecraftRuntimeManager.LogicalHandler End processing HTTP request after 177.3876ms - 200
2026-09-08T22:58:16.7700274+00:00 Information System.Net.Http.HttpClient.MinecraftRuntimeManager.LogicalHandler Start processing HTTP request GET https://resources.download.minecraft.net/d4/d4b06ccb8e331ece734f51d84a0a5fbc7164d8be
2026-09-08T22:58:16.7702915+00:00 Information System.Net.Http.HttpClient.MinecraftRuntimeManager.ClientHandler Sending HTTP request GET https://resources.download.minecraft.net/d4/d4b06ccb8e331ece734f51d84a0a5fbc7164d8be
2026-09-08T22:58:18.0017728+00:00 Information System.Net.Http.HttpClient.MinecraftRuntimeManager.ClientHandler Received HTTP response headers after 1231.0095ms - 200
2026-09-08T22:58:18.0022327+00:00 Information System.Net.Http.HttpClient.MinecraftRuntimeManager.LogicalHandler End processing HTTP request after 1232.2294ms - 200
2026-09-08T22:58:18.5179645+00:00 Information System.Net.Http.HttpClient.MinecraftRuntimeManager.LogicalHandler Start processing HTTP request GET https://resources.download.minecraft.net/48/48540d7788ce3d9e780cb448ce5676c53dbcfd23
2026-09-08T22:58:18.5182139+00:00 Information System.Net.Http.HttpClient.MinecraftRuntimeManager.ClientHandler Sending HTTP request GET https://resources.download.minecraft.net/48/48540d7788ce3d9e780cb448ce5676c53dbcfd23
2026-09-08T22:58:19.3555658+00:00 Information System.Net.Http.HttpClient.MinecraftRuntimeManager.ClientHandler Received HTTP response headers after 836.9725ms - 200
2026-09-08T22:58:19.3560980+00:00 Information System.Net.Http.HttpClient.MinecraftRuntimeManager.LogicalHandler End processing HTTP request after 838.1077ms - 200
2026-09-08T22:58:19.6438521+00:00 Information System.Net.Http.HttpClient.MinecraftRuntimeManager.LogicalHandler Start processing HTTP request GET https://resources.download.minecraft.net/18/18a992d93128bb2e2861930cff3140c6940c0127
2026-09-08T22:58:19.6441552+00:00 Information System.Net.Http.HttpClient.MinecraftRuntimeManager.ClientHandler Sending HTTP request GET https://resources.download.minecraft.net/18/18a992d93128bb2e2861930cff3140c6940c0127
2026-09-08T22:58:20.2684664+00:00 Information System.Net.Http.HttpClient.MinecraftRuntimeManager.ClientHandler Received HTTP response headers after 623.9832ms - 200
2026-09-08T22:58:20.2688376+00:00 Information System.Net.Http.HttpClient.MinecraftRuntimeManager.LogicalHandler End processing HTTP request after 624.9882ms - 200
2026-09-08T22:58:20.6695153+00:00 Information System.Net.Http.HttpClient.MinecraftRuntimeManager.LogicalHandler Start processing HTTP request GET https://resources.download.minecraft.net/cf/cf23204a9cca2ac7f9674168cc063cfb4dbe001f
2026-09-08T22:58:20.6697743+00:00 Information System.Net.Http.HttpClient.MinecraftRuntimeManager.ClientHandler Sending HTTP request GET https://resources.download.minecraft.net/cf/cf23204a9cca2ac7f9674168cc063cfb4dbe001f
2026-09-08T22:58:21.1428455+00:00 Information System.Net.Http.HttpClient.MinecraftRuntimeManager.ClientHandler Received HTTP response headers after 472.7407ms - 200
2026-09-08T22:58:21.1431911+00:00 Information System.Net.Http.HttpClient.MinecraftRuntimeManager.LogicalHandler End processing HTTP request after 473.6731ms - 200
2026-09-08T22:58:21.2337790+00:00 Information System.Net.Http.HttpClient.MinecraftRuntimeManager.LogicalHandler Start processing HTTP request GET https://resources.download.minecraft.net/c8/c8dd60f7e7087da52a431c1dbc0f397317b374fb
2026-09-08T22:58:21.2340401+00:00 Information System.Net.Http.HttpClient.MinecraftRuntimeManager.ClientHandler Sending HTTP request GET https://resources.download.minecraft.net/c8/c8dd60f7e7087da52a431c1dbc0f397317b374fb
2026-09-08T22:58:21.6635279+00:00 Information System.Net.Http.HttpClient.MinecraftRuntimeManager.ClientHandler Received HTTP response headers after 429.0655ms - 200
2026-09-08T22:58:21.6639763+00:00 Information System.Net.Http.HttpClient.MinecraftRuntimeManager.LogicalHandler End processing HTTP request after 430.1384ms - 200
2026-09-08T22:58:21.7674905+00:00 Information System.Net.Http.HttpClient.MinecraftRuntimeManager.LogicalHandler Start processing HTTP request GET https://resources.download.minecraft.net/90/9024de3f1dd4bc1e8f445c7c5b812f25c7e31bf6
2026-09-08T22:58:21.7678033+00:00 Information System.Net.Http.HttpClient.MinecraftRuntimeManager.ClientHandler Sending HTTP request GET https://resources.download.minecraft.net/90/9024de3f1dd4bc1e8f445c7c5b812f25c7e31bf6
2026-09-08T22:58:22.1380385+00:00 Information System.Net.Http.HttpClient.MinecraftRuntimeManager.ClientHandler Received HTTP response headers after 369.9057ms - 200
2026-09-08T22:58:22.1384080+00:00 Information System.Net.Http.HttpClient.MinecraftRuntimeManager.LogicalHandler End processing HTTP request after 370.9502ms - 200
2026-09-08T22:58:22.2647606+00:00 Information System.Net.Http.HttpClient.MinecraftRuntimeManager.LogicalHandler Start processing HTTP request GET https://resources.download.minecraft.net/b4/b463fa47816fe9a5dfe508093150e647403e4db6
2026-09-08T22:58:22.2650067+00:00 Information System.Net.Http.HttpClient.MinecraftRuntimeManager.ClientHandler Sending HTTP request GET https://resources.download.minecraft.net/b4/b463fa47816fe9a5dfe508093150e647403e4db6
2026-09-08T22:58:22.5235658+00:00 Information System.Net.Http.HttpClient.MinecraftRuntimeManager.ClientHandler Received HTTP response headers after 258.2352ms - 200
2026-09-08T22:58:22.5239220+00:00 Information System.Net.Http.HttpClient.MinecraftRuntimeManager.LogicalHandler End processing HTTP request after 259.2085ms - 200
2026-09-08T22:58:22.6135796+00:00 Information System.Net.Http.HttpClient.MinecraftRuntimeManager.LogicalHandler Start processing HTTP request GET https://resources.download.minecraft.net/ec/ec427e5a26e2170b435c85f4bae71bf5b9329b2c
2026-09-08T22:58:22.6138718+00:00 Information System.Net.Http.HttpClient.MinecraftRuntimeManager.ClientHandler Sending HTTP request GET https://resources.download.minecraft.net/ec/ec427e5a26e2170b435c85f4bae71bf5b9329b2c
2026-09-08T22:58:22.8724107+00:00 Information System.Net.Http.HttpClient.MinecraftRuntimeManager.ClientHandler Received HTTP response headers after 258.1295ms - 200
2026-09-08T22:58:22.8728136+00:00 Information System.Net.Http.HttpClient.MinecraftRuntimeManager.LogicalHandler End processing HTTP request after 259.2511ms - 200
2026-09-08T22:58:23.6905005+00:00 Information System.Net.Http.HttpClient.MinecraftRuntimeManager.LogicalHandler Start processing HTTP request GET https://resources.download.minecraft.net/02/02e04a1bba845ed4b3c0d006ebffc894c3588604
2026-09-08T22:58:23.6907629+00:00 Information System.Net.Http.HttpClient.MinecraftRuntimeManager.ClientHandler Sending HTTP request GET https://resources.download.minecraft.net/02/02e04a1bba845ed4b3c0d006ebffc894c3588604
2026-09-08T22:58:23.9122472+00:00 Information System.Net.Http.HttpClient.MinecraftRuntimeManager.ClientHandler Received HTTP response headers after 221.1508ms - 200
2026-09-08T22:58:23.9127215+00:00 Information System.Net.Http.HttpClient.MinecraftRuntimeManager.LogicalHandler End processing HTTP request after 222.2586ms - 200
2026-09-08T22:58:24.4494835+00:00 Information System.Net.Http.HttpClient.MinecraftRuntimeManager.LogicalHandler Start processing HTTP request GET https://resources.download.minecraft.net/d3/d37865c3895660038e4ceb30fb199b346cc1b1ee
2026-09-08T22:58:24.4497252+00:00 Information System.Net.Http.HttpClient.MinecraftRuntimeManager.ClientHandler Sending HTTP request GET https://resources.download.minecraft.net/d3/d37865c3895660038e4ceb30fb199b346cc1b1ee
2026-09-08T22:58:24.6571552+00:00 Information System.Net.Http.HttpClient.MinecraftRuntimeManager.ClientHandler Received HTTP response headers after 207.0361ms - 200
2026-09-08T22:58:24.6576843+00:00 Information System.Net.Http.HttpClient.MinecraftRuntimeManager.LogicalHandler End processing HTTP request after 208.1642ms - 200
2026-09-08T22:58:25.2261818+00:00 Information System.Net.Http.HttpClient.MinecraftRuntimeManager.LogicalHandler Start processing HTTP request GET https://resources.download.minecraft.net/6c/6c9cd4e4d33421764f7fb0183cc51e93b6c0fb2d
2026-09-08T22:58:25.2265122+00:00 Information System.Net.Http.HttpClient.MinecraftRuntimeManager.ClientHandler Sending HTTP request GET https://resources.download.minecraft.net/6c/6c9cd4e4d33421764f7fb0183cc51e93b6c0fb2d
2026-09-08T22:58:25.4219273+00:00 Information System.Net.Http.HttpClient.MinecraftRuntimeManager.ClientHandler Received HTTP response headers after 194.8963ms - 200
2026-09-08T22:58:25.4225458+00:00 Information System.Net.Http.HttpClient.MinecraftRuntimeManager.LogicalHandler End processing HTTP request after 196.2744ms - 200
2026-09-08T22:58:25.9137722+00:00 Information System.Net.Http.HttpClient.MinecraftRuntimeManager.LogicalHandler Start processing HTTP request GET https://resources.download.minecraft.net/bf/bffd12a3916bea7c6db2159a724d164d35e496bf
2026-09-08T22:58:25.9141505+00:00 Information System.Net.Http.HttpClient.MinecraftRuntimeManager.ClientHandler Sending HTTP request GET https://resources.download.minecraft.net/bf/bffd12a3916bea7c6db2159a724d164d35e496bf
2026-09-08T22:58:26.1041533+00:00 Information System.Net.Http.HttpClient.MinecraftRuntimeManager.ClientHandler Received HTTP response headers after 189.5925ms - 200
2026-09-08T22:58:26.1048258+00:00 Information System.Net.Http.HttpClient.MinecraftRuntimeManager.LogicalHandler End processing HTTP request after 190.96ms - 200
2026-09-08T22:58:28.0698819+00:00 Information System.Net.Http.HttpClient.MinecraftRuntimeManager.LogicalHandler Start processing HTTP request GET https://resources.download.minecraft.net/83/8384e2310798a17a64e583ae5af0d8ab290cf4f2
2026-09-08T22:58:28.0701516+00:00 Information System.Net.Http.HttpClient.MinecraftRuntimeManager.ClientHandler Sending HTTP request GET https://resources.download.minecraft.net/83/8384e2310798a17a64e583ae5af0d8ab290cf4f2
2026-09-08T22:58:28.2512322+00:00 Information System.Net.Http.HttpClient.MinecraftRuntimeManager.ClientHandler Received HTTP response headers after 180.7364ms - 200
2026-09-08T22:58:28.2517649+00:00 Information System.Net.Http.HttpClient.MinecraftRuntimeManager.LogicalHandler End processing HTTP request after 181.7577ms - 200
2026-09-08T22:58:28.3305649+00:00 Information System.Net.Http.HttpClient.MinecraftRuntimeManager.LogicalHandler Start processing HTTP request GET https://resources.download.minecraft.net/ae/ae228f495fe60c854a4b11b3fbf10199b5e10774
2026-09-08T22:58:28.3308937+00:00 Information System.Net.Http.HttpClient.MinecraftRuntimeManager.ClientHandler Sending HTTP request GET https://resources.download.minecraft.net/ae/ae228f495fe60c854a4b11b3fbf10199b5e10774
2026-09-08T22:58:28.5096834+00:00 Information System.Net.Http.HttpClient.MinecraftRuntimeManager.ClientHandler Received HTTP response headers after 178.4128ms - 200
2026-09-08T22:58:28.5099883+00:00 Information System.Net.Http.HttpClient.MinecraftRuntimeManager.LogicalHandler End processing HTTP request after 179.5035ms - 200
2026-09-08T22:58:28.5638909+00:00 Information System.Net.Http.HttpClient.MinecraftRuntimeManager.LogicalHandler Start processing HTTP request GET https://resources.download.minecraft.net/32/32ee59c3dc84e9d1e82f1b075ab384db98a12851
2026-09-08T22:58:28.5643256+00:00 Information System.Net.Http.HttpClient.MinecraftRuntimeManager.ClientHandler Sending HTTP request GET https://resources.download.minecraft.net/32/32ee59c3dc84e9d1e82f1b075ab384db98a12851
2026-09-08T22:58:28.7439515+00:00 Information System.Net.Http.HttpClient.MinecraftRuntimeManager.ClientHandler Received HTTP response headers after 179.2289ms - 200
2026-09-08T22:58:28.7443100+00:00 Information System.Net.Http.HttpClient.MinecraftRuntimeManager.LogicalHandler End processing HTTP request after 180.4044ms - 200
2026-09-08T22:58:28.9374850+00:00 Information System.Net.Http.HttpClient.MinecraftRuntimeManager.LogicalHandler Start processing HTTP request GET https://resources.download.minecraft.net/e1/e12154ca862546b6f91db32596bfb587a1c1cf77
2026-09-08T22:58:28.9377667+00:00 Information System.Net.Http.HttpClient.MinecraftRuntimeManager.ClientHandler Sending HTTP request GET https://resources.download.minecraft.net/e1/e12154ca862546b6f91db32596bfb587a1c1cf77
2026-09-08T22:58:29.1169799+00:00 Information System.Net.Http.HttpClient.MinecraftRuntimeManager.ClientHandler Received HTTP response headers after 178.7982ms - 200
2026-09-08T22:58:29.1174750+00:00 Information System.Net.Http.HttpClient.MinecraftRuntimeManager.LogicalHandler End processing HTTP request after 179.8975ms - 200
2026-09-08T22:58:29.3067459+00:00 Information System.Net.Http.HttpClient.MinecraftRuntimeManager.LogicalHandler Start processing HTTP request GET https://resources.download.minecraft.net/ac/ac62423d5355698ff6a8e563c18dbd9720edd9d9
2026-09-08T22:58:29.3070838+00:00 Information System.Net.Http.HttpClient.MinecraftRuntimeManager.ClientHandler Sending HTTP request GET https://resources.download.minecraft.net/ac/ac62423d5355698ff6a8e563c18dbd9720edd9d9
2026-09-08T22:58:29.4855515+00:00 Information System.Net.Http.HttpClient.MinecraftRuntimeManager.ClientHandler Received HTTP response headers after 178.1023ms - 200
2026-09-08T22:58:29.4859921+00:00 Information System.Net.Http.HttpClient.MinecraftRuntimeManager.LogicalHandler End processing HTTP request after 179.2568ms - 200
2026-09-08T22:58:29.5318512+00:00 Information System.Net.Http.HttpClient.MinecraftRuntimeManager.LogicalHandler Start processing HTTP request GET https://resources.download.minecraft.net/b2/b23936656f8baf6046e6787406ffdd38557f8b64
2026-09-08T22:58:29.5320981+00:00 Information System.Net.Http.HttpClient.MinecraftRuntimeManager.ClientHandler Sending HTTP request GET https://resources.download.minecraft.net/b2/b23936656f8baf6046e6787406ffdd38557f8b64
2026-09-08T22:58:29.7104910+00:00 Information System.Net.Http.HttpClient.MinecraftRuntimeManager.ClientHandler Received HTTP response headers after 178.022ms - 200
2026-09-08T22:58:29.7110231+00:00 Information System.Net.Http.HttpClient.MinecraftRuntimeManager.LogicalHandler End processing HTTP request after 179.1067ms - 200
2026-09-08T22:58:29.7337723+00:00 Information System.Net.Http.HttpClient.MinecraftRuntimeManager.LogicalHandler Start processing HTTP request GET https://resources.download.minecraft.net/c2/c21d63fd7ea4bbc7f44c464e08c7e65acb68c837
2026-09-08T22:58:29.7341707+00:00 Information System.Net.Http.HttpClient.MinecraftRuntimeManager.ClientHandler Sending HTTP request GET https://resources.download.minecraft.net/c2/c21d63fd7ea4bbc7f44c464e08c7e65acb68c837
2026-09-08T22:58:29.9133095+00:00 Information System.Net.Http.HttpClient.MinecraftRuntimeManager.ClientHandler Received HTTP response headers after 178.7413ms - 200
2026-09-08T22:58:29.9137461+00:00 Information System.Net.Http.HttpClient.MinecraftRuntimeManager.LogicalHandler End processing HTTP request after 180.0278ms - 200
2026-09-08T22:58:29.9425395+00:00 Information System.Net.Http.HttpClient.MinecraftRuntimeManager.LogicalHandler Start processing HTTP request GET https://resources.download.minecraft.net/c6/c633c3a2abaea2b4cc5c7bb493c3c3c201e97180
2026-09-08T22:58:29.9429400+00:00 Information System.Net.Http.HttpClient.MinecraftRuntimeManager.ClientHandler Sending HTTP request GET https://resources.download.minecraft.net/c6/c633c3a2abaea2b4cc5c7bb493c3c3c201e97180
2026-09-08T22:58:30.1218424+00:00 Information System.Net.Http.HttpClient.MinecraftRuntimeManager.ClientHandler Received HTTP response headers after 178.4691ms - 200
2026-09-08T22:58:30.1221437+00:00 Information System.Net.Http.HttpClient.MinecraftRuntimeManager.LogicalHandler End processing HTTP request after 179.6771ms - 200
2026-09-08T22:58:30.1715150+00:00 Information System.Net.Http.HttpClient.MinecraftRuntimeManager.LogicalHandler Start processing HTTP request GET https://resources.download.minecraft.net/40/4095ebb8fd5bac4978b91aaa004095aeac6d3b61
2026-09-08T22:58:30.1718413+00:00 Information System.Net.Http.HttpClient.MinecraftRuntimeManager.ClientHandler Sending HTTP request GET https://resources.download.minecraft.net/40/4095ebb8fd5bac4978b91aaa004095aeac6d3b61
2026-09-08T22:58:30.3507543+00:00 Information System.Net.Http.HttpClient.MinecraftRuntimeManager.ClientHandler Received HTTP response headers after 178.5924ms - 200
2026-09-08T22:58:30.3511612+00:00 Information System.Net.Http.HttpClient.MinecraftRuntimeManager.LogicalHandler End processing HTTP request after 179.5808ms - 200
2026-09-08T22:58:30.3955665+00:00 Information System.Net.Http.HttpClient.MinecraftRuntimeManager.LogicalHandler Start processing HTTP request GET https://resources.download.minecraft.net/16/16c726084cc8fa4d33e4959f78f364dd1a535551
2026-09-08T22:58:30.3958671+00:00 Information System.Net.Http.HttpClient.MinecraftRuntimeManager.ClientHandler Sending HTTP request GET https://resources.download.minecraft.net/16/16c726084cc8fa4d33e4959f78f364dd1a535551
2026-09-08T22:58:30.5727488+00:00 Information System.Net.Http.HttpClient.MinecraftRuntimeManager.ClientHandler Received HTTP response headers after 176.3779ms - 200
2026-09-08T22:58:30.5733354+00:00 Information System.Net.Http.HttpClient.MinecraftRuntimeManager.LogicalHandler End processing HTTP request after 177.8008ms - 200
2026-09-08T22:58:30.6416428+00:00 Information System.Net.Http.HttpClient.MinecraftRuntimeManager.LogicalHandler Start processing HTTP request GET https://resources.download.minecraft.net/08/08097e274026f60645970053264d62fc91018a97
2026-09-08T22:58:30.6420017+00:00 Information System.Net.Http.HttpClient.MinecraftRuntimeManager.ClientHandler Sending HTTP request GET https://resources.download.minecraft.net/08/08097e274026f60645970053264d62fc91018a97
2026-09-08T22:58:30.8232560+00:00 Information System.Net.Http.HttpClient.MinecraftRuntimeManager.ClientHandler Received HTTP response headers after 180.7788ms - 200
2026-09-08T22:58:30.8237095+00:00 Information System.Net.Http.HttpClient.MinecraftRuntimeManager.LogicalHandler End processing HTTP request after 182.0667ms - 200
2026-09-08T22:58:30.8588241+00:00 Information System.Net.Http.HttpClient.MinecraftRuntimeManager.LogicalHandler Start processing HTTP request GET https://resources.download.minecraft.net/28/289d15a96ca1de048ebc90a5ba235b81914e75fc
2026-09-08T22:58:30.8590719+00:00 Information System.Net.Http.HttpClient.MinecraftRuntimeManager.ClientHandler Sending HTTP request GET https://resources.download.minecraft.net/28/289d15a96ca1de048ebc90a5ba235b81914e75fc
2026-09-08T22:58:31.0384304+00:00 Information System.Net.Http.HttpClient.MinecraftRuntimeManager.ClientHandler Received HTTP response headers after 178.9923ms - 200
2026-09-08T22:58:31.0388030+00:00 Information System.Net.Http.HttpClient.MinecraftRuntimeManager.LogicalHandler End processing HTTP request after 179.9665ms - 200
2026-09-08T22:58:31.1087387+00:00 Information System.Net.Http.HttpClient.MinecraftRuntimeManager.LogicalHandler Start processing HTTP request GET https://resources.download.minecraft.net/b8/b868c215fd3292ed66458c5517c18f378590e868
2026-09-08T22:58:31.1089760+00:00 Information System.Net.Http.HttpClient.MinecraftRuntimeManager.ClientHandler Sending HTTP request GET https://resources.download.minecraft.net/b8/b868c215fd3292ed66458c5517c18f378590e868
2026-09-08T22:58:31.2889256+00:00 Information System.Net.Http.HttpClient.MinecraftRuntimeManager.ClientHandler Received HTTP response headers after 179.5723ms - 200
2026-09-08T22:58:31.2892596+00:00 Information System.Net.Http.HttpClient.MinecraftRuntimeManager.LogicalHandler End processing HTTP request after 180.5399ms - 200
2026-09-08T22:58:31.6818857+00:00 Information System.Net.Http.HttpClient.MinecraftRuntimeManager.LogicalHandler Start processing HTTP request GET https://resources.download.minecraft.net/45/45c33eda30a374fa13714fe9999e2ada1fe3ff14
2026-09-08T22:58:31.6822202+00:00 Information System.Net.Http.HttpClient.MinecraftRuntimeManager.ClientHandler Sending HTTP request GET https://resources.download.minecraft.net/45/45c33eda30a374fa13714fe9999e2ada1fe3ff14
2026-09-08T22:58:31.8596008+00:00 Information System.Net.Http.HttpClient.MinecraftRuntimeManager.ClientHandler Received HTTP response headers after 176.9174ms - 200
2026-09-08T22:58:31.8600766+00:00 Information System.Net.Http.HttpClient.MinecraftRuntimeManager.LogicalHandler End processing HTTP request after 178.2326ms - 200
2026-09-08T22:58:32.3165206+00:00 Information System.Net.Http.HttpClient.MinecraftRuntimeManager.LogicalHandler Start processing HTTP request GET https://resources.download.minecraft.net/4e/4e0d0837a0fbdcd1b627e1717fbca9dfdee81dc4
2026-09-08T22:58:32.3167711+00:00 Information System.Net.Http.HttpClient.MinecraftRuntimeManager.ClientHandler Sending HTTP request GET https://resources.download.minecraft.net/4e/4e0d0837a0fbdcd1b627e1717fbca9dfdee81dc4
2026-09-08T22:58:32.4949191+00:00 Information System.Net.Http.HttpClient.MinecraftRuntimeManager.ClientHandler Received HTTP response headers after 177.728ms - 200
2026-09-08T22:58:32.4955368+00:00 Information System.Net.Http.HttpClient.MinecraftRuntimeManager.LogicalHandler End processing HTTP request after 178.9498ms - 200
2026-09-08T22:58:32.9705787+00:00 Information System.Net.Http.HttpClient.MinecraftRuntimeManager.LogicalHandler Start processing HTTP request GET https://resources.download.minecraft.net/fb/fb6c3eb1c156a09f70d96677ba66e2afa00b50d2
2026-09-08T22:58:32.9708205+00:00 Information System.Net.Http.HttpClient.MinecraftRuntimeManager.ClientHandler Sending HTTP request GET https://resources.download.minecraft.net/fb/fb6c3eb1c156a09f70d96677ba66e2afa00b50d2
2026-09-08T22:58:33.1478644+00:00 Information System.Net.Http.HttpClient.MinecraftRuntimeManager.ClientHandler Received HTTP response headers after 176.6513ms - 200
2026-09-08T22:58:33.1482944+00:00 Information System.Net.Http.HttpClient.MinecraftRuntimeManager.LogicalHandler End processing HTTP request after 177.7191ms - 200
2026-09-08T22:58:33.1906021+00:00 Information System.Net.Http.HttpClient.MinecraftRuntimeManager.LogicalHandler Start processing HTTP request GET https://resources.download.minecraft.net/fe/fe4ae5f3af63d0f17ff3ea53e14fb55473458693
2026-09-08T22:58:33.1909152+00:00 Information System.Net.Http.HttpClient.MinecraftRuntimeManager.ClientHandler Sending HTTP request GET https://resources.download.minecraft.net/fe/fe4ae5f3af63d0f17ff3ea53e14fb55473458693
2026-09-08T22:58:33.3681693+00:00 Information System.Net.Http.HttpClient.MinecraftRuntimeManager.ClientHandler Received HTTP response headers after 176.8875ms - 200
2026-09-08T22:58:33.3685319+00:00 Information System.Net.Http.HttpClient.MinecraftRuntimeManager.LogicalHandler End processing HTTP request after 177.9667ms - 200
2026-09-08T22:58:33.3940325+00:00 Information System.Net.Http.HttpClient.MinecraftRuntimeManager.LogicalHandler Start processing HTTP request GET https://resources.download.minecraft.net/1c/1c927f6cfa7908113edcb357e479ce341d589181
2026-09-08T22:58:33.3943023+00:00 Information System.Net.Http.HttpClient.MinecraftRuntimeManager.ClientHandler Sending HTTP request GET https://resources.download.minecraft.net/1c/1c927f6cfa7908113edcb357e479ce341d589181
2026-09-08T22:58:33.5715499+00:00 Information System.Net.Http.HttpClient.MinecraftRuntimeManager.ClientHandler Received HTTP response headers after 176.7974ms - 200
2026-09-08T22:58:33.5720585+00:00 Information System.Net.Http.HttpClient.MinecraftRuntimeManager.LogicalHandler End processing HTTP request after 178.0439ms - 200
2026-09-08T22:58:33.6638586+00:00 Information System.Net.Http.HttpClient.MinecraftRuntimeManager.LogicalHandler Start processing HTTP request GET https://resources.download.minecraft.net/93/93fe2804bcf1d6f117ccea26b8b0fa13934b79a2
2026-09-08T22:58:33.6641449+00:00 Information System.Net.Http.HttpClient.MinecraftRuntimeManager.ClientHandler Sending HTTP request GET https://resources.download.minecraft.net/93/93fe2804bcf1d6f117ccea26b8b0fa13934b79a2
2026-09-08T22:58:33.8412986+00:00 Information System.Net.Http.HttpClient.MinecraftRuntimeManager.ClientHandler Received HTTP response headers after 176.7667ms - 200
2026-09-08T22:58:33.8417165+00:00 Information System.Net.Http.HttpClient.MinecraftRuntimeManager.LogicalHandler End processing HTTP request after 177.8366ms - 200
2026-09-08T22:58:33.9495550+00:00 Information System.Net.Http.HttpClient.MinecraftRuntimeManager.LogicalHandler Start processing HTTP request GET https://resources.download.minecraft.net/33/337de9b68a00e8bc06eb4183469f6f018b799787
2026-09-08T22:58:33.9498319+00:00 Information System.Net.Http.HttpClient.MinecraftRuntimeManager.ClientHandler Sending HTTP request GET https://resources.download.minecraft.net/33/337de9b68a00e8bc06eb4183469f6f018b799787
2026-09-08T22:58:34.1268286+00:00 Information System.Net.Http.HttpClient.MinecraftRuntimeManager.ClientHandler Received HTTP response headers after 176.4837ms - 200
2026-09-08T22:58:34.1273444+00:00 Information System.Net.Http.HttpClient.MinecraftRuntimeManager.LogicalHandler End processing HTTP request after 177.7819ms - 200
2026-09-08T22:58:34.2704334+00:00 Information System.Net.Http.HttpClient.MinecraftRuntimeManager.LogicalHandler Start processing HTTP request GET https://resources.download.minecraft.net/07/078e5b192d732ebd9a5c2171782173e3ded20ace
2026-09-08T22:58:34.2706842+00:00 Information System.Net.Http.HttpClient.MinecraftRuntimeManager.ClientHandler Sending HTTP request GET https://resources.download.minecraft.net/07/078e5b192d732ebd9a5c2171782173e3ded20ace
2026-09-08T22:58:34.4471422+00:00 Information System.Net.Http.HttpClient.MinecraftRuntimeManager.ClientHandler Received HTTP response headers after 176.1179ms - 200
2026-09-08T22:58:34.4475873+00:00 Information System.Net.Http.HttpClient.MinecraftRuntimeManager.LogicalHandler End processing HTTP request after 177.1428ms - 200
2026-09-08T22:58:34.4876401+00:00 Information System.Net.Http.HttpClient.MinecraftRuntimeManager.LogicalHandler Start processing HTTP request GET https://resources.download.minecraft.net/13/131b5f40eacc3e25fb4fe7f1c335d482bb52cf02
2026-09-08T22:58:34.4880795+00:00 Information System.Net.Http.HttpClient.MinecraftRuntimeManager.ClientHandler Sending HTTP request GET https://resources.download.minecraft.net/13/131b5f40eacc3e25fb4fe7f1c335d482bb52cf02
2026-09-08T22:58:34.6641793+00:00 Information System.Net.Http.HttpClient.MinecraftRuntimeManager.ClientHandler Received HTTP response headers after 175.6965ms - 200
2026-09-08T22:58:34.6646349+00:00 Information System.Net.Http.HttpClient.MinecraftRuntimeManager.LogicalHandler End processing HTTP request after 177.263ms - 200
2026-09-08T22:58:34.6993261+00:00 Information System.Net.Http.HttpClient.MinecraftRuntimeManager.LogicalHandler Start processing HTTP request GET https://resources.download.minecraft.net/55/55806e7597c378deac9b308f52d6375b03d41eda
2026-09-08T22:58:34.6995755+00:00 Information System.Net.Http.HttpClient.MinecraftRuntimeManager.ClientHandler Sending HTTP request GET https://resources.download.minecraft.net/55/55806e7597c378deac9b308f52d6375b03d41eda
2026-09-08T22:58:34.8760539+00:00 Information System.Net.Http.HttpClient.MinecraftRuntimeManager.ClientHandler Received HTTP response headers after 176.0971ms - 200
2026-09-08T22:58:34.8765448+00:00 Information System.Net.Http.HttpClient.MinecraftRuntimeManager.LogicalHandler End processing HTTP request after 177.1304ms - 200
2026-09-08T22:58:35.0728735+00:00 Information System.Net.Http.HttpClient.MinecraftRuntimeManager.LogicalHandler Start processing HTTP request GET https://resources.download.minecraft.net/70/70e1ffd8134ea42cbe26fe0e88ebabc40865e233
2026-09-08T22:58:35.0733001+00:00 Information System.Net.Http.HttpClient.MinecraftRuntimeManager.ClientHandler Sending HTTP request GET https://resources.download.minecraft.net/70/70e1ffd8134ea42cbe26fe0e88ebabc40865e233
2026-09-08T22:58:35.2508843+00:00 Information System.Net.Http.HttpClient.MinecraftRuntimeManager.ClientHandler Received HTTP response headers after 177.1326ms - 200
2026-09-08T22:58:35.2517500+00:00 Information System.Net.Http.HttpClient.MinecraftRuntimeManager.LogicalHandler End processing HTTP request after 178.9231ms - 200
2026-09-08T22:58:35.3855752+00:00 Information System.Net.Http.HttpClient.MinecraftRuntimeManager.LogicalHandler Start processing HTTP request GET https://resources.download.minecraft.net/08/081ace8eafec0b668fd5d164f2a91e9ce84b5d41
2026-09-08T22:58:35.3858649+00:00 Information System.Net.Http.HttpClient.MinecraftRuntimeManager.ClientHandler Sending HTTP request GET https://resources.download.minecraft.net/08/081ace8eafec0b668fd5d164f2a91e9ce84b5d41
2026-09-08T22:58:35.5621991+00:00 Information System.Net.Http.HttpClient.MinecraftRuntimeManager.ClientHandler Received HTTP response headers after 175.9806ms - 200
2026-09-08T22:58:35.5625168+00:00 Information System.Net.Http.HttpClient.MinecraftRuntimeManager.LogicalHandler End processing HTTP request after 176.9809ms - 200
2026-09-08T22:58:35.7292826+00:00 Information System.Net.Http.HttpClient.MinecraftRuntimeManager.LogicalHandler Start processing HTTP request GET https://resources.download.minecraft.net/eb/ebbc874bd5ae40539b98b3fd2a9b9a3f6feb1be6
2026-09-08T22:58:35.7295693+00:00 Information System.Net.Http.HttpClient.MinecraftRuntimeManager.ClientHandler Sending HTTP request GET https://resources.download.minecraft.net/eb/ebbc874bd5ae40539b98b3fd2a9b9a3f6feb1be6
2026-09-08T22:58:35.9051340+00:00 Information System.Net.Http.HttpClient.MinecraftRuntimeManager.ClientHandler Received HTTP response headers after 175.1522ms - 200
2026-09-08T22:58:35.9062231+00:00 Information System.Net.Http.HttpClient.MinecraftRuntimeManager.LogicalHandler End processing HTTP request after 176.915ms - 200
2026-09-08T22:58:36.1807571+00:00 Information System.Net.Http.HttpClient.MinecraftRuntimeManager.LogicalHandler Start processing HTTP request GET https://resources.download.minecraft.net/75/7510fee7d1d2d990a89acad1aed3c4e755259a31
2026-09-08T22:58:36.1809907+00:00 Information System.Net.Http.HttpClient.MinecraftRuntimeManager.ClientHandler Sending HTTP request GET https://resources.download.minecraft.net/75/7510fee7d1d2d990a89acad1aed3c4e755259a31
2026-09-08T22:58:36.3573778+00:00 Information System.Net.Http.HttpClient.MinecraftRuntimeManager.ClientHandler Received HTTP response headers after 175.9627ms - 200
2026-09-08T22:58:36.3577120+00:00 Information System.Net.Http.HttpClient.MinecraftRuntimeManager.LogicalHandler End processing HTTP request after 176.9762ms - 200
2026-09-08T22:58:36.6309471+00:00 Information System.Net.Http.HttpClient.MinecraftRuntimeManager.LogicalHandler Start processing HTTP request GET https://resources.download.minecraft.net/ac/ac2c0dbc87e926779820d74082a213b4ea569694
2026-09-08T22:58:36.6311707+00:00 Information System.Net.Http.HttpClient.MinecraftRuntimeManager.ClientHandler Sending HTTP request GET https://resources.download.minecraft.net/ac/ac2c0dbc87e926779820d74082a213b4ea569694
2026-09-08T22:58:37.1122217+00:00 Information System.Net.Http.HttpClient.MinecraftRuntimeManager.ClientHandler Received HTTP response headers after 480.7225ms - 200
2026-09-08T22:58:37.1128650+00:00 Information System.Net.Http.HttpClient.MinecraftRuntimeManager.LogicalHandler End processing HTTP request after 481.7938ms - 200
2026-09-08T22:58:37.2368184+00:00 Information System.Net.Http.HttpClient.MinecraftRuntimeManager.LogicalHandler Start processing HTTP request GET https://resources.download.minecraft.net/41/41212571c9437823afb6a5995b8d130ff1ecb3c7
2026-09-08T22:58:37.2371624+00:00 Information System.Net.Http.HttpClient.MinecraftRuntimeManager.ClientHandler Sending HTTP request GET https://resources.download.minecraft.net/41/41212571c9437823afb6a5995b8d130ff1ecb3c7
2026-09-08T22:58:37.4130514+00:00 Information System.Net.Http.HttpClient.MinecraftRuntimeManager.ClientHandler Received HTTP response headers after 175.529ms - 200
2026-09-08T22:58:37.4134425+00:00 Information System.Net.Http.HttpClient.MinecraftRuntimeManager.LogicalHandler End processing HTTP request after 176.7178ms - 200
2026-09-08T22:58:37.6207148+00:00 Information System.Net.Http.HttpClient.MinecraftRuntimeManager.LogicalHandler Start processing HTTP request GET https://resources.download.minecraft.net/51/51fdfccc9a4d0e0d92f4a6aaafa68d8257c1d50e
2026-09-08T22:58:37.6211013+00:00 Information System.Net.Http.HttpClient.MinecraftRuntimeManager.ClientHandler Sending HTTP request GET https://resources.download.minecraft.net/51/51fdfccc9a4d0e0d92f4a6aaafa68d8257c1d50e
2026-09-08T22:58:37.7993792+00:00 Information System.Net.Http.HttpClient.MinecraftRuntimeManager.ClientHandler Received HTTP response headers after 177.8833ms - 200
2026-09-08T22:58:37.7996792+00:00 Information System.Net.Http.HttpClient.MinecraftRuntimeManager.LogicalHandler End processing HTTP request after 179.0644ms - 200
2026-09-08T22:58:38.4838370+00:00 Information System.Net.Http.HttpClient.MinecraftRuntimeManager.LogicalHandler Start processing HTTP request GET https://resources.download.minecraft.net/1a/1a5be8c9fcdc86fd6ebefc01b030c2c8f26ca3fd
2026-09-08T22:58:38.4841251+00:00 Information System.Net.Http.HttpClient.MinecraftRuntimeManager.ClientHandler Sending HTTP request GET https://resources.download.minecraft.net/1a/1a5be8c9fcdc86fd6ebefc01b030c2c8f26ca3fd
2026-09-08T22:58:38.6601542+00:00 Information System.Net.Http.HttpClient.MinecraftRuntimeManager.ClientHandler Received HTTP response headers after 175.6046ms - 200
2026-09-08T22:58:38.6605474+00:00 Information System.Net.Http.HttpClient.MinecraftRuntimeManager.LogicalHandler End processing HTTP request after 176.721ms - 200
2026-09-08T22:58:38.7185135+00:00 Information System.Net.Http.HttpClient.MinecraftRuntimeManager.LogicalHandler Start processing HTTP request GET https://resources.download.minecraft.net/ea/eabe7b0f725f0f5ad6e8501a17d084932d5f88a7
2026-09-08T22:58:38.7187654+00:00 Information System.Net.Http.HttpClient.MinecraftRuntimeManager.ClientHandler Sending HTTP request GET https://resources.download.minecraft.net/ea/eabe7b0f725f0f5ad6e8501a17d084932d5f88a7
2026-09-08T22:58:38.8933692+00:00 Information System.Net.Http.HttpClient.MinecraftRuntimeManager.ClientHandler Received HTTP response headers after 174.2911ms - 200
2026-09-08T22:58:38.8937220+00:00 Information System.Net.Http.HttpClient.MinecraftRuntimeManager.LogicalHandler End processing HTTP request after 175.2267ms - 200
2026-09-08T22:58:38.9514090+00:00 Information System.Net.Http.HttpClient.MinecraftRuntimeManager.LogicalHandler Start processing HTTP request GET https://resources.download.minecraft.net/b7/b71033bd523e70d632b0bba553758a718fe89e4c
2026-09-08T22:58:38.9516548+00:00 Information System.Net.Http.HttpClient.MinecraftRuntimeManager.ClientHandler Sending HTTP request GET https://resources.download.minecraft.net/b7/b71033bd523e70d632b0bba553758a718fe89e4c
2026-09-08T22:58:39.1274192+00:00 Information System.Net.Http.HttpClient.MinecraftRuntimeManager.ClientHandler Received HTTP response headers after 175.345ms - 200
2026-09-08T22:58:39.1278661+00:00 Information System.Net.Http.HttpClient.MinecraftRuntimeManager.LogicalHandler End processing HTTP request after 176.4149ms - 200
2026-09-08T22:58:39.1790664+00:00 Information System.Net.Http.HttpClient.MinecraftRuntimeManager.LogicalHandler Start processing HTTP request GET https://resources.download.minecraft.net/97/972966bf9219be78ad0d4f31d71f4c6beab3d682
2026-09-08T22:58:39.1793191+00:00 Information System.Net.Http.HttpClient.MinecraftRuntimeManager.ClientHandler Sending HTTP request GET https://resources.download.minecraft.net/97/972966bf9219be78ad0d4f31d71f4c6beab3d682
2026-09-08T22:58:39.3544543+00:00 Information System.Net.Http.HttpClient.MinecraftRuntimeManager.ClientHandler Received HTTP response headers after 174.3374ms - 200
2026-09-08T22:58:39.3548226+00:00 Information System.Net.Http.HttpClient.MinecraftRuntimeManager.LogicalHandler End processing HTTP request after 175.7733ms - 200
2026-09-08T22:58:39.3969381+00:00 Information System.Net.Http.HttpClient.MinecraftRuntimeManager.LogicalHandler Start processing HTTP request GET https://resources.download.minecraft.net/c3/c3074b869e387daa566353ac346bb6067c104131
2026-09-08T22:58:39.3972640+00:00 Information System.Net.Http.HttpClient.MinecraftRuntimeManager.ClientHandler Sending HTTP request GET https://resources.download.minecraft.net/c3/c3074b869e387daa566353ac346bb6067c104131
2026-09-08T22:58:39.5741495+00:00 Information System.Net.Http.HttpClient.MinecraftRuntimeManager.ClientHandler Received HTTP response headers after 176.4534ms - 200
2026-09-08T22:58:39.5746348+00:00 Information System.Net.Http.HttpClient.MinecraftRuntimeManager.LogicalHandler End processing HTTP request after 177.6776ms - 200
2026-09-08T22:58:39.9307892+00:00 Information System.Net.Http.HttpClient.MinecraftRuntimeManager.LogicalHandler Start processing HTTP request GET https://resources.download.minecraft.net/7e/7ea0199ce765d0bd2ffe8fcbc2c494996200a4ef
2026-09-08T22:58:39.9311201+00:00 Information System.Net.Http.HttpClient.MinecraftRuntimeManager.ClientHandler Sending HTTP request GET https://resources.download.minecraft.net/7e/7ea0199ce765d0bd2ffe8fcbc2c494996200a4ef
2026-09-08T22:58:40.1055483+00:00 Information System.Net.Http.HttpClient.MinecraftRuntimeManager.ClientHandler Received HTTP response headers after 173.9572ms - 200
2026-09-08T22:58:40.1060662+00:00 Information System.Net.Http.HttpClient.MinecraftRuntimeManager.LogicalHandler End processing HTTP request after 175.2886ms - 200
2026-09-08T22:58:40.3692888+00:00 Information System.Net.Http.HttpClient.MinecraftRuntimeManager.LogicalHandler Start processing HTTP request GET https://resources.download.minecraft.net/74/7422f0be8db1990543caab5d614aee51ab6b1ef8
2026-09-08T22:58:40.3695882+00:00 Information System.Net.Http.HttpClient.MinecraftRuntimeManager.ClientHandler Sending HTTP request GET https://resources.download.minecraft.net/74/7422f0be8db1990543caab5d614aee51ab6b1ef8
2026-09-08T22:58:40.5436207+00:00 Information System.Net.Http.HttpClient.MinecraftRuntimeManager.ClientHandler Received HTTP response headers after 173.6029ms - 200
2026-09-08T22:58:40.5439289+00:00 Information System.Net.Http.HttpClient.MinecraftRuntimeManager.LogicalHandler End processing HTTP request after 174.6606ms - 200
2026-09-08T22:58:40.7706193+00:00 Information System.Net.Http.HttpClient.MinecraftRuntimeManager.LogicalHandler Start processing HTTP request GET https://resources.download.minecraft.net/a7/a74a9e5b327b375489c94357c3eac1d7e4e71868
2026-09-08T22:58:40.7709165+00:00 Information System.Net.Http.HttpClient.MinecraftRuntimeManager.ClientHandler Sending HTTP request GET https://resources.download.minecraft.net/a7/a74a9e5b327b375489c94357c3eac1d7e4e71868
2026-09-08T22:58:40.9445232+00:00 Information System.Net.Http.HttpClient.MinecraftRuntimeManager.ClientHandler Received HTTP response headers after 173.225ms - 200
2026-09-08T22:58:40.9449100+00:00 Information System.Net.Http.HttpClient.MinecraftRuntimeManager.LogicalHandler End processing HTTP request after 174.2934ms - 200
2026-09-08T22:58:41.0366751+00:00 Information System.Net.Http.HttpClient.MinecraftRuntimeManager.LogicalHandler Start processing HTTP request GET https://resources.download.minecraft.net/c9/c983c0a5b2a31a3a19319a8dde6d3a2301d1f273
2026-09-08T22:58:41.0371321+00:00 Information System.Net.Http.HttpClient.MinecraftRuntimeManager.ClientHandler Sending HTTP request GET https://resources.download.minecraft.net/c9/c983c0a5b2a31a3a19319a8dde6d3a2301d1f273
2026-09-08T22:58:41.2120053+00:00 Information System.Net.Http.HttpClient.MinecraftRuntimeManager.ClientHandler Received HTTP response headers after 174.4759ms - 200
2026-09-08T22:58:41.2123573+00:00 Information System.Net.Http.HttpClient.MinecraftRuntimeManager.LogicalHandler End processing HTTP request after 175.724ms - 200
2026-09-08T22:58:41.3047807+00:00 Information System.Net.Http.HttpClient.MinecraftRuntimeManager.LogicalHandler Start processing HTTP request GET https://resources.download.minecraft.net/56/56a9d10117ef0f9d3beb431440382a258820569d
2026-09-08T22:58:41.3051217+00:00 Information System.Net.Http.HttpClient.MinecraftRuntimeManager.ClientHandler Sending HTTP request GET https://resources.download.minecraft.net/56/56a9d10117ef0f9d3beb431440382a258820569d
2026-09-08T22:58:41.4809362+00:00 Information System.Net.Http.HttpClient.MinecraftRuntimeManager.ClientHandler Received HTTP response headers after 175.1979ms - 200
2026-09-08T22:58:41.4815041+00:00 Information System.Net.Http.HttpClient.MinecraftRuntimeManager.LogicalHandler End processing HTTP request after 176.65ms - 200
2026-09-08T22:58:41.5657377+00:00 Information System.Net.Http.HttpClient.MinecraftRuntimeManager.LogicalHandler Start processing HTTP request GET https://resources.download.minecraft.net/54/5429b1163d1d574a1f6ac06586d1873b1d35653d
2026-09-08T22:58:41.5660547+00:00 Information System.Net.Http.HttpClient.MinecraftRuntimeManager.ClientHandler Sending HTTP request GET https://resources.download.minecraft.net/54/5429b1163d1d574a1f6ac06586d1873b1d35653d
2026-09-08T22:58:41.7408576+00:00 Information System.Net.Http.HttpClient.MinecraftRuntimeManager.ClientHandler Received HTTP response headers after 174.4021ms - 200
2026-09-08T22:58:41.7412206+00:00 Information System.Net.Http.HttpClient.MinecraftRuntimeManager.LogicalHandler End processing HTTP request after 175.4624ms - 200
2026-09-08T22:58:41.8012233+00:00 Information System.Net.Http.HttpClient.MinecraftRuntimeManager.LogicalHandler Start processing HTTP request GET https://resources.download.minecraft.net/a6/a6cb291343476e57d1daf73140b0532f6c0dcec2
2026-09-08T22:58:41.8015332+00:00 Information System.Net.Http.HttpClient.MinecraftRuntimeManager.ClientHandler Sending HTTP request GET https://resources.download.minecraft.net/a6/a6cb291343476e57d1daf73140b0532f6c0dcec2
2026-09-08T22:58:41.9756867+00:00 Information System.Net.Http.HttpClient.MinecraftRuntimeManager.ClientHandler Received HTTP response headers after 173.7533ms - 200
2026-09-08T22:58:41.9760000+00:00 Information System.Net.Http.HttpClient.MinecraftRuntimeManager.LogicalHandler End processing HTTP request after 174.8114ms - 200
2026-09-08T22:58:42.0396516+00:00 Information System.Net.Http.HttpClient.MinecraftRuntimeManager.LogicalHandler Start processing HTTP request GET https://resources.download.minecraft.net/d0/d09e07befe711b66d9050afc3de3e3fc22ab0bf1
2026-09-08T22:58:42.0399929+00:00 Information System.Net.Http.HttpClient.MinecraftRuntimeManager.ClientHandler Sending HTTP request GET https://resources.download.minecraft.net/d0/d09e07befe711b66d9050afc3de3e3fc22ab0bf1
2026-09-08T22:58:42.2140460+00:00 Information System.Net.Http.HttpClient.MinecraftRuntimeManager.ClientHandler Received HTTP response headers after 173.6542ms - 200
2026-09-08T22:58:42.2144789+00:00 Information System.Net.Http.HttpClient.MinecraftRuntimeManager.LogicalHandler End processing HTTP request after 174.8072ms - 200
2026-09-08T22:58:42.2760137+00:00 Information System.Net.Http.HttpClient.MinecraftRuntimeManager.LogicalHandler Start processing HTTP request GET https://resources.download.minecraft.net/3c/3c264aa4483df7a231767f8f0b5f8e08993e9b4b
2026-09-08T22:58:42.2763386+00:00 Information System.Net.Http.HttpClient.MinecraftRuntimeManager.ClientHandler Sending HTTP request GET https://resources.download.minecraft.net/3c/3c264aa4483df7a231767f8f0b5f8e08993e9b4b
2026-09-08T22:58:42.4495646+00:00 Information System.Net.Http.HttpClient.MinecraftRuntimeManager.ClientHandler Received HTTP response headers after 172.8606ms - 200
2026-09-08T22:58:42.4499975+00:00 Information System.Net.Http.HttpClient.MinecraftRuntimeManager.LogicalHandler End processing HTTP request after 174.0175ms - 200
2026-09-08T22:58:42.4858515+00:00 Information System.Net.Http.HttpClient.MinecraftRuntimeManager.LogicalHandler Start processing HTTP request GET https://resources.download.minecraft.net/90/903add75f0bf3c8fcabe2aedece1f9ecc8ecbf13
2026-09-08T22:58:42.4862006+00:00 Information System.Net.Http.HttpClient.MinecraftRuntimeManager.ClientHandler Sending HTTP request GET https://resources.download.minecraft.net/90/903add75f0bf3c8fcabe2aedece1f9ecc8ecbf13
2026-09-08T22:58:42.6610787+00:00 Information System.Net.Http.HttpClient.MinecraftRuntimeManager.ClientHandler Received HTTP response headers after 174.366ms - 200
2026-09-08T22:58:42.6616482+00:00 Information System.Net.Http.HttpClient.MinecraftRuntimeManager.LogicalHandler End processing HTTP request after 175.7917ms - 200
2026-09-08T22:58:42.7373147+00:00 Information System.Net.Http.HttpClient.MinecraftRuntimeManager.LogicalHandler Start processing HTTP request GET https://resources.download.minecraft.net/34/34f82083ccd04e693ebb4aa1d3862eee4aeda0d0
2026-09-08T22:58:42.7377340+00:00 Information System.Net.Http.HttpClient.MinecraftRuntimeManager.ClientHandler Sending HTTP request GET https://resources.download.minecraft.net/34/34f82083ccd04e693ebb4aa1d3862eee4aeda0d0
2026-09-08T22:58:42.9118698+00:00 Information System.Net.Http.HttpClient.MinecraftRuntimeManager.ClientHandler Received HTTP response headers after 173.631ms - 200
2026-09-08T22:58:42.9122730+00:00 Information System.Net.Http.HttpClient.MinecraftRuntimeManager.LogicalHandler End processing HTTP request after 175.0016ms - 200
2026-09-08T22:58:42.9807562+00:00 Information System.Net.Http.HttpClient.MinecraftRuntimeManager.LogicalHandler Start processing HTTP request GET https://resources.download.minecraft.net/d4/d44e47d33a76de1246be7fd4824056f12c205e35
2026-09-08T22:58:42.9812177+00:00 Information System.Net.Http.HttpClient.MinecraftRuntimeManager.ClientHandler Sending HTTP request GET https://resources.download.minecraft.net/d4/d44e47d33a76de1246be7fd4824056f12c205e35
2026-09-08T22:58:43.1558645+00:00 Information System.Net.Http.HttpClient.MinecraftRuntimeManager.ClientHandler Received HTTP response headers after 174.0913ms - 200
2026-09-08T22:58:43.1563629+00:00 Information System.Net.Http.HttpClient.MinecraftRuntimeManager.LogicalHandler End processing HTTP request after 175.7007ms - 200
2026-09-08T22:58:43.1874076+00:00 Information System.Net.Http.HttpClient.MinecraftRuntimeManager.LogicalHandler Start processing HTTP request GET https://resources.download.minecraft.net/3a/3aa97723d1cc28cfdd0435e91a1f79cc6442ef3d
2026-09-08T22:58:43.1877929+00:00 Information System.Net.Http.HttpClient.MinecraftRuntimeManager.ClientHandler Sending HTTP request GET https://resources.download.minecraft.net/3a/3aa97723d1cc28cfdd0435e91a1f79cc6442ef3d
2026-09-08T22:58:43.3618017+00:00 Information System.Net.Http.HttpClient.MinecraftRuntimeManager.ClientHandler Received HTTP response headers after 173.6443ms - 200
2026-09-08T22:58:43.3622059+00:00 Information System.Net.Http.HttpClient.MinecraftRuntimeManager.LogicalHandler End processing HTTP request after 174.802ms - 200
2026-09-08T22:58:43.4164995+00:00 Information System.Net.Http.HttpClient.MinecraftRuntimeManager.LogicalHandler Start processing HTTP request GET https://resources.download.minecraft.net/20/207769920359910280bd391d92d610c80621f35e
2026-09-08T22:58:43.4167739+00:00 Information System.Net.Http.HttpClient.MinecraftRuntimeManager.ClientHandler Sending HTTP request GET https://resources.download.minecraft.net/20/207769920359910280bd391d92d610c80621f35e
2026-09-08T22:58:43.5904961+00:00 Information System.Net.Http.HttpClient.MinecraftRuntimeManager.ClientHandler Received HTTP response headers after 173.398ms - 200
2026-09-08T22:58:43.5908314+00:00 Information System.Net.Http.HttpClient.MinecraftRuntimeManager.LogicalHandler End processing HTTP request after 174.379ms - 200
2026-09-08T22:58:43.7095064+00:00 Information System.Net.Http.HttpClient.MinecraftRuntimeManager.LogicalHandler Start processing HTTP request GET https://resources.download.minecraft.net/14/14029d584503ceae06997bd88221c59856914d05
2026-09-08T22:58:43.7098067+00:00 Information System.Net.Http.HttpClient.MinecraftRuntimeManager.ClientHandler Sending HTTP request GET https://resources.download.minecraft.net/14/14029d584503ceae06997bd88221c59856914d05
2026-09-08T22:58:43.8854668+00:00 Information System.Net.Http.HttpClient.MinecraftRuntimeManager.ClientHandler Received HTTP response headers after 175.2493ms - 200
2026-09-08T22:58:43.8859568+00:00 Information System.Net.Http.HttpClient.MinecraftRuntimeManager.LogicalHandler End processing HTTP request after 176.4671ms - 200
2026-09-08T22:58:43.9183272+00:00 Information System.Net.Http.HttpClient.MinecraftRuntimeManager.LogicalHandler Start processing HTTP request GET https://resources.download.minecraft.net/3a/3ae5e229769df9c82e3c23e02e798af8b408edc5
2026-09-08T22:58:43.9187156+00:00 Information System.Net.Http.HttpClient.MinecraftRuntimeManager.ClientHandler Sending HTTP request GET https://resources.download.minecraft.net/3a/3ae5e229769df9c82e3c23e02e798af8b408edc5
2026-09-08T22:58:44.0932084+00:00 Information System.Net.Http.HttpClient.MinecraftRuntimeManager.ClientHandler Received HTTP response headers after 174.0729ms - 200
2026-09-08T22:58:44.0935333+00:00 Information System.Net.Http.HttpClient.MinecraftRuntimeManager.LogicalHandler End processing HTTP request after 175.2404ms - 200
2026-09-08T22:58:44.1529249+00:00 Information System.Net.Http.HttpClient.MinecraftRuntimeManager.LogicalHandler Start processing HTTP request GET https://resources.download.minecraft.net/ae/ae70d4b1d6a7ae76ae987cc205a97a68c6c40036
2026-09-08T22:58:44.1531640+00:00 Information System.Net.Http.HttpClient.MinecraftRuntimeManager.ClientHandler Sending HTTP request GET https://resources.download.minecraft.net/ae/ae70d4b1d6a7ae76ae987cc205a97a68c6c40036
2026-09-08T22:58:44.3266763+00:00 Information System.Net.Http.HttpClient.MinecraftRuntimeManager.ClientHandler Received HTTP response headers after 173.1706ms - 200
2026-09-08T22:58:44.3269683+00:00 Information System.Net.Http.HttpClient.MinecraftRuntimeManager.LogicalHandler End processing HTTP request after 174.0774ms - 200
2026-09-08T22:58:44.3556985+00:00 Information System.Net.Http.HttpClient.MinecraftRuntimeManager.LogicalHandler Start processing HTTP request GET https://resources.download.minecraft.net/30/301664738b532b28ff12304a34e809b07245f1bc
2026-09-08T22:58:44.3561042+00:00 Information System.Net.Http.HttpClient.MinecraftRuntimeManager.ClientHandler Sending HTTP request GET https://resources.download.minecraft.net/30/301664738b532b28ff12304a34e809b07245f1bc
2026-09-08T22:58:44.5299903+00:00 Information System.Net.Http.HttpClient.MinecraftRuntimeManager.ClientHandler Received HTTP response headers after 173.4956ms - 200
2026-09-08T22:58:44.5303953+00:00 Information System.Net.Http.HttpClient.MinecraftRuntimeManager.LogicalHandler End processing HTTP request after 174.7664ms - 200
2026-09-08T22:58:44.5565922+00:00 Information System.Net.Http.HttpClient.MinecraftRuntimeManager.LogicalHandler Start processing HTTP request GET https://resources.download.minecraft.net/e7/e7bf0b9ceb7461fcbb2915991638566463883fc3
2026-09-08T22:58:44.5570015+00:00 Information System.Net.Http.HttpClient.MinecraftRuntimeManager.ClientHandler Sending HTTP request GET https://resources.download.minecraft.net/e7/e7bf0b9ceb7461fcbb2915991638566463883fc3
2026-09-08T22:58:44.7307930+00:00 Information System.Net.Http.HttpClient.MinecraftRuntimeManager.ClientHandler Received HTTP response headers after 173.411ms - 200
2026-09-08T22:58:44.7311466+00:00 Information System.Net.Http.HttpClient.MinecraftRuntimeManager.LogicalHandler End processing HTTP request after 174.5558ms - 200
2026-09-08T22:58:44.7634594+00:00 Information System.Net.Http.HttpClient.MinecraftRuntimeManager.LogicalHandler Start processing HTTP request GET https://resources.download.minecraft.net/68/68a1db001e6de7b926620b43e9080fc8110ffe1f
2026-09-08T22:58:44.7637568+00:00 Information System.Net.Http.HttpClient.MinecraftRuntimeManager.ClientHandler Sending HTTP request GET https://resources.download.minecraft.net/68/68a1db001e6de7b926620b43e9080fc8110ffe1f
2026-09-08T22:58:44.9383993+00:00 Information System.Net.Http.HttpClient.MinecraftRuntimeManager.ClientHandler Received HTTP response headers after 174.24ms - 200
2026-09-08T22:58:44.9389503+00:00 Information System.Net.Http.HttpClient.MinecraftRuntimeManager.LogicalHandler End processing HTTP request after 175.4141ms - 200
2026-09-08T22:58:45.8472867+00:00 Information System.Net.Http.HttpClient.MinecraftRuntimeManager.LogicalHandler Start processing HTTP request GET https://resources.download.minecraft.net/3b/3be19ca12af51eee46dde06d994ac3f6eb4bb33a
2026-09-08T22:58:45.8476297+00:00 Information System.Net.Http.HttpClient.MinecraftRuntimeManager.ClientHandler Sending HTTP request GET https://resources.download.minecraft.net/3b/3be19ca12af51eee46dde06d994ac3f6eb4bb33a
2026-09-08T22:58:46.0212983+00:00 Information System.Net.Http.HttpClient.MinecraftRuntimeManager.ClientHandler Received HTTP response headers after 173.1908ms - 200
2026-09-08T22:58:46.0217758+00:00 Information System.Net.Http.HttpClient.MinecraftRuntimeManager.LogicalHandler End processing HTTP request after 174.4983ms - 200
2026-09-08T22:58:46.0667422+00:00 Information System.Net.Http.HttpClient.MinecraftRuntimeManager.LogicalHandler Start processing HTTP request GET https://resources.download.minecraft.net/24/241676c23b528442c0c4644574a1ebfe1994290f
2026-09-08T22:58:46.0669901+00:00 Information System.Net.Http.HttpClient.MinecraftRuntimeManager.ClientHandler Sending HTTP request GET https://resources.download.minecraft.net/24/241676c23b528442c0c4644574a1ebfe1994290f
2026-09-08T22:58:46.2424706+00:00 Information System.Net.Http.HttpClient.MinecraftRuntimeManager.ClientHandler Received HTTP response headers after 175.1279ms - 200
2026-09-08T22:58:46.2428669+00:00 Information System.Net.Http.HttpClient.MinecraftRuntimeManager.LogicalHandler End processing HTTP request after 176.1061ms - 200
2026-09-08T22:58:46.2962448+00:00 Information System.Net.Http.HttpClient.MinecraftRuntimeManager.LogicalHandler Start processing HTTP request GET https://resources.download.minecraft.net/67/676342a172deb9dddfd5d4c13c52fe3f70757eb8
2026-09-08T22:58:46.2965212+00:00 Information System.Net.Http.HttpClient.MinecraftRuntimeManager.ClientHandler Sending HTTP request GET https://resources.download.minecraft.net/67/676342a172deb9dddfd5d4c13c52fe3f70757eb8
2026-09-08T22:58:46.4715018+00:00 Information System.Net.Http.HttpClient.MinecraftRuntimeManager.ClientHandler Received HTTP response headers after 174.4896ms - 200
2026-09-08T22:58:46.4720325+00:00 Information System.Net.Http.HttpClient.MinecraftRuntimeManager.LogicalHandler End processing HTTP request after 175.7267ms - 200
2026-09-08T22:58:46.4923864+00:00 Information System.Net.Http.HttpClient.MinecraftRuntimeManager.LogicalHandler Start processing HTTP request GET https://resources.download.minecraft.net/6d/6dce30c18be62a376c181e8ab767a9af50f21490
2026-09-08T22:58:46.4926957+00:00 Information System.Net.Http.HttpClient.MinecraftRuntimeManager.ClientHandler Sending HTTP request GET https://resources.download.minecraft.net/6d/6dce30c18be62a376c181e8ab767a9af50f21490
2026-09-08T22:58:46.6671795+00:00 Information System.Net.Http.HttpClient.MinecraftRuntimeManager.ClientHandler Received HTTP response headers after 174.0268ms - 200
2026-09-08T22:58:46.6676806+00:00 Information System.Net.Http.HttpClient.MinecraftRuntimeManager.LogicalHandler End processing HTTP request after 175.3236ms - 200
2026-09-08T22:58:46.6792131+00:00 Information System.Net.Http.HttpClient.MinecraftRuntimeManager.LogicalHandler Start processing HTTP request GET https://resources.download.minecraft.net/64/640486fdaecb2b00e074c89f35fb0d883d9d8705
2026-09-08T22:58:46.6795253+00:00 Information System.Net.Http.HttpClient.MinecraftRuntimeManager.ClientHandler Sending HTTP request GET https://resources.download.minecraft.net/64/640486fdaecb2b00e074c89f35fb0d883d9d8705
2026-09-08T22:58:46.8559828+00:00 Information System.Net.Http.HttpClient.MinecraftRuntimeManager.ClientHandler Received HTTP response headers after 176.0683ms - 200
2026-09-08T22:58:46.8565449+00:00 Information System.Net.Http.HttpClient.MinecraftRuntimeManager.LogicalHandler End processing HTTP request after 177.3042ms - 200
2026-09-08T22:58:46.8927885+00:00 Information System.Net.Http.HttpClient.MinecraftRuntimeManager.LogicalHandler Start processing HTTP request GET https://resources.download.minecraft.net/0b/0be8e30be934324679d7a71566c7ff7f1952d772
2026-09-08T22:58:46.8930990+00:00 Information System.Net.Http.HttpClient.MinecraftRuntimeManager.ClientHandler Sending HTTP request GET https://resources.download.minecraft.net/0b/0be8e30be934324679d7a71566c7ff7f1952d772
2026-09-08T22:58:47.0668490+00:00 Information System.Net.Http.HttpClient.MinecraftRuntimeManager.ClientHandler Received HTTP response headers after 173.4116ms - 200
2026-09-08T22:58:47.0672132+00:00 Information System.Net.Http.HttpClient.MinecraftRuntimeManager.LogicalHandler End processing HTTP request after 174.4451ms - 200
2026-09-08T22:58:47.0945167+00:00 Information System.Net.Http.HttpClient.MinecraftRuntimeManager.LogicalHandler Start processing HTTP request GET https://resources.download.minecraft.net/8b/8b1aae456bca0e2f786393cbf6a66454ccc92257
2026-09-08T22:58:47.0948690+00:00 Information System.Net.Http.HttpClient.MinecraftRuntimeManager.ClientHandler Sending HTTP request GET https://resources.download.minecraft.net/8b/8b1aae456bca0e2f786393cbf6a66454ccc92257
2026-09-08T22:58:47.2689825+00:00 Information System.Net.Http.HttpClient.MinecraftRuntimeManager.ClientHandler Received HTTP response headers after 173.7195ms - 200
2026-09-08T22:58:47.2693603+00:00 Information System.Net.Http.HttpClient.MinecraftRuntimeManager.LogicalHandler End processing HTTP request after 174.8059ms - 200
2026-09-08T22:58:47.2940317+00:00 Information System.Net.Http.HttpClient.MinecraftRuntimeManager.LogicalHandler Start processing HTTP request GET https://resources.download.minecraft.net/79/791295e1d7031a17949eb24553cadc06faf04f9a
2026-09-08T22:58:47.2943910+00:00 Information System.Net.Http.HttpClient.MinecraftRuntimeManager.ClientHandler Sending HTTP request GET https://resources.download.minecraft.net/79/791295e1d7031a17949eb24553cadc06faf04f9a
2026-09-08T22:58:47.4681383+00:00 Information System.Net.Http.HttpClient.MinecraftRuntimeManager.ClientHandler Received HTTP response headers after 173.2502ms - 200
2026-09-08T22:58:47.4687874+00:00 Information System.Net.Http.HttpClient.MinecraftRuntimeManager.LogicalHandler End processing HTTP request after 174.7596ms - 200
2026-09-08T22:58:47.4970266+00:00 Information System.Net.Http.HttpClient.MinecraftRuntimeManager.LogicalHandler Start processing HTTP request GET https://resources.download.minecraft.net/47/47e483a57a6058c7e5b5bb6a7667876c4a70dcd7
2026-09-08T22:58:47.4973213+00:00 Information System.Net.Http.HttpClient.MinecraftRuntimeManager.ClientHandler Sending HTTP request GET https://resources.download.minecraft.net/47/47e483a57a6058c7e5b5bb6a7667876c4a70dcd7
2026-09-08T22:58:47.6711644+00:00 Information System.Net.Http.HttpClient.MinecraftRuntimeManager.ClientHandler Received HTTP response headers after 173.5134ms - 200
2026-09-08T22:58:47.6716639+00:00 Information System.Net.Http.HttpClient.MinecraftRuntimeManager.LogicalHandler End processing HTTP request after 174.5979ms - 200
2026-09-08T22:58:47.7200263+00:00 Information System.Net.Http.HttpClient.MinecraftRuntimeManager.LogicalHandler Start processing HTTP request GET https://resources.download.minecraft.net/96/96d044e3f8628dc9f6fae6a660e53c15cab0c442
2026-09-08T22:58:47.7203982+00:00 Information System.Net.Http.HttpClient.MinecraftRuntimeManager.ClientHandler Sending HTTP request GET https://resources.download.minecraft.net/96/96d044e3f8628dc9f6fae6a660e53c15cab0c442
2026-09-08T22:58:47.8962895+00:00 Information System.Net.Http.HttpClient.MinecraftRuntimeManager.ClientHandler Received HTTP response headers after 175.459ms - 200
2026-09-08T22:58:47.8967715+00:00 Information System.Net.Http.HttpClient.MinecraftRuntimeManager.LogicalHandler End processing HTTP request after 176.7166ms - 200
2026-09-08T22:58:47.9135123+00:00 Information System.Net.Http.HttpClient.MinecraftRuntimeManager.LogicalHandler Start processing HTTP request GET https://resources.download.minecraft.net/03/03c93b66376d940531b9dab0a938987766a971d9
2026-09-08T22:58:47.9138244+00:00 Information System.Net.Http.HttpClient.MinecraftRuntimeManager.ClientHandler Sending HTTP request GET https://resources.download.minecraft.net/03/03c93b66376d940531b9dab0a938987766a971d9
2026-09-08T22:58:48.2559593+00:00 Information System.Net.Http.HttpClient.MinecraftRuntimeManager.ClientHandler Received HTTP response headers after 341.7409ms - 200
2026-09-08T22:58:48.2563380+00:00 Information System.Net.Http.HttpClient.MinecraftRuntimeManager.LogicalHandler End processing HTTP request after 342.8584ms - 200
2026-09-08T22:58:48.2659848+00:00 Information System.Net.Http.HttpClient.MinecraftRuntimeManager.LogicalHandler Start processing HTTP request GET https://resources.download.minecraft.net/9a/9a4c3dd0d2069830b6fa3f673858d3ecb0805b02
2026-09-08T22:58:48.2662698+00:00 Information System.Net.Http.HttpClient.MinecraftRuntimeManager.ClientHandler Sending HTTP request GET https://resources.download.minecraft.net/9a/9a4c3dd0d2069830b6fa3f673858d3ecb0805b02
2026-09-08T22:58:48.5248122+00:00 Information System.Net.Http.HttpClient.MinecraftRuntimeManager.ClientHandler Received HTTP response headers after 258.1799ms - 200
2026-09-08T22:58:48.5252483+00:00 Information System.Net.Http.HttpClient.MinecraftRuntimeManager.LogicalHandler End processing HTTP request after 259.292ms - 200
2026-09-08T22:58:52.4381331+00:00 Information System.Net.Http.HttpClient.MinecraftRuntimeManager.LogicalHandler Start processing HTTP request GET https://resources.download.minecraft.net/9f/9f9ffac1600ecdc078e135c92903e6506cf8db58
2026-09-08T22:58:52.4383871+00:00 Information System.Net.Http.HttpClient.MinecraftRuntimeManager.ClientHandler Sending HTTP request GET https://resources.download.minecraft.net/9f/9f9ffac1600ecdc078e135c92903e6506cf8db58
2026-09-08T22:58:52.6163219+00:00 Information System.Net.Http.HttpClient.MinecraftRuntimeManager.ClientHandler Received HTTP response headers after 177.6248ms - 200
2026-09-08T22:58:52.6166856+00:00 Information System.Net.Http.HttpClient.MinecraftRuntimeManager.LogicalHandler End processing HTTP request after 178.5843ms - 200
2026-09-08T22:58:52.7219334+00:00 Information System.Net.Http.HttpClient.MinecraftRuntimeManager.LogicalHandler Start processing HTTP request GET https://resources.download.minecraft.net/55/55b674d88ee9b6969ef58c3941b033099f95f45f
2026-09-08T22:58:52.7221777+00:00 Information System.Net.Http.HttpClient.MinecraftRuntimeManager.ClientHandler Sending HTTP request GET https://resources.download.minecraft.net/55/55b674d88ee9b6969ef58c3941b033099f95f45f
2026-09-08T22:58:52.9001872+00:00 Information System.Net.Http.HttpClient.MinecraftRuntimeManager.ClientHandler Received HTTP response headers after 177.6892ms - 200
2026-09-08T22:58:52.9006244+00:00 Information System.Net.Http.HttpClient.MinecraftRuntimeManager.LogicalHandler End processing HTTP request after 178.7139ms - 200
2026-09-08T22:58:53.0693921+00:00 Information System.Net.Http.HttpClient.MinecraftRuntimeManager.LogicalHandler Start processing HTTP request GET https://resources.download.minecraft.net/19/194fc2da93cfac5e6f17e7fb2abc90894f5214a4
2026-09-08T22:58:53.0696550+00:00 Information System.Net.Http.HttpClient.MinecraftRuntimeManager.ClientHandler Sending HTTP request GET https://resources.download.minecraft.net/19/194fc2da93cfac5e6f17e7fb2abc90894f5214a4
2026-09-08T22:58:53.2465703+00:00 Information System.Net.Http.HttpClient.MinecraftRuntimeManager.ClientHandler Received HTTP response headers after 176.5362ms - 200
2026-09-08T22:58:53.2469408+00:00 Information System.Net.Http.HttpClient.MinecraftRuntimeManager.LogicalHandler End processing HTTP request after 177.6003ms - 200
2026-09-08T22:58:53.3128880+00:00 Information System.Net.Http.HttpClient.MinecraftRuntimeManager.LogicalHandler Start processing HTTP request GET https://resources.download.minecraft.net/5f/5f8e4d7bdbe3f6758b109d1662cd55c926616d6f
2026-09-08T22:58:53.3131748+00:00 Information System.Net.Http.HttpClient.MinecraftRuntimeManager.ClientHandler Sending HTTP request GET https://resources.download.minecraft.net/5f/5f8e4d7bdbe3f6758b109d1662cd55c926616d6f
2026-09-08T22:58:53.4892610+00:00 Information System.Net.Http.HttpClient.MinecraftRuntimeManager.ClientHandler Received HTTP response headers after 175.7169ms - 200
2026-09-08T22:58:53.4896574+00:00 Information System.Net.Http.HttpClient.MinecraftRuntimeManager.LogicalHandler End processing HTTP request after 176.7507ms - 200
2026-09-08T22:58:53.5769603+00:00 Information System.Net.Http.HttpClient.MinecraftRuntimeManager.LogicalHandler Start processing HTTP request GET https://resources.download.minecraft.net/6c/6cb590a472d5a22867950463758381b1c7df23b9
2026-09-08T22:58:53.5772451+00:00 Information System.Net.Http.HttpClient.MinecraftRuntimeManager.ClientHandler Sending HTTP request GET https://resources.download.minecraft.net/6c/6cb590a472d5a22867950463758381b1c7df23b9
2026-09-08T22:58:53.7540039+00:00 Information System.Net.Http.HttpClient.MinecraftRuntimeManager.ClientHandler Received HTTP response headers after 176.4402ms - 200
2026-09-08T22:58:53.7544427+00:00 Information System.Net.Http.HttpClient.MinecraftRuntimeManager.LogicalHandler End processing HTTP request after 177.5652ms - 200
2026-09-08T22:58:53.9601766+00:00 Information System.Net.Http.HttpClient.MinecraftRuntimeManager.LogicalHandler Start processing HTTP request GET https://resources.download.minecraft.net/97/97967f640bcafe4a1c9f50cf9ae29acc2bb2d6e5
2026-09-08T22:58:53.9605860+00:00 Information System.Net.Http.HttpClient.MinecraftRuntimeManager.ClientHandler Sending HTTP request GET https://resources.download.minecraft.net/97/97967f640bcafe4a1c9f50cf9ae29acc2bb2d6e5
2026-09-08T22:58:54.1360457+00:00 Information System.Net.Http.HttpClient.MinecraftRuntimeManager.ClientHandler Received HTTP response headers after 174.9615ms - 200
2026-09-08T22:58:54.1365161+00:00 Information System.Net.Http.HttpClient.MinecraftRuntimeManager.LogicalHandler End processing HTTP request after 176.3303ms - 200
2026-09-08T22:58:54.3241936+00:00 Information System.Net.Http.HttpClient.MinecraftRuntimeManager.LogicalHandler Start processing HTTP request GET https://resources.download.minecraft.net/71/712b344d869ac2fccc0f785469e9126972acb2d4
2026-09-08T22:58:54.3244435+00:00 Information System.Net.Http.HttpClient.MinecraftRuntimeManager.ClientHandler Sending HTTP request GET https://resources.download.minecraft.net/71/712b344d869ac2fccc0f785469e9126972acb2d4
2026-09-08T22:58:54.5019368+00:00 Information System.Net.Http.HttpClient.MinecraftRuntimeManager.ClientHandler Received HTTP response headers after 177.0552ms - 200
2026-09-08T22:58:54.5024325+00:00 Information System.Net.Http.HttpClient.MinecraftRuntimeManager.LogicalHandler End processing HTTP request after 178.2623ms - 200
2026-09-08T22:58:54.6911803+00:00 Information System.Net.Http.HttpClient.MinecraftRuntimeManager.LogicalHandler Start processing HTTP request GET https://resources.download.minecraft.net/33/3372c6fbf0d2aa1fc7cac21d17579eac7414ed3f
2026-09-08T22:58:54.6914531+00:00 Information System.Net.Http.HttpClient.MinecraftRuntimeManager.ClientHandler Sending HTTP request GET https://resources.download.minecraft.net/33/3372c6fbf0d2aa1fc7cac21d17579eac7414ed3f
2026-09-08T22:58:54.8682804+00:00 Information System.Net.Http.HttpClient.MinecraftRuntimeManager.ClientHandler Received HTTP response headers after 176.4199ms - 200
2026-09-08T22:58:54.8687311+00:00 Information System.Net.Http.HttpClient.MinecraftRuntimeManager.LogicalHandler End processing HTTP request after 177.5351ms - 200
2026-09-08T22:58:55.0235222+00:00 Information System.Net.Http.HttpClient.MinecraftRuntimeManager.LogicalHandler Start processing HTTP request GET https://resources.download.minecraft.net/54/548e9ea467f515020e664f5fddf026c45c8f16a3
2026-09-08T22:58:55.0239314+00:00 Information System.Net.Http.HttpClient.MinecraftRuntimeManager.ClientHandler Sending HTTP request GET https://resources.download.minecraft.net/54/548e9ea467f515020e664f5fddf026c45c8f16a3
2026-09-08T22:58:55.1991068+00:00 Information System.Net.Http.HttpClient.MinecraftRuntimeManager.ClientHandler Received HTTP response headers after 174.8135ms - 200
2026-09-08T22:58:55.1995132+00:00 Information System.Net.Http.HttpClient.MinecraftRuntimeManager.LogicalHandler End processing HTTP request after 176.0354ms - 200
2026-09-08T22:58:55.3450324+00:00 Information System.Net.Http.HttpClient.MinecraftRuntimeManager.LogicalHandler Start processing HTTP request GET https://resources.download.minecraft.net/cb/cbec7ef64cc08977d800b126a2d4b88fe211375c
2026-09-08T22:58:55.3453756+00:00 Information System.Net.Http.HttpClient.MinecraftRuntimeManager.ClientHandler Sending HTTP request GET https://resources.download.minecraft.net/cb/cbec7ef64cc08977d800b126a2d4b88fe211375c
2026-09-08T22:58:55.5225000+00:00 Information System.Net.Http.HttpClient.MinecraftRuntimeManager.ClientHandler Received HTTP response headers after 176.76ms - 200
2026-09-08T22:58:55.5231079+00:00 Information System.Net.Http.HttpClient.MinecraftRuntimeManager.LogicalHandler End processing HTTP request after 178.0093ms - 200
2026-09-08T22:58:55.6433968+00:00 Information System.Net.Http.HttpClient.MinecraftRuntimeManager.LogicalHandler Start processing HTTP request GET https://resources.download.minecraft.net/5f/5f0618d264e980e49f589f58f61c201c88bba14b
2026-09-08T22:58:55.6436584+00:00 Information System.Net.Http.HttpClient.MinecraftRuntimeManager.ClientHandler Sending HTTP request GET https://resources.download.minecraft.net/5f/5f0618d264e980e49f589f58f61c201c88bba14b
2026-09-08T22:58:55.8222885+00:00 Information System.Net.Http.HttpClient.MinecraftRuntimeManager.ClientHandler Received HTTP response headers after 178.2946ms - 200
2026-09-08T22:58:55.8228191+00:00 Information System.Net.Http.HttpClient.MinecraftRuntimeManager.LogicalHandler End processing HTTP request after 179.331ms - 200
2026-09-08T22:58:55.9229543+00:00 Information System.Net.Http.HttpClient.MinecraftRuntimeManager.LogicalHandler Start processing HTTP request GET https://resources.download.minecraft.net/ee/ee0d75799932dfa4241fc708e1512c7e6f8b315a
2026-09-08T22:58:55.9232499+00:00 Information System.Net.Http.HttpClient.MinecraftRuntimeManager.ClientHandler Sending HTTP request GET https://resources.download.minecraft.net/ee/ee0d75799932dfa4241fc708e1512c7e6f8b315a
2026-09-08T22:58:56.1017700+00:00 Information System.Net.Http.HttpClient.MinecraftRuntimeManager.ClientHandler Received HTTP response headers after 178.1873ms - 200
2026-09-08T22:58:56.1021184+00:00 Information System.Net.Http.HttpClient.MinecraftRuntimeManager.LogicalHandler End processing HTTP request after 179.1952ms - 200
2026-09-08T22:58:56.1572959+00:00 Information System.Net.Http.HttpClient.MinecraftRuntimeManager.LogicalHandler Start processing HTTP request GET https://resources.download.minecraft.net/dc/dc062932bb40178b0a94c2d5f04d879bce83861e
2026-09-08T22:58:56.1575750+00:00 Information System.Net.Http.HttpClient.MinecraftRuntimeManager.ClientHandler Sending HTTP request GET https://resources.download.minecraft.net/dc/dc062932bb40178b0a94c2d5f04d879bce83861e
2026-09-08T22:58:56.3350481+00:00 Information System.Net.Http.HttpClient.MinecraftRuntimeManager.ClientHandler Received HTTP response headers after 177.0952ms - 200
2026-09-08T22:58:56.3354383+00:00 Information System.Net.Http.HttpClient.MinecraftRuntimeManager.LogicalHandler End processing HTTP request after 178.1375ms - 200
2026-09-08T22:58:56.7129135+00:00 Information System.Net.Http.HttpClient.MinecraftRuntimeManager.LogicalHandler Start processing HTTP request GET https://resources.download.minecraft.net/2c/2cee2fd86c36e02dd243b259cbda23bbcebfa377
2026-09-08T22:58:56.7131708+00:00 Information System.Net.Http.HttpClient.MinecraftRuntimeManager.ClientHandler Sending HTTP request GET https://resources.download.minecraft.net/2c/2cee2fd86c36e02dd243b259cbda23bbcebfa377
2026-09-08T22:58:56.8889242+00:00 Information System.Net.Http.HttpClient.MinecraftRuntimeManager.ClientHandler Received HTTP response headers after 175.2744ms - 200
2026-09-08T22:58:56.8895085+00:00 Information System.Net.Http.HttpClient.MinecraftRuntimeManager.LogicalHandler End processing HTTP request after 176.5744ms - 200
2026-09-08T22:58:56.9793415+00:00 Information System.Net.Http.HttpClient.MinecraftRuntimeManager.LogicalHandler Start processing HTTP request GET https://resources.download.minecraft.net/19/197fa8fc77d8a33e7ad15d8f11bb08ffb7819a45
2026-09-08T22:58:56.9796098+00:00 Information System.Net.Http.HttpClient.MinecraftRuntimeManager.ClientHandler Sending HTTP request GET https://resources.download.minecraft.net/19/197fa8fc77d8a33e7ad15d8f11bb08ffb7819a45
2026-09-08T22:58:57.1580863+00:00 Information System.Net.Http.HttpClient.MinecraftRuntimeManager.ClientHandler Received HTTP response headers after 177.9423ms - 200
2026-09-08T22:58:57.1587747+00:00 Information System.Net.Http.HttpClient.MinecraftRuntimeManager.LogicalHandler End processing HTTP request after 179.4227ms - 200
2026-09-08T22:58:57.3498438+00:00 Information System.Net.Http.HttpClient.MinecraftRuntimeManager.LogicalHandler Start processing HTTP request GET https://resources.download.minecraft.net/bf/bfe75d6429abfb4e2e4b49d9ff013312591e4a3b
2026-09-08T22:58:57.3501968+00:00 Information System.Net.Http.HttpClient.MinecraftRuntimeManager.ClientHandler Sending HTTP request GET https://resources.download.minecraft.net/bf/bfe75d6429abfb4e2e4b49d9ff013312591e4a3b
2026-09-08T22:58:57.5274080+00:00 Information System.Net.Http.HttpClient.MinecraftRuntimeManager.ClientHandler Received HTTP response headers after 176.7969ms - 200
2026-09-08T22:58:57.5277859+00:00 Information System.Net.Http.HttpClient.MinecraftRuntimeManager.LogicalHandler End processing HTTP request after 178.0586ms - 200
2026-09-08T22:58:57.6663515+00:00 Information System.Net.Http.HttpClient.MinecraftRuntimeManager.LogicalHandler Start processing HTTP request GET https://resources.download.minecraft.net/d3/d3670f32f5fc4684d963c6240c4125eb0d550b4f
2026-09-08T22:58:57.6666306+00:00 Information System.Net.Http.HttpClient.MinecraftRuntimeManager.ClientHandler Sending HTTP request GET https://resources.download.minecraft.net/d3/d3670f32f5fc4684d963c6240c4125eb0d550b4f
2026-09-08T22:58:57.8427278+00:00 Information System.Net.Http.HttpClient.MinecraftRuntimeManager.ClientHandler Received HTTP response headers after 175.714ms - 200
2026-09-08T22:58:57.8430476+00:00 Information System.Net.Http.HttpClient.MinecraftRuntimeManager.LogicalHandler End processing HTTP request after 176.72ms - 200
2026-09-08T22:58:57.9790088+00:00 Information System.Net.Http.HttpClient.MinecraftRuntimeManager.LogicalHandler Start processing HTTP request GET https://resources.download.minecraft.net/dd/dd79f117c11f01a41e8d930be7230d7fba89d1d3
2026-09-08T22:58:57.9792497+00:00 Information System.Net.Http.HttpClient.MinecraftRuntimeManager.ClientHandler Sending HTTP request GET https://resources.download.minecraft.net/dd/dd79f117c11f01a41e8d930be7230d7fba89d1d3
2026-09-08T22:58:58.1568612+00:00 Information System.Net.Http.HttpClient.MinecraftRuntimeManager.ClientHandler Received HTTP response headers after 177.3026ms - 200
2026-09-08T22:58:58.1572279+00:00 Information System.Net.Http.HttpClient.MinecraftRuntimeManager.LogicalHandler End processing HTTP request after 178.2637ms - 200
2026-09-08T22:58:58.2229321+00:00 Information System.Net.Http.HttpClient.MinecraftRuntimeManager.LogicalHandler Start processing HTTP request GET https://resources.download.minecraft.net/76/76440d134c908d9c0114aecc9ffbb63cd3b18106
2026-09-08T22:58:58.2232226+00:00 Information System.Net.Http.HttpClient.MinecraftRuntimeManager.ClientHandler Sending HTTP request GET https://resources.download.minecraft.net/76/76440d134c908d9c0114aecc9ffbb63cd3b18106
2026-09-08T22:58:58.4011287+00:00 Information System.Net.Http.HttpClient.MinecraftRuntimeManager.ClientHandler Received HTTP response headers after 177.4762ms - 200
2026-09-08T22:58:58.4015311+00:00 Information System.Net.Http.HttpClient.MinecraftRuntimeManager.LogicalHandler End processing HTTP request after 178.5926ms - 200
2026-09-08T22:58:58.5138293+00:00 Information System.Net.Http.HttpClient.MinecraftRuntimeManager.LogicalHandler Start processing HTTP request GET https://resources.download.minecraft.net/94/944ff41b69a9c9765269a3e3bada8007b312d36a
2026-09-08T22:58:58.5140719+00:00 Information System.Net.Http.HttpClient.MinecraftRuntimeManager.ClientHandler Sending HTTP request GET https://resources.download.minecraft.net/94/944ff41b69a9c9765269a3e3bada8007b312d36a
2026-09-08T22:58:58.6974167+00:00 Information System.Net.Http.HttpClient.MinecraftRuntimeManager.ClientHandler Received HTTP response headers after 182.9313ms - 200
2026-09-08T22:58:58.6978852+00:00 Information System.Net.Http.HttpClient.MinecraftRuntimeManager.LogicalHandler End processing HTTP request after 184.074ms - 200
2026-09-08T22:58:58.8300061+00:00 Information System.Net.Http.HttpClient.MinecraftRuntimeManager.LogicalHandler Start processing HTTP request GET https://resources.download.minecraft.net/62/62fd99a57efdc72ed0a552628c9704bb92a3d10f
2026-09-08T22:58:58.8302736+00:00 Information System.Net.Http.HttpClient.MinecraftRuntimeManager.ClientHandler Sending HTTP request GET https://resources.download.minecraft.net/62/62fd99a57efdc72ed0a552628c9704bb92a3d10f
2026-09-08T22:58:59.0066178+00:00 Information System.Net.Http.HttpClient.MinecraftRuntimeManager.ClientHandler Received HTTP response headers after 176.0296ms - 200
2026-09-08T22:58:59.0070045+00:00 Information System.Net.Http.HttpClient.MinecraftRuntimeManager.LogicalHandler End processing HTTP request after 176.9933ms - 200
2026-09-08T22:58:59.2524357+00:00 Information System.Net.Http.HttpClient.MinecraftRuntimeManager.LogicalHandler Start processing HTTP request GET https://resources.download.minecraft.net/21/218cd5a0087f2955c8e2cd0ec8777343e204474c
2026-09-08T22:58:59.2526893+00:00 Information System.Net.Http.HttpClient.MinecraftRuntimeManager.ClientHandler Sending HTTP request GET https://resources.download.minecraft.net/21/218cd5a0087f2955c8e2cd0ec8777343e204474c
2026-09-08T22:58:59.4275869+00:00 Information System.Net.Http.HttpClient.MinecraftRuntimeManager.ClientHandler Received HTTP response headers after 174.593ms - 200
2026-09-08T22:58:59.4279207+00:00 Information System.Net.Http.HttpClient.MinecraftRuntimeManager.LogicalHandler End processing HTTP request after 175.5248ms - 200
2026-09-08T22:58:59.6183528+00:00 Information System.Net.Http.HttpClient.MinecraftRuntimeManager.LogicalHandler Start processing HTTP request GET https://resources.download.minecraft.net/80/80122c5aecf0b3d1dd1be5fc840d8739012f3b98
2026-09-08T22:58:59.6185928+00:00 Information System.Net.Http.HttpClient.MinecraftRuntimeManager.ClientHandler Sending HTTP request GET https://resources.download.minecraft.net/80/80122c5aecf0b3d1dd1be5fc840d8739012f3b98
2026-09-08T22:58:59.9597489+00:00 Information System.Net.Http.HttpClient.MinecraftRuntimeManager.ClientHandler Received HTTP response headers after 340.6531ms - 200
2026-09-08T22:58:59.9603372+00:00 Information System.Net.Http.HttpClient.MinecraftRuntimeManager.LogicalHandler End processing HTTP request after 341.9575ms - 200
2026-09-08T22:59:00.0448487+00:00 Information System.Net.Http.HttpClient.MinecraftRuntimeManager.LogicalHandler Start processing HTTP request GET https://resources.download.minecraft.net/72/72714e65a0dcf0e39b0bc96e31ff89434f4d932b
2026-09-08T22:59:00.0451547+00:00 Information System.Net.Http.HttpClient.MinecraftRuntimeManager.ClientHandler Sending HTTP request GET https://resources.download.minecraft.net/72/72714e65a0dcf0e39b0bc96e31ff89434f4d932b
2026-09-08T22:59:00.2217611+00:00 Information System.Net.Http.HttpClient.MinecraftRuntimeManager.ClientHandler Received HTTP response headers after 176.2283ms - 200
2026-09-08T22:59:00.2221323+00:00 Information System.Net.Http.HttpClient.MinecraftRuntimeManager.LogicalHandler End processing HTTP request after 177.3411ms - 200
2026-09-08T22:59:00.4920565+00:00 Information System.Net.Http.HttpClient.MinecraftRuntimeManager.LogicalHandler Start processing HTTP request GET https://resources.download.minecraft.net/2b/2bd6b2b46db5b6969808b3bd3d62e7427d63c264
2026-09-08T22:59:00.4924083+00:00 Information System.Net.Http.HttpClient.MinecraftRuntimeManager.ClientHandler Sending HTTP request GET https://resources.download.minecraft.net/2b/2bd6b2b46db5b6969808b3bd3d62e7427d63c264
2026-09-08T22:59:00.6688493+00:00 Information System.Net.Http.HttpClient.MinecraftRuntimeManager.ClientHandler Received HTTP response headers after 176.0811ms - 200
2026-09-08T22:59:00.6692325+00:00 Information System.Net.Http.HttpClient.MinecraftRuntimeManager.LogicalHandler End processing HTTP request after 177.1576ms - 200
2026-09-08T22:59:00.9061541+00:00 Information System.Net.Http.HttpClient.MinecraftRuntimeManager.LogicalHandler Start processing HTTP request GET https://resources.download.minecraft.net/41/419184b77e37d250aec740da000500df4a5e0f34
2026-09-08T22:59:00.9064312+00:00 Information System.Net.Http.HttpClient.MinecraftRuntimeManager.ClientHandler Sending HTTP request GET https://resources.download.minecraft.net/41/419184b77e37d250aec740da000500df4a5e0f34
2026-09-08T22:59:01.0832909+00:00 Information System.Net.Http.HttpClient.MinecraftRuntimeManager.ClientHandler Received HTTP response headers after 176.4522ms - 200
2026-09-08T22:59:01.0836884+00:00 Information System.Net.Http.HttpClient.MinecraftRuntimeManager.LogicalHandler End processing HTTP request after 177.5412ms - 200
2026-09-08T22:59:01.1847233+00:00 Information System.Net.Http.HttpClient.MinecraftRuntimeManager.LogicalHandler Start processing HTTP request GET https://resources.download.minecraft.net/7f/7f9ce93c231f64a0b499bf933b8b84bde2bbc91b
2026-09-08T22:59:01.1850768+00:00 Information System.Net.Http.HttpClient.MinecraftRuntimeManager.ClientHandler Sending HTTP request GET https://resources.download.minecraft.net/7f/7f9ce93c231f64a0b499bf933b8b84bde2bbc91b
2026-09-08T22:59:01.3607703+00:00 Information System.Net.Http.HttpClient.MinecraftRuntimeManager.ClientHandler Received HTTP response headers after 175.3627ms - 200
2026-09-08T22:59:01.3611035+00:00 Information System.Net.Http.HttpClient.MinecraftRuntimeManager.LogicalHandler End processing HTTP request after 176.4213ms - 200
2026-09-08T22:59:01.4954461+00:00 Information System.Net.Http.HttpClient.MinecraftRuntimeManager.LogicalHandler Start processing HTTP request GET https://resources.download.minecraft.net/ca/ca5894a5bece91a7b5a43c73a739b7111489a9e4
2026-09-08T22:59:01.4957526+00:00 Information System.Net.Http.HttpClient.MinecraftRuntimeManager.ClientHandler Sending HTTP request GET https://resources.download.minecraft.net/ca/ca5894a5bece91a7b5a43c73a739b7111489a9e4
2026-09-08T22:59:01.6720731+00:00 Information System.Net.Http.HttpClient.MinecraftRuntimeManager.ClientHandler Received HTTP response headers after 175.9588ms - 200
2026-09-08T22:59:01.6724297+00:00 Information System.Net.Http.HttpClient.MinecraftRuntimeManager.LogicalHandler End processing HTTP request after 177.0209ms - 200
2026-09-08T22:59:01.8320243+00:00 Information System.Net.Http.HttpClient.MinecraftRuntimeManager.LogicalHandler Start processing HTTP request GET https://resources.download.minecraft.net/4f/4f52f8cbcb402c38d5bfe523513120b113c4e571
2026-09-08T22:59:01.8323416+00:00 Information System.Net.Http.HttpClient.MinecraftRuntimeManager.ClientHandler Sending HTTP request GET https://resources.download.minecraft.net/4f/4f52f8cbcb402c38d5bfe523513120b113c4e571
2026-09-08T22:59:02.0075552+00:00 Information System.Net.Http.HttpClient.MinecraftRuntimeManager.ClientHandler Received HTTP response headers after 174.7843ms - 200
2026-09-08T22:59:02.0080529+00:00 Information System.Net.Http.HttpClient.MinecraftRuntimeManager.LogicalHandler End processing HTTP request after 176.0285ms - 200
2026-09-08T22:59:02.2290840+00:00 Information System.Net.Http.HttpClient.MinecraftRuntimeManager.LogicalHandler Start processing HTTP request GET https://resources.download.minecraft.net/25/2589440360a753366983702bd4c6e8f9c7aa9510
2026-09-08T22:59:02.2293662+00:00 Information System.Net.Http.HttpClient.MinecraftRuntimeManager.ClientHandler Sending HTTP request GET https://resources.download.minecraft.net/25/2589440360a753366983702bd4c6e8f9c7aa9510
2026-09-08T22:59:02.4053720+00:00 Information System.Net.Http.HttpClient.MinecraftRuntimeManager.ClientHandler Received HTTP response headers after 175.6934ms - 200
2026-09-08T22:59:02.4058582+00:00 Information System.Net.Http.HttpClient.MinecraftRuntimeManager.LogicalHandler End processing HTTP request after 176.7822ms - 200
2026-09-08T22:59:02.5643452+00:00 Information System.Net.Http.HttpClient.MinecraftRuntimeManager.LogicalHandler Start processing HTTP request GET https://resources.download.minecraft.net/ca/ca7cd01fd13898a03336510f8b0dd4074ecb5c1a
2026-09-08T22:59:02.5647214+00:00 Information System.Net.Http.HttpClient.MinecraftRuntimeManager.ClientHandler Sending HTTP request GET https://resources.download.minecraft.net/ca/ca7cd01fd13898a03336510f8b0dd4074ecb5c1a
2026-09-08T22:59:02.7403145+00:00 Information System.Net.Http.HttpClient.MinecraftRuntimeManager.ClientHandler Received HTTP response headers after 175.1324ms - 200
2026-09-08T22:59:02.7407393+00:00 Information System.Net.Http.HttpClient.MinecraftRuntimeManager.LogicalHandler End processing HTTP request after 176.4354ms - 200
2026-09-08T22:59:02.9486295+00:00 Information System.Net.Http.HttpClient.MinecraftRuntimeManager.LogicalHandler Start processing HTTP request GET https://resources.download.minecraft.net/51/513c5616deab01a39e4c22cf1469765e1e36af2a
2026-09-08T22:59:02.9488793+00:00 Information System.Net.Http.HttpClient.MinecraftRuntimeManager.ClientHandler Sending HTTP request GET https://resources.download.minecraft.net/51/513c5616deab01a39e4c22cf1469765e1e36af2a
2026-09-08T22:59:03.1252143+00:00 Information System.Net.Http.HttpClient.MinecraftRuntimeManager.ClientHandler Received HTTP response headers after 175.8573ms - 200
2026-09-08T22:59:03.1256449+00:00 Information System.Net.Http.HttpClient.MinecraftRuntimeManager.LogicalHandler End processing HTTP request after 176.9697ms - 200
2026-09-08T22:59:03.7859926+00:00 Information System.Net.Http.HttpClient.MinecraftRuntimeManager.LogicalHandler Start processing HTTP request GET https://resources.download.minecraft.net/f2/f21e8d459af1d82778d35625b999e8fad8037e60
2026-09-08T22:59:03.7862813+00:00 Information System.Net.Http.HttpClient.MinecraftRuntimeManager.ClientHandler Sending HTTP request GET https://resources.download.minecraft.net/f2/f21e8d459af1d82778d35625b999e8fad8037e60
2026-09-08T22:59:03.9610675+00:00 Information System.Net.Http.HttpClient.MinecraftRuntimeManager.ClientHandler Received HTTP response headers after 174.4401ms - 200
2026-09-08T22:59:03.9614051+00:00 Information System.Net.Http.HttpClient.MinecraftRuntimeManager.LogicalHandler End processing HTTP request after 175.4656ms - 200
2026-09-08T22:59:03.9921055+00:00 Information System.Net.Http.HttpClient.MinecraftRuntimeManager.LogicalHandler Start processing HTTP request GET https://resources.download.minecraft.net/cb/cbb9cad483099884fbfbab2f2c1e5c8d0d06ca21
2026-09-08T22:59:03.9923985+00:00 Information System.Net.Http.HttpClient.MinecraftRuntimeManager.ClientHandler Sending HTTP request GET https://resources.download.minecraft.net/cb/cbb9cad483099884fbfbab2f2c1e5c8d0d06ca21
2026-09-08T22:59:04.1655334+00:00 Information System.Net.Http.HttpClient.MinecraftRuntimeManager.ClientHandler Received HTTP response headers after 172.7985ms - 200
2026-09-08T22:59:04.1659134+00:00 Information System.Net.Http.HttpClient.MinecraftRuntimeManager.LogicalHandler End processing HTTP request after 173.8361ms - 200
2026-09-08T22:59:04.1915649+00:00 Information System.Net.Http.HttpClient.MinecraftRuntimeManager.LogicalHandler Start processing HTTP request GET https://resources.download.minecraft.net/04/04c43a7a9b7883538080f84bf5b4bcba0c8b9f8a
2026-09-08T22:59:04.1918358+00:00 Information System.Net.Http.HttpClient.MinecraftRuntimeManager.ClientHandler Sending HTTP request GET https://resources.download.minecraft.net/04/04c43a7a9b7883538080f84bf5b4bcba0c8b9f8a
2026-09-08T22:59:04.3656634+00:00 Information System.Net.Http.HttpClient.MinecraftRuntimeManager.ClientHandler Received HTTP response headers after 173.4984ms - 200
2026-09-08T22:59:04.3660496+00:00 Information System.Net.Http.HttpClient.MinecraftRuntimeManager.LogicalHandler End processing HTTP request after 174.4474ms - 200
2026-09-08T22:59:04.4189558+00:00 Information System.Net.Http.HttpClient.MinecraftRuntimeManager.LogicalHandler Start processing HTTP request GET https://resources.download.minecraft.net/d8/d8c059340dc911674bfc9b8cd687a5a8229085b2
2026-09-08T22:59:04.4194221+00:00 Information System.Net.Http.HttpClient.MinecraftRuntimeManager.ClientHandler Sending HTTP request GET https://resources.download.minecraft.net/d8/d8c059340dc911674bfc9b8cd687a5a8229085b2
2026-09-08T22:59:04.5943760+00:00 Information System.Net.Http.HttpClient.MinecraftRuntimeManager.ClientHandler Received HTTP response headers after 174.5278ms - 200
2026-09-08T22:59:04.5947554+00:00 Information System.Net.Http.HttpClient.MinecraftRuntimeManager.LogicalHandler End processing HTTP request after 175.7534ms - 200
2026-09-08T22:59:04.6124723+00:00 Information System.Net.Http.HttpClient.MinecraftRuntimeManager.LogicalHandler Start processing HTTP request GET https://resources.download.minecraft.net/a8/a8c60a4b7a33cb46dac1312056094205d216e8a1
2026-09-08T22:59:04.6129809+00:00 Information System.Net.Http.HttpClient.MinecraftRuntimeManager.ClientHandler Sending HTTP request GET https://resources.download.minecraft.net/a8/a8c60a4b7a33cb46dac1312056094205d216e8a1
2026-09-08T22:59:04.7874957+00:00 Information System.Net.Http.HttpClient.MinecraftRuntimeManager.ClientHandler Received HTTP response headers after 174.0968ms - 200
2026-09-08T22:59:04.7877994+00:00 Information System.Net.Http.HttpClient.MinecraftRuntimeManager.LogicalHandler End processing HTTP request after 175.4435ms - 200
2026-09-08T22:59:04.8162611+00:00 Information System.Net.Http.HttpClient.MinecraftRuntimeManager.LogicalHandler Start processing HTTP request GET https://resources.download.minecraft.net/ce/ceaab156522c5497865d5b4658a2b7c285d6e096
2026-09-08T22:59:04.8165239+00:00 Information System.Net.Http.HttpClient.MinecraftRuntimeManager.ClientHandler Sending HTTP request GET https://resources.download.minecraft.net/ce/ceaab156522c5497865d5b4658a2b7c285d6e096
2026-09-08T22:59:04.9901532+00:00 Information System.Net.Http.HttpClient.MinecraftRuntimeManager.ClientHandler Received HTTP response headers after 173.3132ms - 200
2026-09-08T22:59:04.9904410+00:00 Information System.Net.Http.HttpClient.MinecraftRuntimeManager.LogicalHandler End processing HTTP request after 174.2162ms - 200
2026-09-08T22:59:05.0770645+00:00 Information System.Net.Http.HttpClient.MinecraftRuntimeManager.LogicalHandler Start processing HTTP request GET https://resources.download.minecraft.net/e5/e53505de35fa527b0aab9af09bf8bb0258689bad
2026-09-08T22:59:05.0774262+00:00 Information System.Net.Http.HttpClient.MinecraftRuntimeManager.ClientHandler Sending HTTP request GET https://resources.download.minecraft.net/e5/e53505de35fa527b0aab9af09bf8bb0258689bad
2026-09-08T22:59:05.2518302+00:00 Information System.Net.Http.HttpClient.MinecraftRuntimeManager.ClientHandler Received HTTP response headers after 173.9523ms - 200
2026-09-08T22:59:05.2522048+00:00 Information System.Net.Http.HttpClient.MinecraftRuntimeManager.LogicalHandler End processing HTTP request after 175.1675ms - 200
2026-09-08T22:59:05.3236590+00:00 Information System.Net.Http.HttpClient.MinecraftRuntimeManager.LogicalHandler Start processing HTTP request GET https://resources.download.minecraft.net/f7/f7746eab6e9487983a29a494648787147bd8cb9b
2026-09-08T22:59:05.3239522+00:00 Information System.Net.Http.HttpClient.MinecraftRuntimeManager.ClientHandler Sending HTTP request GET https://resources.download.minecraft.net/f7/f7746eab6e9487983a29a494648787147bd8cb9b
2026-09-08T22:59:05.5004482+00:00 Information System.Net.Http.HttpClient.MinecraftRuntimeManager.ClientHandler Received HTTP response headers after 176.0836ms - 200
2026-09-08T22:59:05.5008431+00:00 Information System.Net.Http.HttpClient.MinecraftRuntimeManager.LogicalHandler End processing HTTP request after 177.1739ms - 200
2026-09-08T22:59:05.5805556+00:00 Information System.Net.Http.HttpClient.MinecraftRuntimeManager.LogicalHandler Start processing HTTP request GET https://resources.download.minecraft.net/a3/a3cb159ce32f53389897a1edc736266d107334bc
2026-09-08T22:59:05.5809184+00:00 Information System.Net.Http.HttpClient.MinecraftRuntimeManager.ClientHandler Sending HTTP request GET https://resources.download.minecraft.net/a3/a3cb159ce32f53389897a1edc736266d107334bc
2026-09-08T22:59:05.7563963+00:00 Information System.Net.Http.HttpClient.MinecraftRuntimeManager.ClientHandler Received HTTP response headers after 174.9234ms - 200
2026-09-08T22:59:05.7567170+00:00 Information System.Net.Http.HttpClient.MinecraftRuntimeManager.LogicalHandler End processing HTTP request after 176.2773ms - 200
2026-09-08T22:59:05.8269035+00:00 Information System.Net.Http.HttpClient.MinecraftRuntimeManager.LogicalHandler Start processing HTTP request GET https://resources.download.minecraft.net/d9/d9fa250319b5fe4bfe7c337102bd2796f1a0342c
2026-09-08T22:59:05.8271470+00:00 Information System.Net.Http.HttpClient.MinecraftRuntimeManager.ClientHandler Sending HTTP request GET https://resources.download.minecraft.net/d9/d9fa250319b5fe4bfe7c337102bd2796f1a0342c
2026-09-08T22:59:06.0017900+00:00 Information System.Net.Http.HttpClient.MinecraftRuntimeManager.ClientHandler Received HTTP response headers after 174.2364ms - 200
2026-09-08T22:59:06.0022527+00:00 Information System.Net.Http.HttpClient.MinecraftRuntimeManager.LogicalHandler End processing HTTP request after 175.3525ms - 200
2026-09-08T22:59:06.0791791+00:00 Information System.Net.Http.HttpClient.MinecraftRuntimeManager.LogicalHandler Start processing HTTP request GET https://resources.download.minecraft.net/ab/abb0ffaa8df2bc05ba4b95457afa42ec67d785e8
2026-09-08T22:59:06.0794938+00:00 Information System.Net.Http.HttpClient.MinecraftRuntimeManager.ClientHandler Sending HTTP request GET https://resources.download.minecraft.net/ab/abb0ffaa8df2bc05ba4b95457afa42ec67d785e8
2026-09-08T22:59:06.2544971+00:00 Information System.Net.Http.HttpClient.MinecraftRuntimeManager.ClientHandler Received HTTP response headers after 174.5168ms - 200
2026-09-08T22:59:06.2548765+00:00 Information System.Net.Http.HttpClient.MinecraftRuntimeManager.LogicalHandler End processing HTTP request after 175.7439ms - 200
2026-09-08T22:59:06.3761506+00:00 Information System.Net.Http.HttpClient.MinecraftRuntimeManager.LogicalHandler Start processing HTTP request GET https://resources.download.minecraft.net/26/26e01cbc875eff13cff798fd803b8cc1639393bc
2026-09-08T22:59:06.3764602+00:00 Information System.Net.Http.HttpClient.MinecraftRuntimeManager.ClientHandler Sending HTTP request GET https://resources.download.minecraft.net/26/26e01cbc875eff13cff798fd803b8cc1639393bc
2026-09-08T22:59:06.5514314+00:00 Information System.Net.Http.HttpClient.MinecraftRuntimeManager.ClientHandler Received HTTP response headers after 174.5233ms - 200
2026-09-08T22:59:06.5518985+00:00 Information System.Net.Http.HttpClient.MinecraftRuntimeManager.LogicalHandler End processing HTTP request after 175.7518ms - 200
2026-09-08T22:59:06.6218287+00:00 Information System.Net.Http.HttpClient.MinecraftRuntimeManager.LogicalHandler Start processing HTTP request GET https://resources.download.minecraft.net/b4/b4689be9b359e5fa2af38268fc323d10edba00ba
2026-09-08T22:59:06.6221136+00:00 Information System.Net.Http.HttpClient.MinecraftRuntimeManager.ClientHandler Sending HTTP request GET https://resources.download.minecraft.net/b4/b4689be9b359e5fa2af38268fc323d10edba00ba
2026-09-08T22:59:06.7949868+00:00 Information System.Net.Http.HttpClient.MinecraftRuntimeManager.ClientHandler Received HTTP response headers after 172.5636ms - 200
2026-09-08T22:59:06.7953315+00:00 Information System.Net.Http.HttpClient.MinecraftRuntimeManager.LogicalHandler End processing HTTP request after 173.4996ms - 200
2026-09-08T22:59:06.8574118+00:00 Information System.Net.Http.HttpClient.MinecraftRuntimeManager.LogicalHandler Start processing HTTP request GET https://resources.download.minecraft.net/b5/b5cab25163ea7dfe04561863bd053722fd5718dc
2026-09-08T22:59:06.8576476+00:00 Information System.Net.Http.HttpClient.MinecraftRuntimeManager.ClientHandler Sending HTTP request GET https://resources.download.minecraft.net/b5/b5cab25163ea7dfe04561863bd053722fd5718dc
2026-09-08T22:59:07.0310245+00:00 Information System.Net.Http.HttpClient.MinecraftRuntimeManager.ClientHandler Received HTTP response headers after 173.078ms - 200
2026-09-08T22:59:07.0314400+00:00 Information System.Net.Http.HttpClient.MinecraftRuntimeManager.LogicalHandler End processing HTTP request after 174.0485ms - 200
2026-09-08T22:59:07.0745636+00:00 Information System.Net.Http.HttpClient.MinecraftRuntimeManager.LogicalHandler Start processing HTTP request GET https://resources.download.minecraft.net/ae/ae25e94125f21221a867cc388fd649a14f04d4a3
2026-09-08T22:59:07.0748437+00:00 Information System.Net.Http.HttpClient.MinecraftRuntimeManager.ClientHandler Sending HTTP request GET https://resources.download.minecraft.net/ae/ae25e94125f21221a867cc388fd649a14f04d4a3
2026-09-08T22:59:07.2507857+00:00 Information System.Net.Http.HttpClient.MinecraftRuntimeManager.ClientHandler Received HTTP response headers after 175.5516ms - 200
2026-09-08T22:59:07.2513059+00:00 Information System.Net.Http.HttpClient.MinecraftRuntimeManager.LogicalHandler End processing HTTP request after 176.7266ms - 200
2026-09-08T22:59:07.2884766+00:00 Information System.Net.Http.HttpClient.MinecraftRuntimeManager.LogicalHandler Start processing HTTP request GET https://resources.download.minecraft.net/ce/ce557b6621be88fd30650bbd7625384216cabe02
2026-09-08T22:59:07.2887896+00:00 Information System.Net.Http.HttpClient.MinecraftRuntimeManager.ClientHandler Sending HTTP request GET https://resources.download.minecraft.net/ce/ce557b6621be88fd30650bbd7625384216cabe02
2026-09-08T22:59:07.4632307+00:00 Information System.Net.Http.HttpClient.MinecraftRuntimeManager.ClientHandler Received HTTP response headers after 174.1347ms - 200
2026-09-08T22:59:07.4635677+00:00 Information System.Net.Http.HttpClient.MinecraftRuntimeManager.LogicalHandler End processing HTTP request after 175.0773ms - 200
2026-09-08T22:59:07.4743042+00:00 Information System.Net.Http.HttpClient.MinecraftRuntimeManager.LogicalHandler Start processing HTTP request GET https://resources.download.minecraft.net/4d/4dfdc01898b95663dc1ddd0abdb259dd61b4b4d8
2026-09-08T22:59:07.4746481+00:00 Information System.Net.Http.HttpClient.MinecraftRuntimeManager.ClientHandler Sending HTTP request GET https://resources.download.minecraft.net/4d/4dfdc01898b95663dc1ddd0abdb259dd61b4b4d8
2026-09-08T22:59:07.6502058+00:00 Information System.Net.Http.HttpClient.MinecraftRuntimeManager.ClientHandler Received HTTP response headers after 175.0703ms - 200
2026-09-08T22:59:07.6506343+00:00 Information System.Net.Http.HttpClient.MinecraftRuntimeManager.LogicalHandler End processing HTTP request after 176.4279ms - 200
2026-09-08T22:59:07.6836571+00:00 Information System.Net.Http.HttpClient.MinecraftRuntimeManager.LogicalHandler Start processing HTTP request GET https://resources.download.minecraft.net/f1/f1183f0ef201b9e1f909b649dd93234db873f06b
2026-09-08T22:59:07.6839158+00:00 Information System.Net.Http.HttpClient.MinecraftRuntimeManager.ClientHandler Sending HTTP request GET https://resources.download.minecraft.net/f1/f1183f0ef201b9e1f909b649dd93234db873f06b
2026-09-08T22:59:07.8594840+00:00 Information System.Net.Http.HttpClient.MinecraftRuntimeManager.ClientHandler Received HTTP response headers after 175.2676ms - 200
2026-09-08T22:59:07.8600028+00:00 Information System.Net.Http.HttpClient.MinecraftRuntimeManager.LogicalHandler End processing HTTP request after 176.3542ms - 200
2026-09-08T22:59:07.8899263+00:00 Information System.Net.Http.HttpClient.MinecraftRuntimeManager.LogicalHandler Start processing HTTP request GET https://resources.download.minecraft.net/ca/ca5162095dcf1d5795866795566a12032adadc85
2026-09-08T22:59:07.8903086+00:00 Information System.Net.Http.HttpClient.MinecraftRuntimeManager.ClientHandler Sending HTTP request GET https://resources.download.minecraft.net/ca/ca5162095dcf1d5795866795566a12032adadc85
2026-09-08T22:59:08.0628748+00:00 Information System.Net.Http.HttpClient.MinecraftRuntimeManager.ClientHandler Received HTTP response headers after 172.1154ms - 200
2026-09-08T22:59:08.0632654+00:00 Information System.Net.Http.HttpClient.MinecraftRuntimeManager.LogicalHandler End processing HTTP request after 173.3587ms - 200
2026-09-08T22:59:08.0999973+00:00 Information System.Net.Http.HttpClient.MinecraftRuntimeManager.LogicalHandler Start processing HTTP request GET https://resources.download.minecraft.net/e6/e6f35b4c2f3584351e0d487cdbdd1fc0300c5593
2026-09-08T22:59:08.1002651+00:00 Information System.Net.Http.HttpClient.MinecraftRuntimeManager.ClientHandler Sending HTTP request GET https://resources.download.minecraft.net/e6/e6f35b4c2f3584351e0d487cdbdd1fc0300c5593
2026-09-08T22:59:08.2775169+00:00 Information System.Net.Http.HttpClient.MinecraftRuntimeManager.ClientHandler Received HTTP response headers after 176.7562ms - 200
2026-09-08T22:59:08.2780888+00:00 Information System.Net.Http.HttpClient.MinecraftRuntimeManager.LogicalHandler End processing HTTP request after 178.0809ms - 200
2026-09-08T22:59:08.3017864+00:00 Information System.Net.Http.HttpClient.MinecraftRuntimeManager.LogicalHandler Start processing HTTP request GET https://resources.download.minecraft.net/62/62ffa5f85aeefcee4a9aa98290beb14bdd84e68d
2026-09-08T22:59:08.3023835+00:00 Information System.Net.Http.HttpClient.MinecraftRuntimeManager.ClientHandler Sending HTTP request GET https://resources.download.minecraft.net/62/62ffa5f85aeefcee4a9aa98290beb14bdd84e68d
2026-09-08T22:59:08.4760674+00:00 Information System.Net.Http.HttpClient.MinecraftRuntimeManager.ClientHandler Received HTTP response headers after 173.3485ms - 200
2026-09-08T22:59:08.4764252+00:00 Information System.Net.Http.HttpClient.MinecraftRuntimeManager.LogicalHandler End processing HTTP request after 174.7153ms - 200
2026-09-08T22:59:08.5038808+00:00 Information System.Net.Http.HttpClient.MinecraftRuntimeManager.LogicalHandler Start processing HTTP request GET https://resources.download.minecraft.net/84/845a813d61b345669e9cbc3c4014ddf2298580e9
2026-09-08T22:59:08.5041362+00:00 Information System.Net.Http.HttpClient.MinecraftRuntimeManager.ClientHandler Sending HTTP request GET https://resources.download.minecraft.net/84/845a813d61b345669e9cbc3c4014ddf2298580e9
2026-09-08T22:59:08.6791736+00:00 Information System.Net.Http.HttpClient.MinecraftRuntimeManager.ClientHandler Received HTTP response headers after 174.6759ms - 200
2026-09-08T22:59:08.6795902+00:00 Information System.Net.Http.HttpClient.MinecraftRuntimeManager.LogicalHandler End processing HTTP request after 175.6771ms - 200
2026-09-08T22:59:08.7145354+00:00 Information System.Net.Http.HttpClient.MinecraftRuntimeManager.LogicalHandler Start processing HTTP request GET https://resources.download.minecraft.net/fd/fdb3d7893ae483f851ea0b20148de2baf4dd8d84
2026-09-08T22:59:08.7148370+00:00 Information System.Net.Http.HttpClient.MinecraftRuntimeManager.ClientHandler Sending HTTP request GET https://resources.download.minecraft.net/fd/fdb3d7893ae483f851ea0b20148de2baf4dd8d84
2026-09-08T22:59:08.8886361+00:00 Information System.Net.Http.HttpClient.MinecraftRuntimeManager.ClientHandler Received HTTP response headers after 173.4455ms - 200
2026-09-08T22:59:08.8890793+00:00 Information System.Net.Http.HttpClient.MinecraftRuntimeManager.LogicalHandler End processing HTTP request after 174.5397ms - 200
2026-09-08T22:59:08.9788190+00:00 Information System.Net.Http.HttpClient.MinecraftRuntimeManager.LogicalHandler Start processing HTTP request GET https://resources.download.minecraft.net/1b/1be6e84cfd3b27ef0578f84f03abbdc3ca45d381
2026-09-08T22:59:08.9790864+00:00 Information System.Net.Http.HttpClient.MinecraftRuntimeManager.ClientHandler Sending HTTP request GET https://resources.download.minecraft.net/1b/1be6e84cfd3b27ef0578f84f03abbdc3ca45d381
2026-09-08T22:59:09.1525972+00:00 Information System.Net.Http.HttpClient.MinecraftRuntimeManager.ClientHandler Received HTTP response headers after 173.1957ms - 200
2026-09-08T22:59:09.1529562+00:00 Information System.Net.Http.HttpClient.MinecraftRuntimeManager.LogicalHandler End processing HTTP request after 174.1554ms - 200
2026-09-08T22:59:09.1683181+00:00 Information System.Net.Http.HttpClient.MinecraftRuntimeManager.LogicalHandler Start processing HTTP request GET https://resources.download.minecraft.net/bd/bd36dad15f2799d601cf459c2cf2275918ef0bfa
2026-09-08T22:59:09.1687355+00:00 Information System.Net.Http.HttpClient.MinecraftRuntimeManager.ClientHandler Sending HTTP request GET https://resources.download.minecraft.net/bd/bd36dad15f2799d601cf459c2cf2275918ef0bfa
2026-09-08T22:59:09.3428991+00:00 Information System.Net.Http.HttpClient.MinecraftRuntimeManager.ClientHandler Received HTTP response headers after 173.8241ms - 200
2026-09-08T22:59:09.3432567+00:00 Information System.Net.Http.HttpClient.MinecraftRuntimeManager.LogicalHandler End processing HTTP request after 174.9593ms - 200
2026-09-08T22:59:09.3685713+00:00 Information System.Net.Http.HttpClient.MinecraftRuntimeManager.LogicalHandler Start processing HTTP request GET https://resources.download.minecraft.net/1f/1feb74db490a786a656387fc2ac8d682730228e2
2026-09-08T22:59:09.3688380+00:00 Information System.Net.Http.HttpClient.MinecraftRuntimeManager.ClientHandler Sending HTTP request GET https://resources.download.minecraft.net/1f/1feb74db490a786a656387fc2ac8d682730228e2
2026-09-08T22:59:09.5428517+00:00 Information System.Net.Http.HttpClient.MinecraftRuntimeManager.ClientHandler Received HTTP response headers after 173.6269ms - 200
2026-09-08T22:59:09.5431853+00:00 Information System.Net.Http.HttpClient.MinecraftRuntimeManager.LogicalHandler End processing HTTP request after 174.6376ms - 200
2026-09-08T22:59:09.5720274+00:00 Information System.Net.Http.HttpClient.MinecraftRuntimeManager.LogicalHandler Start processing HTTP request GET https://resources.download.minecraft.net/e0/e0d4d43735c09b82d3ec1027ac667dc314b9c158
2026-09-08T22:59:09.5723104+00:00 Information System.Net.Http.HttpClient.MinecraftRuntimeManager.ClientHandler Sending HTTP request GET https://resources.download.minecraft.net/e0/e0d4d43735c09b82d3ec1027ac667dc314b9c158
2026-09-08T22:59:09.7456384+00:00 Information System.Net.Http.HttpClient.MinecraftRuntimeManager.ClientHandler Received HTTP response headers after 172.9416ms - 200
2026-09-08T22:59:09.7459468+00:00 Information System.Net.Http.HttpClient.MinecraftRuntimeManager.LogicalHandler End processing HTTP request after 173.9566ms - 200
2026-09-08T22:59:09.7619354+00:00 Information System.Net.Http.HttpClient.MinecraftRuntimeManager.LogicalHandler Start processing HTTP request GET https://resources.download.minecraft.net/d0/d0f0a5e0928729c83679f9c54cfa924795231e13
2026-09-08T22:59:09.7621850+00:00 Information System.Net.Http.HttpClient.MinecraftRuntimeManager.ClientHandler Sending HTTP request GET https://resources.download.minecraft.net/d0/d0f0a5e0928729c83679f9c54cfa924795231e13
2026-09-08T22:59:09.9360581+00:00 Information System.Net.Http.HttpClient.MinecraftRuntimeManager.ClientHandler Received HTTP response headers after 173.5678ms - 200
2026-09-08T22:59:09.9363921+00:00 Information System.Net.Http.HttpClient.MinecraftRuntimeManager.LogicalHandler End processing HTTP request after 174.4899ms - 200
2026-09-08T22:59:09.9465776+00:00 Information System.Net.Http.HttpClient.MinecraftRuntimeManager.LogicalHandler Start processing HTTP request GET https://resources.download.minecraft.net/0a/0a0bc1ffa05ac5ff00eb2b1bb9093818a35b85b9
2026-09-08T22:59:09.9468548+00:00 Information System.Net.Http.HttpClient.MinecraftRuntimeManager.ClientHandler Sending HTTP request GET https://resources.download.minecraft.net/0a/0a0bc1ffa05ac5ff00eb2b1bb9093818a35b85b9
2026-09-08T22:59:10.1210957+00:00 Information System.Net.Http.HttpClient.MinecraftRuntimeManager.ClientHandler Received HTTP response headers after 173.8285ms - 200
2026-09-08T22:59:10.1214961+00:00 Information System.Net.Http.HttpClient.MinecraftRuntimeManager.LogicalHandler End processing HTTP request after 175.0217ms - 200
2026-09-08T22:59:10.1319955+00:00 Information System.Net.Http.HttpClient.MinecraftRuntimeManager.LogicalHandler Start processing HTTP request GET https://resources.download.minecraft.net/b4/b44e7f5dd18adeeff61257edfdad1e34950e8567
2026-09-08T22:59:10.1322729+00:00 Information System.Net.Http.HttpClient.MinecraftRuntimeManager.ClientHandler Sending HTTP request GET https://resources.download.minecraft.net/b4/b44e7f5dd18adeeff61257edfdad1e34950e8567
2026-09-08T22:59:10.3071153+00:00 Information System.Net.Http.HttpClient.MinecraftRuntimeManager.ClientHandler Received HTTP response headers after 174.4246ms - 200
2026-09-08T22:59:10.3075147+00:00 Information System.Net.Http.HttpClient.MinecraftRuntimeManager.LogicalHandler End processing HTTP request after 175.5761ms - 200
2026-09-08T22:59:10.3298161+00:00 Information System.Net.Http.HttpClient.MinecraftRuntimeManager.LogicalHandler Start processing HTTP request GET https://resources.download.minecraft.net/4c/4cc773374c87bd4743e2470a4acc0403f834ae9e
2026-09-08T22:59:10.3300795+00:00 Information System.Net.Http.HttpClient.MinecraftRuntimeManager.ClientHandler Sending HTTP request GET https://resources.download.minecraft.net/4c/4cc773374c87bd4743e2470a4acc0403f834ae9e
2026-09-08T22:59:10.5040185+00:00 Information System.Net.Http.HttpClient.MinecraftRuntimeManager.ClientHandler Received HTTP response headers after 173.5602ms - 200
2026-09-08T22:59:10.5044776+00:00 Information System.Net.Http.HttpClient.MinecraftRuntimeManager.LogicalHandler End processing HTTP request after 174.6542ms - 200
2026-09-08T22:59:10.5255679+00:00 Information System.Net.Http.HttpClient.MinecraftRuntimeManager.LogicalHandler Start processing HTTP request GET https://resources.download.minecraft.net/df/df5664833e7751745b8bb24805eb0d0f9ae4c031
2026-09-08T22:59:10.5258309+00:00 Information System.Net.Http.HttpClient.MinecraftRuntimeManager.ClientHandler Sending HTTP request GET https://resources.download.minecraft.net/df/df5664833e7751745b8bb24805eb0d0f9ae4c031
2026-09-08T22:59:10.6977786+00:00 Information System.Net.Http.HttpClient.MinecraftRuntimeManager.ClientHandler Received HTTP response headers after 171.586ms - 200
2026-09-08T22:59:10.6982073+00:00 Information System.Net.Http.HttpClient.MinecraftRuntimeManager.LogicalHandler End processing HTTP request after 172.6335ms - 200
2026-09-08T22:59:10.7244996+00:00 Information System.Net.Http.HttpClient.MinecraftRuntimeManager.LogicalHandler Start processing HTTP request GET https://resources.download.minecraft.net/09/094e6fb30a685391c1425631591b47c63d60819d
2026-09-08T22:59:10.7247731+00:00 Information System.Net.Http.HttpClient.MinecraftRuntimeManager.ClientHandler Sending HTTP request GET https://resources.download.minecraft.net/09/094e6fb30a685391c1425631591b47c63d60819d
2026-09-08T22:59:10.8984281+00:00 Information System.Net.Http.HttpClient.MinecraftRuntimeManager.ClientHandler Received HTTP response headers after 173.2973ms - 200
2026-09-08T22:59:10.8988981+00:00 Information System.Net.Http.HttpClient.MinecraftRuntimeManager.LogicalHandler End processing HTTP request after 174.3916ms - 200
2026-09-08T22:59:10.9185904+00:00 Information System.Net.Http.HttpClient.MinecraftRuntimeManager.LogicalHandler Start processing HTTP request GET https://resources.download.minecraft.net/43/438e1e9f19a6f3f3bea973f12a9655c9edf282bb
2026-09-08T22:59:10.9189776+00:00 Information System.Net.Http.HttpClient.MinecraftRuntimeManager.ClientHandler Sending HTTP request GET https://resources.download.minecraft.net/43/438e1e9f19a6f3f3bea973f12a9655c9edf282bb
2026-09-08T22:59:11.0930702+00:00 Information System.Net.Http.HttpClient.MinecraftRuntimeManager.ClientHandler Received HTTP response headers after 173.6817ms - 200
2026-09-08T22:59:11.0933917+00:00 Information System.Net.Http.HttpClient.MinecraftRuntimeManager.LogicalHandler End processing HTTP request after 174.911ms - 200
2026-09-08T22:59:11.1083937+00:00 Information System.Net.Http.HttpClient.MinecraftRuntimeManager.LogicalHandler Start processing HTTP request GET https://resources.download.minecraft.net/a9/a9247c6aab214bce61a909acd6850478717b68df
2026-09-08T22:59:11.1086428+00:00 Information System.Net.Http.HttpClient.MinecraftRuntimeManager.ClientHandler Sending HTTP request GET https://resources.download.minecraft.net/a9/a9247c6aab214bce61a909acd6850478717b68df
2026-09-08T22:59:11.2827408+00:00 Information System.Net.Http.HttpClient.MinecraftRuntimeManager.ClientHandler Received HTTP response headers after 173.7741ms - 200
2026-09-08T22:59:11.2830997+00:00 Information System.Net.Http.HttpClient.MinecraftRuntimeManager.LogicalHandler End processing HTTP request after 174.7529ms - 200
2026-09-08T22:59:11.3439418+00:00 Information System.Net.Http.HttpClient.MinecraftRuntimeManager.LogicalHandler Start processing HTTP request GET https://resources.download.minecraft.net/cf/cf09906b831c8f522845a2a48a0535430945d3c9
2026-09-08T22:59:11.3441797+00:00 Information System.Net.Http.HttpClient.MinecraftRuntimeManager.ClientHandler Sending HTTP request GET https://resources.download.minecraft.net/cf/cf09906b831c8f522845a2a48a0535430945d3c9
2026-09-08T22:59:11.5179206+00:00 Information System.Net.Http.HttpClient.MinecraftRuntimeManager.ClientHandler Received HTTP response headers after 173.4221ms - 200
2026-09-08T22:59:11.5182124+00:00 Information System.Net.Http.HttpClient.MinecraftRuntimeManager.LogicalHandler End processing HTTP request after 174.3005ms - 200
2026-09-08T22:59:11.5665272+00:00 Information System.Net.Http.HttpClient.MinecraftRuntimeManager.LogicalHandler Start processing HTTP request GET https://resources.download.minecraft.net/cc/cc9e74f12016e7ef5e243aae4788b2030fb71f9a
2026-09-08T22:59:11.5667607+00:00 Information System.Net.Http.HttpClient.MinecraftRuntimeManager.ClientHandler Sending HTTP request GET https://resources.download.minecraft.net/cc/cc9e74f12016e7ef5e243aae4788b2030fb71f9a
2026-09-08T22:59:11.7405308+00:00 Information System.Net.Http.HttpClient.MinecraftRuntimeManager.ClientHandler Received HTTP response headers after 173.4151ms - 200
2026-09-08T22:59:11.7409392+00:00 Information System.Net.Http.HttpClient.MinecraftRuntimeManager.LogicalHandler End processing HTTP request after 174.4275ms - 200
2026-09-08T22:59:11.7783998+00:00 Information System.Net.Http.HttpClient.MinecraftRuntimeManager.LogicalHandler Start processing HTTP request GET https://resources.download.minecraft.net/66/669414a335165f7f9f8b2f2c723ab09fb213df72
2026-09-08T22:59:11.7788906+00:00 Information System.Net.Http.HttpClient.MinecraftRuntimeManager.ClientHandler Sending HTTP request GET https://resources.download.minecraft.net/66/669414a335165f7f9f8b2f2c723ab09fb213df72
2026-09-08T22:59:11.9535948+00:00 Information System.Net.Http.HttpClient.MinecraftRuntimeManager.ClientHandler Received HTTP response headers after 174.1442ms - 200
2026-09-08T22:59:11.9541270+00:00 Information System.Net.Http.HttpClient.MinecraftRuntimeManager.LogicalHandler End processing HTTP request after 175.6883ms - 200
2026-09-08T22:59:11.9810598+00:00 Information System.Net.Http.HttpClient.MinecraftRuntimeManager.LogicalHandler Start processing HTTP request GET https://resources.download.minecraft.net/1c/1ce98ad4fa36fae05bfa9231990018bf94361e6b
2026-09-08T22:59:11.9813813+00:00 Information System.Net.Http.HttpClient.MinecraftRuntimeManager.ClientHandler Sending HTTP request GET https://resources.download.minecraft.net/1c/1ce98ad4fa36fae05bfa9231990018bf94361e6b
2026-09-08T22:59:12.1539626+00:00 Information System.Net.Http.HttpClient.MinecraftRuntimeManager.ClientHandler Received HTTP response headers after 171.9958ms - 200
2026-09-08T22:59:12.1544451+00:00 Information System.Net.Http.HttpClient.MinecraftRuntimeManager.LogicalHandler End processing HTTP request after 173.4382ms - 200
2026-09-08T22:59:12.1703545+00:00 Information System.Net.Http.HttpClient.MinecraftRuntimeManager.LogicalHandler Start processing HTTP request GET https://resources.download.minecraft.net/05/05bb8272e6d747d0f94025d4078c2649a889c877
2026-09-08T22:59:12.1707675+00:00 Information System.Net.Http.HttpClient.MinecraftRuntimeManager.ClientHandler Sending HTTP request GET https://resources.download.minecraft.net/05/05bb8272e6d747d0f94025d4078c2649a889c877
2026-09-08T22:59:12.3447005+00:00 Information System.Net.Http.HttpClient.MinecraftRuntimeManager.ClientHandler Received HTTP response headers after 173.3996ms - 200
2026-09-08T22:59:12.3450331+00:00 Information System.Net.Http.HttpClient.MinecraftRuntimeManager.LogicalHandler End processing HTTP request after 174.7289ms - 200
2026-09-08T22:59:12.3692042+00:00 Information System.Net.Http.HttpClient.MinecraftRuntimeManager.LogicalHandler Start processing HTTP request GET https://resources.download.minecraft.net/d1/d12037e0668dbd796611d05f248c333e60c51603
2026-09-08T22:59:12.3695692+00:00 Information System.Net.Http.HttpClient.MinecraftRuntimeManager.ClientHandler Sending HTTP request GET https://resources.download.minecraft.net/d1/d12037e0668dbd796611d05f248c333e60c51603
2026-09-08T22:59:12.5438164+00:00 Information System.Net.Http.HttpClient.MinecraftRuntimeManager.ClientHandler Received HTTP response headers after 173.8067ms - 200
2026-09-08T22:59:12.5441846+00:00 Information System.Net.Http.HttpClient.MinecraftRuntimeManager.LogicalHandler End processing HTTP request after 175.0548ms - 200
2026-09-08T22:59:12.5645774+00:00 Information System.Net.Http.HttpClient.MinecraftRuntimeManager.LogicalHandler Start processing HTTP request GET https://resources.download.minecraft.net/7b/7bffba58e634ee2f4b88dd3582bab4b5ff8b62d9
2026-09-08T22:59:12.5649425+00:00 Information System.Net.Http.HttpClient.MinecraftRuntimeManager.ClientHandler Sending HTTP request GET https://resources.download.minecraft.net/7b/7bffba58e634ee2f4b88dd3582bab4b5ff8b62d9
2026-09-08T22:59:12.7381695+00:00 Information System.Net.Http.HttpClient.MinecraftRuntimeManager.ClientHandler Received HTTP response headers after 172.8457ms - 200
2026-09-08T22:59:12.7385404+00:00 Information System.Net.Http.HttpClient.MinecraftRuntimeManager.LogicalHandler End processing HTTP request after 173.9505ms - 200
2026-09-08T22:59:12.7830686+00:00 Information System.Net.Http.HttpClient.MinecraftRuntimeManager.LogicalHandler Start processing HTTP request GET https://resources.download.minecraft.net/4e/4ecfe93a57707c258fbd48b0b4c100686169dcce
2026-09-08T22:59:12.7833958+00:00 Information System.Net.Http.HttpClient.MinecraftRuntimeManager.ClientHandler Sending HTTP request GET https://resources.download.minecraft.net/4e/4ecfe93a57707c258fbd48b0b4c100686169dcce
2026-09-08T22:59:12.9578150+00:00 Information System.Net.Http.HttpClient.MinecraftRuntimeManager.ClientHandler Received HTTP response headers after 174.0596ms - 200
2026-09-08T22:59:12.9581335+00:00 Information System.Net.Http.HttpClient.MinecraftRuntimeManager.LogicalHandler End processing HTTP request after 175.0969ms - 200
2026-09-08T22:59:12.9909983+00:00 Information System.Net.Http.HttpClient.MinecraftRuntimeManager.LogicalHandler Start processing HTTP request GET https://resources.download.minecraft.net/95/9579b9b2dc9d2be2fe1d6a81c2e99b6a45650bf3
2026-09-08T22:59:12.9912468+00:00 Information System.Net.Http.HttpClient.MinecraftRuntimeManager.ClientHandler Sending HTTP request GET https://resources.download.minecraft.net/95/9579b9b2dc9d2be2fe1d6a81c2e99b6a45650bf3
2026-09-08T22:59:13.1647842+00:00 Information System.Net.Http.HttpClient.MinecraftRuntimeManager.ClientHandler Received HTTP response headers after 173.1843ms - 200
2026-09-08T22:59:13.1652164+00:00 Information System.Net.Http.HttpClient.MinecraftRuntimeManager.LogicalHandler End processing HTTP request after 174.2068ms - 200
2026-09-08T22:59:13.1967588+00:00 Information System.Net.Http.HttpClient.MinecraftRuntimeManager.LogicalHandler Start processing HTTP request GET https://resources.download.minecraft.net/9b/9bbc6019f9fafa16239f603ea788fce721b7f601
2026-09-08T22:59:13.1970483+00:00 Information System.Net.Http.HttpClient.MinecraftRuntimeManager.ClientHandler Sending HTTP request GET https://resources.download.minecraft.net/9b/9bbc6019f9fafa16239f603ea788fce721b7f601
2026-09-08T22:59:13.3717204+00:00 Information System.Net.Http.HttpClient.MinecraftRuntimeManager.ClientHandler Received HTTP response headers after 174.3396ms - 200
2026-09-08T22:59:13.3720674+00:00 Information System.Net.Http.HttpClient.MinecraftRuntimeManager.LogicalHandler End processing HTTP request after 175.3446ms - 200
2026-09-08T22:59:13.3953640+00:00 Information System.Net.Http.HttpClient.MinecraftRuntimeManager.LogicalHandler Start processing HTTP request GET https://resources.download.minecraft.net/8c/8c7fa514148b39ddb4929f3caf1d4b6ab4330e5c
2026-09-08T22:59:13.3957649+00:00 Information System.Net.Http.HttpClient.MinecraftRuntimeManager.ClientHandler Sending HTTP request GET https://resources.download.minecraft.net/8c/8c7fa514148b39ddb4929f3caf1d4b6ab4330e5c
2026-09-08T22:59:13.5718232+00:00 Information System.Net.Http.HttpClient.MinecraftRuntimeManager.ClientHandler Received HTTP response headers after 175.683ms - 200
2026-09-08T22:59:13.5721553+00:00 Information System.Net.Http.HttpClient.MinecraftRuntimeManager.LogicalHandler End processing HTTP request after 176.8292ms - 200
2026-09-08T22:59:13.5939134+00:00 Information System.Net.Http.HttpClient.MinecraftRuntimeManager.LogicalHandler Start processing HTTP request GET https://resources.download.minecraft.net/75/751fec52a10bb2a5309a765fc622727422556a64
2026-09-08T22:59:13.5941642+00:00 Information System.Net.Http.HttpClient.MinecraftRuntimeManager.ClientHandler Sending HTTP request GET https://resources.download.minecraft.net/75/751fec52a10bb2a5309a765fc622727422556a64
2026-09-08T22:59:13.7680794+00:00 Information System.Net.Http.HttpClient.MinecraftRuntimeManager.ClientHandler Received HTTP response headers after 173.5545ms - 200
2026-09-08T22:59:13.7687423+00:00 Information System.Net.Http.HttpClient.MinecraftRuntimeManager.LogicalHandler End processing HTTP request after 174.6247ms - 200
2026-09-08T22:59:13.8041408+00:00 Information System.Net.Http.HttpClient.MinecraftRuntimeManager.LogicalHandler Start processing HTTP request GET https://resources.download.minecraft.net/d3/d3f646d9e0d0a198644229f76da0141893159b0b
2026-09-08T22:59:13.8044087+00:00 Information System.Net.Http.HttpClient.MinecraftRuntimeManager.ClientHandler Sending HTTP request GET https://resources.download.minecraft.net/d3/d3f646d9e0d0a198644229f76da0141893159b0b
2026-09-08T22:59:13.9782090+00:00 Information System.Net.Http.HttpClient.MinecraftRuntimeManager.ClientHandler Received HTTP response headers after 173.4298ms - 200
2026-09-08T22:59:13.9785157+00:00 Information System.Net.Http.HttpClient.MinecraftRuntimeManager.LogicalHandler End processing HTTP request after 174.408ms - 200
2026-09-08T22:59:14.0098318+00:00 Information System.Net.Http.HttpClient.MinecraftRuntimeManager.LogicalHandler Start processing HTTP request GET https://resources.download.minecraft.net/2c/2c6a5e15b4a84fc5a631ddc2eedf9868dd520f39
2026-09-08T22:59:14.0101329+00:00 Information System.Net.Http.HttpClient.MinecraftRuntimeManager.ClientHandler Sending HTTP request GET https://resources.download.minecraft.net/2c/2c6a5e15b4a84fc5a631ddc2eedf9868dd520f39
2026-09-08T22:59:14.1852052+00:00 Information System.Net.Http.HttpClient.MinecraftRuntimeManager.ClientHandler Received HTTP response headers after 174.7294ms - 200
2026-09-08T22:59:14.1855282+00:00 Information System.Net.Http.HttpClient.MinecraftRuntimeManager.LogicalHandler End processing HTTP request after 175.7032ms - 200
2026-09-08T22:59:14.2094870+00:00 Information System.Net.Http.HttpClient.MinecraftRuntimeManager.LogicalHandler Start processing HTTP request GET https://resources.download.minecraft.net/e3/e34da9807a08eb38b8ab60936f2ce965be04a106
2026-09-08T22:59:14.2099473+00:00 Information System.Net.Http.HttpClient.MinecraftRuntimeManager.ClientHandler Sending HTTP request GET https://resources.download.minecraft.net/e3/e34da9807a08eb38b8ab60936f2ce965be04a106
2026-09-08T22:59:14.3856229+00:00 Information System.Net.Http.HttpClient.MinecraftRuntimeManager.ClientHandler Received HTTP response headers after 175.263ms - 200
2026-09-08T22:59:14.3861421+00:00 Information System.Net.Http.HttpClient.MinecraftRuntimeManager.LogicalHandler End processing HTTP request after 176.7207ms - 200
2026-09-08T22:59:14.5951245+00:00 Information System.Net.Http.HttpClient.MinecraftRuntimeManager.LogicalHandler Start processing HTTP request GET https://resources.download.minecraft.net/94/941611aed1eb6888f6ad998af22d2d2ef2efc4aa
2026-09-08T22:59:14.5953625+00:00 Information System.Net.Http.HttpClient.MinecraftRuntimeManager.ClientHandler Sending HTTP request GET https://resources.download.minecraft.net/94/941611aed1eb6888f6ad998af22d2d2ef2efc4aa
2026-09-08T22:59:14.7676493+00:00 Information System.Net.Http.HttpClient.MinecraftRuntimeManager.ClientHandler Received HTTP response headers after 171.9208ms - 200
2026-09-08T22:59:14.7679843+00:00 Information System.Net.Http.HttpClient.MinecraftRuntimeManager.LogicalHandler End processing HTTP request after 172.8881ms - 200
2026-09-08T22:59:14.7777809+00:00 Information System.Net.Http.HttpClient.MinecraftRuntimeManager.LogicalHandler Start processing HTTP request GET https://resources.download.minecraft.net/6c/6cf5c9f78a221f9a9576753fa5ca6cf3563c352a
2026-09-08T22:59:14.7780607+00:00 Information System.Net.Http.HttpClient.MinecraftRuntimeManager.ClientHandler Sending HTTP request GET https://resources.download.minecraft.net/6c/6cf5c9f78a221f9a9576753fa5ca6cf3563c352a
2026-09-08T22:59:14.9533752+00:00 Information System.Net.Http.HttpClient.MinecraftRuntimeManager.ClientHandler Received HTTP response headers after 174.9904ms - 200
2026-09-08T22:59:14.9538377+00:00 Information System.Net.Http.HttpClient.MinecraftRuntimeManager.LogicalHandler End processing HTTP request after 176.0294ms - 200
2026-09-08T22:59:14.9634211+00:00 Information System.Net.Http.HttpClient.MinecraftRuntimeManager.LogicalHandler Start processing HTTP request GET https://resources.download.minecraft.net/61/61dba25ce75a25e7920bcb210408fc6b6a2c92f0
2026-09-08T22:59:14.9637006+00:00 Information System.Net.Http.HttpClient.MinecraftRuntimeManager.ClientHandler Sending HTTP request GET https://resources.download.minecraft.net/61/61dba25ce75a25e7920bcb210408fc6b6a2c92f0
2026-09-08T22:59:15.1374923+00:00 Information System.Net.Http.HttpClient.MinecraftRuntimeManager.ClientHandler Received HTTP response headers after 173.4543ms - 200
2026-09-08T22:59:15.1379602+00:00 Information System.Net.Http.HttpClient.MinecraftRuntimeManager.LogicalHandler End processing HTTP request after 174.5012ms - 200
2026-09-08T22:59:15.1492713+00:00 Information System.Net.Http.HttpClient.MinecraftRuntimeManager.LogicalHandler Start processing HTTP request GET https://resources.download.minecraft.net/0b/0b0d9e03b93a8c5823eb4f925114aef0cb9ac6b2
2026-09-08T22:59:15.1496378+00:00 Information System.Net.Http.HttpClient.MinecraftRuntimeManager.ClientHandler Sending HTTP request GET https://resources.download.minecraft.net/0b/0b0d9e03b93a8c5823eb4f925114aef0cb9ac6b2
2026-09-08T22:59:15.3238808+00:00 Information System.Net.Http.HttpClient.MinecraftRuntimeManager.ClientHandler Received HTTP response headers after 173.8261ms - 200
2026-09-08T22:59:15.3242477+00:00 Information System.Net.Http.HttpClient.MinecraftRuntimeManager.LogicalHandler End processing HTTP request after 175.0996ms - 200
2026-09-08T22:59:15.3364176+00:00 Information System.Net.Http.HttpClient.MinecraftRuntimeManager.LogicalHandler Start processing HTTP request GET https://resources.download.minecraft.net/07/072089b5c336cf62fc003f4b4a63c4740f4931df
2026-09-08T22:59:15.3369491+00:00 Information System.Net.Http.HttpClient.MinecraftRuntimeManager.ClientHandler Sending HTTP request GET https://resources.download.minecraft.net/07/072089b5c336cf62fc003f4b4a63c4740f4931df
2026-09-08T22:59:15.5119709+00:00 Information System.Net.Http.HttpClient.MinecraftRuntimeManager.ClientHandler Received HTTP response headers after 174.5924ms - 200
2026-09-08T22:59:15.5128372+00:00 Information System.Net.Http.HttpClient.MinecraftRuntimeManager.LogicalHandler End processing HTTP request after 176.5089ms - 200
2026-09-08T22:59:15.5228488+00:00 Information System.Net.Http.HttpClient.MinecraftRuntimeManager.LogicalHandler Start processing HTTP request GET https://resources.download.minecraft.net/b9/b94f782f9762a5497f51b8065bdc7e495424bcbd
2026-09-08T22:59:15.5232585+00:00 Information System.Net.Http.HttpClient.MinecraftRuntimeManager.ClientHandler Sending HTTP request GET https://resources.download.minecraft.net/b9/b94f782f9762a5497f51b8065bdc7e495424bcbd
2026-09-08T22:59:15.6978920+00:00 Information System.Net.Http.HttpClient.MinecraftRuntimeManager.ClientHandler Received HTTP response headers after 174.2667ms - 200
2026-09-08T22:59:15.6982606+00:00 Information System.Net.Http.HttpClient.MinecraftRuntimeManager.LogicalHandler End processing HTTP request after 175.4032ms - 200
2026-09-08T22:59:15.7096476+00:00 Information System.Net.Http.HttpClient.MinecraftRuntimeManager.LogicalHandler Start processing HTTP request GET https://resources.download.minecraft.net/45/45bf909bc5def60f055a57ac776ac277364d76a6
2026-09-08T22:59:15.7100197+00:00 Information System.Net.Http.HttpClient.MinecraftRuntimeManager.ClientHandler Sending HTTP request GET https://resources.download.minecraft.net/45/45bf909bc5def60f055a57ac776ac277364d76a6
2026-09-08T22:59:15.8842793+00:00 Information System.Net.Http.HttpClient.MinecraftRuntimeManager.ClientHandler Received HTTP response headers after 173.7376ms - 200
2026-09-08T22:59:15.8848131+00:00 Information System.Net.Http.HttpClient.MinecraftRuntimeManager.LogicalHandler End processing HTTP request after 175.165ms - 200
2026-09-08T22:59:15.9015105+00:00 Information System.Net.Http.HttpClient.MinecraftRuntimeManager.LogicalHandler Start processing HTTP request GET https://resources.download.minecraft.net/15/15925d0a3a0de4b483f4d90ac2fc9a2043e499ee
2026-09-08T22:59:15.9017747+00:00 Information System.Net.Http.HttpClient.MinecraftRuntimeManager.ClientHandler Sending HTTP request GET https://resources.download.minecraft.net/15/15925d0a3a0de4b483f4d90ac2fc9a2043e499ee
2026-09-08T22:59:16.0752758+00:00 Information System.Net.Http.HttpClient.MinecraftRuntimeManager.ClientHandler Received HTTP response headers after 173.2356ms - 200
2026-09-08T22:59:16.0755811+00:00 Information System.Net.Http.HttpClient.MinecraftRuntimeManager.LogicalHandler End processing HTTP request after 174.0749ms - 200
2026-09-08T22:59:16.0864769+00:00 Information System.Net.Http.HttpClient.MinecraftRuntimeManager.LogicalHandler Start processing HTTP request GET https://resources.download.minecraft.net/67/671ef0ae7b59014a2f637d7af6d781324ab6309f
2026-09-08T22:59:16.0867434+00:00 Information System.Net.Http.HttpClient.MinecraftRuntimeManager.ClientHandler Sending HTTP request GET https://resources.download.minecraft.net/67/671ef0ae7b59014a2f637d7af6d781324ab6309f
2026-09-08T22:59:16.2608148+00:00 Information System.Net.Http.HttpClient.MinecraftRuntimeManager.ClientHandler Received HTTP response headers after 173.6412ms - 200
2026-09-08T22:59:16.2611701+00:00 Information System.Net.Http.HttpClient.MinecraftRuntimeManager.LogicalHandler End processing HTTP request after 174.7071ms - 200
2026-09-08T22:59:16.2704819+00:00 Information System.Net.Http.HttpClient.MinecraftRuntimeManager.LogicalHandler Start processing HTTP request GET https://resources.download.minecraft.net/a2/a20cbf2ddce541eaed520d7ec55665fe97428be6
2026-09-08T22:59:16.2707604+00:00 Information System.Net.Http.HttpClient.MinecraftRuntimeManager.ClientHandler Sending HTTP request GET https://resources.download.minecraft.net/a2/a20cbf2ddce541eaed520d7ec55665fe97428be6
2026-09-08T22:59:16.4429860+00:00 Information System.Net.Http.HttpClient.MinecraftRuntimeManager.ClientHandler Received HTTP response headers after 171.5573ms - 200
2026-09-08T22:59:16.4433147+00:00 Information System.Net.Http.HttpClient.MinecraftRuntimeManager.LogicalHandler End processing HTTP request after 172.8567ms - 200
2026-09-08T22:59:16.4540158+00:00 Information System.Net.Http.HttpClient.MinecraftRuntimeManager.LogicalHandler Start processing HTTP request GET https://resources.download.minecraft.net/9e/9ead5c928f9122e3c2f5fc4f6ce7fb4054a2b578
2026-09-08T22:59:16.4543329+00:00 Information System.Net.Http.HttpClient.MinecraftRuntimeManager.ClientHandler Sending HTTP request GET https://resources.download.minecraft.net/9e/9ead5c928f9122e3c2f5fc4f6ce7fb4054a2b578
2026-09-08T22:59:17.0614252+00:00 Information System.Net.Http.HttpClient.MinecraftRuntimeManager.ClientHandler Received HTTP response headers after 606.6598ms - 200
2026-09-08T22:59:17.0620894+00:00 Information System.Net.Http.HttpClient.MinecraftRuntimeManager.LogicalHandler End processing HTTP request after 608.0739ms - 200
2026-09-08T22:59:17.1672022+00:00 Information System.Net.Http.HttpClient.MinecraftRuntimeManager.LogicalHandler Start processing HTTP request GET https://resources.download.minecraft.net/d9/d99ea9a1bcd14d24f9a83d09fb07be81fcf30570
2026-09-08T22:59:17.1675716+00:00 Information System.Net.Http.HttpClient.MinecraftRuntimeManager.ClientHandler Sending HTTP request GET https://resources.download.minecraft.net/d9/d99ea9a1bcd14d24f9a83d09fb07be81fcf30570
2026-09-08T22:59:17.3419325+00:00 Information System.Net.Http.HttpClient.MinecraftRuntimeManager.ClientHandler Received HTTP response headers after 173.8306ms - 200
2026-09-08T22:59:17.3423889+00:00 Information System.Net.Http.HttpClient.MinecraftRuntimeManager.LogicalHandler End processing HTTP request after 175.1917ms - 200
2026-09-08T22:59:17.3572223+00:00 Information System.Net.Http.HttpClient.MinecraftRuntimeManager.LogicalHandler Start processing HTTP request GET https://resources.download.minecraft.net/ba/bae694eddcf4766fa100552fddd5bc463a4edbff
2026-09-08T22:59:17.3575104+00:00 Information System.Net.Http.HttpClient.MinecraftRuntimeManager.ClientHandler Sending HTTP request GET https://resources.download.minecraft.net/ba/bae694eddcf4766fa100552fddd5bc463a4edbff
2026-09-08T22:59:17.5319824+00:00 Information System.Net.Http.HttpClient.MinecraftRuntimeManager.ClientHandler Received HTTP response headers after 174.1639ms - 200
2026-09-08T22:59:17.5323436+00:00 Information System.Net.Http.HttpClient.MinecraftRuntimeManager.LogicalHandler End processing HTTP request after 175.1111ms - 200
2026-09-08T22:59:17.5455305+00:00 Information System.Net.Http.HttpClient.MinecraftRuntimeManager.LogicalHandler Start processing HTTP request GET https://resources.download.minecraft.net/6e/6ef376d7623fac03bc15caf95ffeae9d192d46f4
2026-09-08T22:59:17.5458644+00:00 Information System.Net.Http.HttpClient.MinecraftRuntimeManager.ClientHandler Sending HTTP request GET https://resources.download.minecraft.net/6e/6ef376d7623fac03bc15caf95ffeae9d192d46f4
2026-09-08T22:59:17.7174141+00:00 Information System.Net.Http.HttpClient.MinecraftRuntimeManager.ClientHandler Received HTTP response headers after 171.1953ms - 200
2026-09-08T22:59:17.7178767+00:00 Information System.Net.Http.HttpClient.MinecraftRuntimeManager.LogicalHandler End processing HTTP request after 172.3489ms - 200
2026-09-08T22:59:17.7308630+00:00 Information System.Net.Http.HttpClient.MinecraftRuntimeManager.LogicalHandler Start processing HTTP request GET https://resources.download.minecraft.net/5c/5c39dec69b8093f9accf712fe21f9f8bae102991
2026-09-08T22:59:17.7312410+00:00 Information System.Net.Http.HttpClient.MinecraftRuntimeManager.ClientHandler Sending HTTP request GET https://resources.download.minecraft.net/5c/5c39dec69b8093f9accf712fe21f9f8bae102991
2026-09-08T22:59:17.9054923+00:00 Information System.Net.Http.HttpClient.MinecraftRuntimeManager.ClientHandler Received HTTP response headers after 173.877ms - 200
2026-09-08T22:59:17.9059503+00:00 Information System.Net.Http.HttpClient.MinecraftRuntimeManager.LogicalHandler End processing HTTP request after 175.144ms - 200
2026-09-08T22:59:17.9205212+00:00 Information System.Net.Http.HttpClient.MinecraftRuntimeManager.LogicalHandler Start processing HTTP request GET https://resources.download.minecraft.net/27/271f0b289d320620d5f8b4742867a4d0b1d24643
2026-09-08T22:59:17.9208894+00:00 Information System.Net.Http.HttpClient.MinecraftRuntimeManager.ClientHandler Sending HTTP request GET https://resources.download.minecraft.net/27/271f0b289d320620d5f8b4742867a4d0b1d24643
2026-09-08T22:59:18.0945454+00:00 Information System.Net.Http.HttpClient.MinecraftRuntimeManager.ClientHandler Received HTTP response headers after 173.3317ms - 200
2026-09-08T22:59:18.0949132+00:00 Information System.Net.Http.HttpClient.MinecraftRuntimeManager.LogicalHandler End processing HTTP request after 174.4457ms - 200
2026-09-08T22:59:18.1031664+00:00 Information System.Net.Http.HttpClient.MinecraftRuntimeManager.LogicalHandler Start processing HTTP request GET https://resources.download.minecraft.net/ec/ece0b0833c26076209e1c1395571f8a5da5fa012
2026-09-08T22:59:18.1035277+00:00 Information System.Net.Http.HttpClient.MinecraftRuntimeManager.ClientHandler Sending HTTP request GET https://resources.download.minecraft.net/ec/ece0b0833c26076209e1c1395571f8a5da5fa012
2026-09-08T22:59:18.2773826+00:00 Information System.Net.Http.HttpClient.MinecraftRuntimeManager.ClientHandler Received HTTP response headers after 173.5056ms - 200
2026-09-08T22:59:18.2777445+00:00 Information System.Net.Http.HttpClient.MinecraftRuntimeManager.LogicalHandler End processing HTTP request after 174.6617ms - 200
2026-09-08T22:59:18.2922093+00:00 Information System.Net.Http.HttpClient.MinecraftRuntimeManager.LogicalHandler Start processing HTTP request GET https://resources.download.minecraft.net/fd/fd8e2fbd111d5f4f2a07650a37163cb956566777
2026-09-08T22:59:18.2925460+00:00 Information System.Net.Http.HttpClient.MinecraftRuntimeManager.ClientHandler Sending HTTP request GET https://resources.download.minecraft.net/fd/fd8e2fbd111d5f4f2a07650a37163cb956566777
2026-09-08T22:59:18.4657259+00:00 Information System.Net.Http.HttpClient.MinecraftRuntimeManager.ClientHandler Received HTTP response headers after 172.7045ms - 200
2026-09-08T22:59:18.4661305+00:00 Information System.Net.Http.HttpClient.MinecraftRuntimeManager.LogicalHandler End processing HTTP request after 173.9334ms - 200
2026-09-08T22:59:18.4771796+00:00 Information System.Net.Http.HttpClient.MinecraftRuntimeManager.LogicalHandler Start processing HTTP request GET https://resources.download.minecraft.net/f5/f5da4e2f7a3ef17e713e302190f63ad51f6e1654
2026-09-08T22:59:18.4775985+00:00 Information System.Net.Http.HttpClient.MinecraftRuntimeManager.ClientHandler Sending HTTP request GET https://resources.download.minecraft.net/f5/f5da4e2f7a3ef17e713e302190f63ad51f6e1654
2026-09-08T22:59:18.6513180+00:00 Information System.Net.Http.HttpClient.MinecraftRuntimeManager.ClientHandler Received HTTP response headers after 173.2763ms - 200
2026-09-08T22:59:18.6517731+00:00 Information System.Net.Http.HttpClient.MinecraftRuntimeManager.LogicalHandler End processing HTTP request after 174.67ms - 200
2026-09-08T22:59:18.6604993+00:00 Information System.Net.Http.HttpClient.MinecraftRuntimeManager.LogicalHandler Start processing HTTP request GET https://resources.download.minecraft.net/d6/d6e0763301604f7d590138a22c74fb27887ecc3c
2026-09-08T22:59:18.6608022+00:00 Information System.Net.Http.HttpClient.MinecraftRuntimeManager.ClientHandler Sending HTTP request GET https://resources.download.minecraft.net/d6/d6e0763301604f7d590138a22c74fb27887ecc3c
2026-09-08T22:59:18.8348525+00:00 Information System.Net.Http.HttpClient.MinecraftRuntimeManager.ClientHandler Received HTTP response headers after 173.5669ms - 200
2026-09-08T22:59:18.8353684+00:00 Information System.Net.Http.HttpClient.MinecraftRuntimeManager.LogicalHandler End processing HTTP request after 174.8884ms - 200
2026-09-08T22:59:18.8461397+00:00 Information System.Net.Http.HttpClient.MinecraftRuntimeManager.LogicalHandler Start processing HTTP request GET https://resources.download.minecraft.net/11/11441b2f310118f69108d1f9b0a1737ce6e1a061
2026-09-08T22:59:18.8465545+00:00 Information System.Net.Http.HttpClient.MinecraftRuntimeManager.ClientHandler Sending HTTP request GET https://resources.download.minecraft.net/11/11441b2f310118f69108d1f9b0a1737ce6e1a061
2026-09-08T22:59:19.0204295+00:00 Information System.Net.Http.HttpClient.MinecraftRuntimeManager.ClientHandler Received HTTP response headers after 173.3629ms - 200
2026-09-08T22:59:19.0208847+00:00 Information System.Net.Http.HttpClient.MinecraftRuntimeManager.LogicalHandler End processing HTTP request after 174.7369ms - 200
2026-09-08T22:59:19.0317645+00:00 Information System.Net.Http.HttpClient.MinecraftRuntimeManager.LogicalHandler Start processing HTTP request GET https://resources.download.minecraft.net/b7/b7166666221c7e01cfae96b85cc3e082ebb6e20e
2026-09-08T22:59:19.0322116+00:00 Information System.Net.Http.HttpClient.MinecraftRuntimeManager.ClientHandler Sending HTTP request GET https://resources.download.minecraft.net/b7/b7166666221c7e01cfae96b85cc3e082ebb6e20e
2026-09-08T22:59:19.2056411+00:00 Information System.Net.Http.HttpClient.MinecraftRuntimeManager.ClientHandler Received HTTP response headers after 173.052ms - 200
2026-09-08T22:59:19.2060060+00:00 Information System.Net.Http.HttpClient.MinecraftRuntimeManager.LogicalHandler End processing HTTP request after 174.2868ms - 200
2026-09-08T22:59:19.2171248+00:00 Information System.Net.Http.HttpClient.MinecraftRuntimeManager.LogicalHandler Start processing HTTP request GET https://resources.download.minecraft.net/ba/ba549d193fe9b04c5777d146285ccdfb5758854a
2026-09-08T22:59:19.2174542+00:00 Information System.Net.Http.HttpClient.MinecraftRuntimeManager.ClientHandler Sending HTTP request GET https://resources.download.minecraft.net/ba/ba549d193fe9b04c5777d146285ccdfb5758854a
2026-09-08T22:59:19.3910427+00:00 Information System.Net.Http.HttpClient.MinecraftRuntimeManager.ClientHandler Received HTTP response headers after 173.2408ms - 200
2026-09-08T22:59:19.3914384+00:00 Information System.Net.Http.HttpClient.MinecraftRuntimeManager.LogicalHandler End processing HTTP request after 174.3404ms - 200
2026-09-08T22:59:19.4030952+00:00 Information System.Net.Http.HttpClient.MinecraftRuntimeManager.LogicalHandler Start processing HTTP request GET https://resources.download.minecraft.net/da/da0969aedca90796e6828293b6d8f85f4c1a35f8
2026-09-08T22:59:19.4034089+00:00 Information System.Net.Http.HttpClient.MinecraftRuntimeManager.ClientHandler Sending HTTP request GET https://resources.download.minecraft.net/da/da0969aedca90796e6828293b6d8f85f4c1a35f8
2026-09-08T22:59:19.5762880+00:00 Information System.Net.Http.HttpClient.MinecraftRuntimeManager.ClientHandler Received HTTP response headers after 172.538ms - 200
2026-09-08T22:59:19.5767483+00:00 Information System.Net.Http.HttpClient.MinecraftRuntimeManager.LogicalHandler End processing HTTP request after 173.6631ms - 200
2026-09-08T22:59:19.6039817+00:00 Information System.Net.Http.HttpClient.MinecraftRuntimeManager.LogicalHandler Start processing HTTP request GET https://resources.download.minecraft.net/ae/ae1fff00d840263fdd265f4132bce0a36060e710
2026-09-08T22:59:19.6043252+00:00 Information System.Net.Http.HttpClient.MinecraftRuntimeManager.ClientHandler Sending HTTP request GET https://resources.download.minecraft.net/ae/ae1fff00d840263fdd265f4132bce0a36060e710
2026-09-08T22:59:19.7781819+00:00 Information System.Net.Http.HttpClient.MinecraftRuntimeManager.ClientHandler Received HTTP response headers after 173.503ms - 200
2026-09-08T22:59:19.7785568+00:00 Information System.Net.Http.HttpClient.MinecraftRuntimeManager.LogicalHandler End processing HTTP request after 174.6346ms - 200
2026-09-08T22:59:19.7937482+00:00 Information System.Net.Http.HttpClient.MinecraftRuntimeManager.LogicalHandler Start processing HTTP request GET https://resources.download.minecraft.net/4e/4e9de2d8bc053581711a1578a5949386c7b24a39
2026-09-08T22:59:19.7940709+00:00 Information System.Net.Http.HttpClient.MinecraftRuntimeManager.ClientHandler Sending HTTP request GET https://resources.download.minecraft.net/4e/4e9de2d8bc053581711a1578a5949386c7b24a39
2026-09-08T22:59:19.9685521+00:00 Information System.Net.Http.HttpClient.MinecraftRuntimeManager.ClientHandler Received HTTP response headers after 174.115ms - 200
2026-09-08T22:59:19.9688678+00:00 Information System.Net.Http.HttpClient.MinecraftRuntimeManager.LogicalHandler End processing HTTP request after 175.1358ms - 200
2026-09-08T22:59:19.9872527+00:00 Information System.Net.Http.HttpClient.MinecraftRuntimeManager.LogicalHandler Start processing HTTP request GET https://resources.download.minecraft.net/42/4270788804150c672116f1e0e5c0bad7d8fca4cf
2026-09-08T22:59:19.9876526+00:00 Information System.Net.Http.HttpClient.MinecraftRuntimeManager.ClientHandler Sending HTTP request GET https://resources.download.minecraft.net/42/4270788804150c672116f1e0e5c0bad7d8fca4cf
2026-09-08T22:59:20.1616278+00:00 Information System.Net.Http.HttpClient.MinecraftRuntimeManager.ClientHandler Received HTTP response headers after 173.5145ms - 200
2026-09-08T22:59:20.1621636+00:00 Information System.Net.Http.HttpClient.MinecraftRuntimeManager.LogicalHandler End processing HTTP request after 175.2107ms - 200
2026-09-08T22:59:20.1750730+00:00 Information System.Net.Http.HttpClient.MinecraftRuntimeManager.LogicalHandler Start processing HTTP request GET https://resources.download.minecraft.net/2d/2da4a16b23fa525000eb370963176524d0a63942
2026-09-08T22:59:20.1754442+00:00 Information System.Net.Http.HttpClient.MinecraftRuntimeManager.ClientHandler Sending HTTP request GET https://resources.download.minecraft.net/2d/2da4a16b23fa525000eb370963176524d0a63942
2026-09-08T22:59:20.3497699+00:00 Information System.Net.Http.HttpClient.MinecraftRuntimeManager.ClientHandler Received HTTP response headers after 173.9244ms - 200
2026-09-08T22:59:20.3501158+00:00 Information System.Net.Http.HttpClient.MinecraftRuntimeManager.LogicalHandler End processing HTTP request after 175.1056ms - 200
2026-09-08T22:59:20.3659764+00:00 Information System.Net.Http.HttpClient.MinecraftRuntimeManager.LogicalHandler Start processing HTTP request GET https://resources.download.minecraft.net/9d/9dc2dc677905c29fa35138a3bdaec7dac777c30a
2026-09-08T22:59:20.3662615+00:00 Information System.Net.Http.HttpClient.MinecraftRuntimeManager.ClientHandler Sending HTTP request GET https://resources.download.minecraft.net/9d/9dc2dc677905c29fa35138a3bdaec7dac777c30a
2026-09-08T22:59:20.5398405+00:00 Information System.Net.Http.HttpClient.MinecraftRuntimeManager.ClientHandler Received HTTP response headers after 173.1578ms - 200
2026-09-08T22:59:20.5403668+00:00 Information System.Net.Http.HttpClient.MinecraftRuntimeManager.LogicalHandler End processing HTTP request after 174.2908ms - 200
2026-09-08T22:59:20.5546406+00:00 Information System.Net.Http.HttpClient.MinecraftRuntimeManager.LogicalHandler Start processing HTTP request GET https://resources.download.minecraft.net/27/277c4ee5e68971b9c43f07b5e7d5783a57adea91
2026-09-08T22:59:20.5549634+00:00 Information System.Net.Http.HttpClient.MinecraftRuntimeManager.ClientHandler Sending HTTP request GET https://resources.download.minecraft.net/27/277c4ee5e68971b9c43f07b5e7d5783a57adea91
2026-09-08T22:59:20.7290725+00:00 Information System.Net.Http.HttpClient.MinecraftRuntimeManager.ClientHandler Received HTTP response headers after 173.7597ms - 200
2026-09-08T22:59:20.7295920+00:00 Information System.Net.Http.HttpClient.MinecraftRuntimeManager.LogicalHandler End processing HTTP request after 174.9387ms - 200
2026-09-08T22:59:20.7427612+00:00 Information System.Net.Http.HttpClient.MinecraftRuntimeManager.LogicalHandler Start processing HTTP request GET https://resources.download.minecraft.net/e1/e13e894043078dd4ea17c254dbb0841297d5f995
2026-09-08T22:59:20.7430950+00:00 Information System.Net.Http.HttpClient.MinecraftRuntimeManager.ClientHandler Sending HTTP request GET https://resources.download.minecraft.net/e1/e13e894043078dd4ea17c254dbb0841297d5f995
2026-09-08T22:59:20.9173565+00:00 Information System.Net.Http.HttpClient.MinecraftRuntimeManager.ClientHandler Received HTTP response headers after 173.9146ms - 200
2026-09-08T22:59:20.9177062+00:00 Information System.Net.Http.HttpClient.MinecraftRuntimeManager.LogicalHandler End processing HTTP request after 174.9541ms - 200
2026-09-08T22:59:20.9331247+00:00 Information System.Net.Http.HttpClient.MinecraftRuntimeManager.LogicalHandler Start processing HTTP request GET https://resources.download.minecraft.net/d8/d83f84529125443dc54c215de2452b790c9fc1b4
2026-09-08T22:59:20.9334570+00:00 Information System.Net.Http.HttpClient.MinecraftRuntimeManager.ClientHandler Sending HTTP request GET https://resources.download.minecraft.net/d8/d83f84529125443dc54c215de2452b790c9fc1b4
2026-09-08T22:59:21.1072091+00:00 Information System.Net.Http.HttpClient.MinecraftRuntimeManager.ClientHandler Received HTTP response headers after 173.4372ms - 200
2026-09-08T22:59:21.1076493+00:00 Information System.Net.Http.HttpClient.MinecraftRuntimeManager.LogicalHandler End processing HTTP request after 174.5912ms - 200
2026-09-08T22:59:21.1271697+00:00 Information System.Net.Http.HttpClient.MinecraftRuntimeManager.LogicalHandler Start processing HTTP request GET https://resources.download.minecraft.net/54/54488c4207d033bd6fb75def4869cb6e1f7926f1
2026-09-08T22:59:21.1274417+00:00 Information System.Net.Http.HttpClient.MinecraftRuntimeManager.ClientHandler Sending HTTP request GET https://resources.download.minecraft.net/54/54488c4207d033bd6fb75def4869cb6e1f7926f1
2026-09-08T22:59:21.3015287+00:00 Information System.Net.Http.HttpClient.MinecraftRuntimeManager.ClientHandler Received HTTP response headers after 173.7ms - 200
2026-09-08T22:59:21.3018406+00:00 Information System.Net.Http.HttpClient.MinecraftRuntimeManager.LogicalHandler End processing HTTP request after 174.717ms - 200
2026-09-08T22:59:21.3176039+00:00 Information System.Net.Http.HttpClient.MinecraftRuntimeManager.LogicalHandler Start processing HTTP request GET https://resources.download.minecraft.net/b8/b88ded63fb4428d72b0b7ef07dd870b6e1fad52f
2026-09-08T22:59:21.3179027+00:00 Information System.Net.Http.HttpClient.MinecraftRuntimeManager.ClientHandler Sending HTTP request GET https://resources.download.minecraft.net/b8/b88ded63fb4428d72b0b7ef07dd870b6e1fad52f
2026-09-08T22:59:21.4919038+00:00 Information System.Net.Http.HttpClient.MinecraftRuntimeManager.ClientHandler Received HTTP response headers after 173.6496ms - 200
2026-09-08T22:59:21.4924305+00:00 Information System.Net.Http.HttpClient.MinecraftRuntimeManager.LogicalHandler End processing HTTP request after 174.8246ms - 200
2026-09-08T22:59:21.5072577+00:00 Information System.Net.Http.HttpClient.MinecraftRuntimeManager.LogicalHandler Start processing HTTP request GET https://resources.download.minecraft.net/55/55cfb1b3422f9f66e85656ee12723a1cfb7370cb
2026-09-08T22:59:21.5075219+00:00 Information System.Net.Http.HttpClient.MinecraftRuntimeManager.ClientHandler Sending HTTP request GET https://resources.download.minecraft.net/55/55cfb1b3422f9f66e85656ee12723a1cfb7370cb
2026-09-08T22:59:21.6820466+00:00 Information System.Net.Http.HttpClient.MinecraftRuntimeManager.ClientHandler Received HTTP response headers after 174.0544ms - 200
2026-09-08T22:59:21.6825630+00:00 Information System.Net.Http.HttpClient.MinecraftRuntimeManager.LogicalHandler End processing HTTP request after 175.1904ms - 200
2026-09-08T22:59:21.6975523+00:00 Information System.Net.Http.HttpClient.MinecraftRuntimeManager.LogicalHandler Start processing HTTP request GET https://resources.download.minecraft.net/c5/c51ab373a06654202aef302f17df73d0564fdca5
2026-09-08T22:59:21.6978636+00:00 Information System.Net.Http.HttpClient.MinecraftRuntimeManager.ClientHandler Sending HTTP request GET https://resources.download.minecraft.net/c5/c51ab373a06654202aef302f17df73d0564fdca5
2026-09-08T22:59:21.8712075+00:00 Information System.Net.Http.HttpClient.MinecraftRuntimeManager.ClientHandler Received HTTP response headers after 173.0349ms - 200
2026-09-08T22:59:21.8715180+00:00 Information System.Net.Http.HttpClient.MinecraftRuntimeManager.LogicalHandler End processing HTTP request after 173.9933ms - 200
2026-09-08T22:59:21.8897711+00:00 Information System.Net.Http.HttpClient.MinecraftRuntimeManager.LogicalHandler Start processing HTTP request GET https://resources.download.minecraft.net/bf/bf73c5552459f53cbd591ce2717d932ce0231c75
2026-09-08T22:59:21.8900817+00:00 Information System.Net.Http.HttpClient.MinecraftRuntimeManager.ClientHandler Sending HTTP request GET https://resources.download.minecraft.net/bf/bf73c5552459f53cbd591ce2717d932ce0231c75
2026-09-08T22:59:22.0640090+00:00 Information System.Net.Http.HttpClient.MinecraftRuntimeManager.ClientHandler Received HTTP response headers after 173.3847ms - 200
2026-09-08T22:59:22.0645559+00:00 Information System.Net.Http.HttpClient.MinecraftRuntimeManager.LogicalHandler End processing HTTP request after 174.7885ms - 200
2026-09-08T22:59:22.0805805+00:00 Information System.Net.Http.HttpClient.MinecraftRuntimeManager.LogicalHandler Start processing HTTP request GET https://resources.download.minecraft.net/19/19f43eef373da394e78338632d627eef89957e98
2026-09-08T22:59:22.0809065+00:00 Information System.Net.Http.HttpClient.MinecraftRuntimeManager.ClientHandler Sending HTTP request GET https://resources.download.minecraft.net/19/19f43eef373da394e78338632d627eef89957e98
2026-09-08T22:59:22.2548602+00:00 Information System.Net.Http.HttpClient.MinecraftRuntimeManager.ClientHandler Received HTTP response headers after 173.6374ms - 200
2026-09-08T22:59:22.2552975+00:00 Information System.Net.Http.HttpClient.MinecraftRuntimeManager.LogicalHandler End processing HTTP request after 174.6699ms - 200
2026-09-08T22:59:22.2722924+00:00 Information System.Net.Http.HttpClient.MinecraftRuntimeManager.LogicalHandler Start processing HTTP request GET https://resources.download.minecraft.net/68/689be5af8ea7328e8e1b664561efff236ab87aee
2026-09-08T22:59:22.2726009+00:00 Information System.Net.Http.HttpClient.MinecraftRuntimeManager.ClientHandler Sending HTTP request GET https://resources.download.minecraft.net/68/689be5af8ea7328e8e1b664561efff236ab87aee
2026-09-08T22:59:22.4467371+00:00 Information System.Net.Http.HttpClient.MinecraftRuntimeManager.ClientHandler Received HTTP response headers after 173.7483ms - 200
2026-09-08T22:59:22.4471390+00:00 Information System.Net.Http.HttpClient.MinecraftRuntimeManager.LogicalHandler End processing HTTP request after 174.8677ms - 200
2026-09-08T22:59:22.4643844+00:00 Information System.Net.Http.HttpClient.MinecraftRuntimeManager.LogicalHandler Start processing HTTP request GET https://resources.download.minecraft.net/ab/abaa4fb5b56b9110a2de7733d291338a6b0d4c3e
2026-09-08T22:59:22.4646689+00:00 Information System.Net.Http.HttpClient.MinecraftRuntimeManager.ClientHandler Sending HTTP request GET https://resources.download.minecraft.net/ab/abaa4fb5b56b9110a2de7733d291338a6b0d4c3e
2026-09-08T22:59:22.6385118+00:00 Information System.Net.Http.HttpClient.MinecraftRuntimeManager.ClientHandler Received HTTP response headers after 173.4593ms - 200
2026-09-08T22:59:22.6388735+00:00 Information System.Net.Http.HttpClient.MinecraftRuntimeManager.LogicalHandler End processing HTTP request after 174.5192ms - 200
2026-09-08T22:59:22.6529887+00:00 Information System.Net.Http.HttpClient.MinecraftRuntimeManager.LogicalHandler Start processing HTTP request GET https://resources.download.minecraft.net/a0/a01ead89927917ea1817990c645c6fcee2018c8a
2026-09-08T22:59:22.6532746+00:00 Information System.Net.Http.HttpClient.MinecraftRuntimeManager.ClientHandler Sending HTTP request GET https://resources.download.minecraft.net/a0/a01ead89927917ea1817990c645c6fcee2018c8a
2026-09-08T22:59:22.8270730+00:00 Information System.Net.Http.HttpClient.MinecraftRuntimeManager.ClientHandler Received HTTP response headers after 173.4677ms - 200
2026-09-08T22:59:22.8274207+00:00 Information System.Net.Http.HttpClient.MinecraftRuntimeManager.LogicalHandler End processing HTTP request after 174.5479ms - 200
2026-09-08T22:59:22.8410801+00:00 Information System.Net.Http.HttpClient.MinecraftRuntimeManager.LogicalHandler Start processing HTTP request GET https://resources.download.minecraft.net/c4/c4380743ab08e60bafad7ff0dfd2aeb281fdfc3a
2026-09-08T22:59:22.8415236+00:00 Information System.Net.Http.HttpClient.MinecraftRuntimeManager.ClientHandler Sending HTTP request GET https://resources.download.minecraft.net/c4/c4380743ab08e60bafad7ff0dfd2aeb281fdfc3a
2026-09-08T22:59:23.0159156+00:00 Information System.Net.Http.HttpClient.MinecraftRuntimeManager.ClientHandler Received HTTP response headers after 173.94ms - 200
2026-09-08T22:59:23.0163128+00:00 Information System.Net.Http.HttpClient.MinecraftRuntimeManager.LogicalHandler End processing HTTP request after 175.2666ms - 200
2026-09-08T22:59:23.0306841+00:00 Information System.Net.Http.HttpClient.MinecraftRuntimeManager.LogicalHandler Start processing HTTP request GET https://resources.download.minecraft.net/f5/f57c74bb3b583bbbbb78529203ff8dee72f1052f
2026-09-08T22:59:23.0310154+00:00 Information System.Net.Http.HttpClient.MinecraftRuntimeManager.ClientHandler Sending HTTP request GET https://resources.download.minecraft.net/f5/f57c74bb3b583bbbbb78529203ff8dee72f1052f
2026-09-08T22:59:23.2045997+00:00 Information System.Net.Http.HttpClient.MinecraftRuntimeManager.ClientHandler Received HTTP response headers after 173.2216ms - 200
2026-09-08T22:59:23.2049726+00:00 Information System.Net.Http.HttpClient.MinecraftRuntimeManager.LogicalHandler End processing HTTP request after 174.3233ms - 200
2026-09-08T22:59:23.2206851+00:00 Information System.Net.Http.HttpClient.MinecraftRuntimeManager.LogicalHandler Start processing HTTP request GET https://resources.download.minecraft.net/b5/b57f215084d00503c884c327f2617ce563bf2e3c
2026-09-08T22:59:23.2209939+00:00 Information System.Net.Http.HttpClient.MinecraftRuntimeManager.ClientHandler Sending HTTP request GET https://resources.download.minecraft.net/b5/b57f215084d00503c884c327f2617ce563bf2e3c
2026-09-08T22:59:23.3954379+00:00 Information System.Net.Http.HttpClient.MinecraftRuntimeManager.ClientHandler Received HTTP response headers after 174.0552ms - 200
2026-09-08T22:59:23.3958827+00:00 Information System.Net.Http.HttpClient.MinecraftRuntimeManager.LogicalHandler End processing HTTP request after 175.1544ms - 200
2026-09-08T22:59:23.4073430+00:00 Information System.Net.Http.HttpClient.MinecraftRuntimeManager.LogicalHandler Start processing HTTP request GET https://resources.download.minecraft.net/4a/4af9c72df6f67060c0dbff10feeb9aa13767b560
2026-09-08T22:59:23.4076726+00:00 Information System.Net.Http.HttpClient.MinecraftRuntimeManager.ClientHandler Sending HTTP request GET https://resources.download.minecraft.net/4a/4af9c72df6f67060c0dbff10feeb9aa13767b560
2026-09-08T22:59:23.5811269+00:00 Information System.Net.Http.HttpClient.MinecraftRuntimeManager.ClientHandler Received HTTP response headers after 173.093ms - 200
2026-09-08T22:59:23.5814580+00:00 Information System.Net.Http.HttpClient.MinecraftRuntimeManager.LogicalHandler End processing HTTP request after 174.2004ms - 200
2026-09-08T22:59:23.5948894+00:00 Information System.Net.Http.HttpClient.MinecraftRuntimeManager.LogicalHandler Start processing HTTP request GET https://resources.download.minecraft.net/7f/7f31942ce140138141d4873ff36acd9a51f4f496
2026-09-08T22:59:23.5951726+00:00 Information System.Net.Http.HttpClient.MinecraftRuntimeManager.ClientHandler Sending HTTP request GET https://resources.download.minecraft.net/7f/7f31942ce140138141d4873ff36acd9a51f4f496
2026-09-08T22:59:23.7700810+00:00 Information System.Net.Http.HttpClient.MinecraftRuntimeManager.ClientHandler Received HTTP response headers after 174.5629ms - 200
2026-09-08T22:59:23.7705134+00:00 Information System.Net.Http.HttpClient.MinecraftRuntimeManager.LogicalHandler End processing HTTP request after 175.6378ms - 200
2026-09-08T22:59:23.7829119+00:00 Information System.Net.Http.HttpClient.MinecraftRuntimeManager.LogicalHandler Start processing HTTP request GET https://resources.download.minecraft.net/42/421df41daff74f216d5e37e9b2e34396f08be9e1
2026-09-08T22:59:23.7832635+00:00 Information System.Net.Http.HttpClient.MinecraftRuntimeManager.ClientHandler Sending HTTP request GET https://resources.download.minecraft.net/42/421df41daff74f216d5e37e9b2e34396f08be9e1
2026-09-08T22:59:23.9564104+00:00 Information System.Net.Http.HttpClient.MinecraftRuntimeManager.ClientHandler Received HTTP response headers after 172.769ms - 200
2026-09-08T22:59:23.9567838+00:00 Information System.Net.Http.HttpClient.MinecraftRuntimeManager.LogicalHandler End processing HTTP request after 173.9156ms - 200
2026-09-08T22:59:23.9672269+00:00 Information System.Net.Http.HttpClient.MinecraftRuntimeManager.LogicalHandler Start processing HTTP request GET https://resources.download.minecraft.net/e0/e0197d9108758c42df710b3729e080dbebc74d5e
2026-09-08T22:59:23.9677524+00:00 Information System.Net.Http.HttpClient.MinecraftRuntimeManager.ClientHandler Sending HTTP request GET https://resources.download.minecraft.net/e0/e0197d9108758c42df710b3729e080dbebc74d5e
2026-09-08T22:59:24.1417314+00:00 Information System.Net.Http.HttpClient.MinecraftRuntimeManager.ClientHandler Received HTTP response headers after 173.4998ms - 200
2026-09-08T22:59:24.1421181+00:00 Information System.Net.Http.HttpClient.MinecraftRuntimeManager.LogicalHandler End processing HTTP request after 175.0077ms - 200
2026-09-08T22:59:24.1510236+00:00 Information System.Net.Http.HttpClient.MinecraftRuntimeManager.LogicalHandler Start processing HTTP request GET https://resources.download.minecraft.net/93/937c8c7f88cefa5c9b5d849580b350b10c721340
2026-09-08T22:59:24.1513010+00:00 Information System.Net.Http.HttpClient.MinecraftRuntimeManager.ClientHandler Sending HTTP request GET https://resources.download.minecraft.net/93/937c8c7f88cefa5c9b5d849580b350b10c721340
2026-09-08T22:59:24.3253266+00:00 Information System.Net.Http.HttpClient.MinecraftRuntimeManager.ClientHandler Received HTTP response headers after 173.6312ms - 200
2026-09-08T22:59:24.3256939+00:00 Information System.Net.Http.HttpClient.MinecraftRuntimeManager.LogicalHandler End processing HTTP request after 174.6999ms - 200
2026-09-08T22:59:24.3356744+00:00 Information System.Net.Http.HttpClient.MinecraftRuntimeManager.LogicalHandler Start processing HTTP request GET https://resources.download.minecraft.net/a1/a14ce68a05bf194e30846abe0d1c5514c777f50a
2026-09-08T22:59:24.3360211+00:00 Information System.Net.Http.HttpClient.MinecraftRuntimeManager.ClientHandler Sending HTTP request GET https://resources.download.minecraft.net/a1/a14ce68a05bf194e30846abe0d1c5514c777f50a
2026-09-08T22:59:24.5103787+00:00 Information System.Net.Http.HttpClient.MinecraftRuntimeManager.ClientHandler Received HTTP response headers after 173.6803ms - 200
2026-09-08T22:59:24.5109285+00:00 Information System.Net.Http.HttpClient.MinecraftRuntimeManager.LogicalHandler End processing HTTP request after 175.2425ms - 200
2026-09-08T22:59:24.5216209+00:00 Information System.Net.Http.HttpClient.MinecraftRuntimeManager.LogicalHandler Start processing HTTP request GET https://resources.download.minecraft.net/58/586020ef70393701adbdef23720da91022ebd676
2026-09-08T22:59:24.5220518+00:00 Information System.Net.Http.HttpClient.MinecraftRuntimeManager.ClientHandler Sending HTTP request GET https://resources.download.minecraft.net/58/586020ef70393701adbdef23720da91022ebd676
2026-09-08T22:59:24.6956625+00:00 Information System.Net.Http.HttpClient.MinecraftRuntimeManager.ClientHandler Received HTTP response headers after 172.9795ms - 200
2026-09-08T22:59:24.6961670+00:00 Information System.Net.Http.HttpClient.MinecraftRuntimeManager.LogicalHandler End processing HTTP request after 174.575ms - 200
2026-09-08T22:59:24.7042477+00:00 Information System.Net.Http.HttpClient.MinecraftRuntimeManager.LogicalHandler Start processing HTTP request GET https://resources.download.minecraft.net/d9/d919a3a7728e4eee52295fd98a72b5b8d06188f4
2026-09-08T22:59:24.7046132+00:00 Information System.Net.Http.HttpClient.MinecraftRuntimeManager.ClientHandler Sending HTTP request GET https://resources.download.minecraft.net/d9/d919a3a7728e4eee52295fd98a72b5b8d06188f4
2026-09-08T22:59:24.8780817+00:00 Information System.Net.Http.HttpClient.MinecraftRuntimeManager.ClientHandler Received HTTP response headers after 173.1106ms - 200
2026-09-08T22:59:24.8784501+00:00 Information System.Net.Http.HttpClient.MinecraftRuntimeManager.LogicalHandler End processing HTTP request after 174.2376ms - 200
2026-09-08T22:59:24.8882120+00:00 Information System.Net.Http.HttpClient.MinecraftRuntimeManager.LogicalHandler Start processing HTTP request GET https://resources.download.minecraft.net/8f/8f6553be35c6a5cca58d4f32dd1c28b849f9a442
2026-09-08T22:59:24.8885945+00:00 Information System.Net.Http.HttpClient.MinecraftRuntimeManager.ClientHandler Sending HTTP request GET https://resources.download.minecraft.net/8f/8f6553be35c6a5cca58d4f32dd1c28b849f9a442
2026-09-08T22:59:25.0623925+00:00 Information System.Net.Http.HttpClient.MinecraftRuntimeManager.ClientHandler Received HTTP response headers after 173.358ms - 200
2026-09-08T22:59:25.0627541+00:00 Information System.Net.Http.HttpClient.MinecraftRuntimeManager.LogicalHandler End processing HTTP request after 174.569ms - 200
2026-09-08T22:59:25.0720953+00:00 Information System.Net.Http.HttpClient.MinecraftRuntimeManager.LogicalHandler Start processing HTTP request GET https://resources.download.minecraft.net/b2/b24c9fe48879477d364a345a9a76cfa3d698246e
2026-09-08T22:59:25.0724755+00:00 Information System.Net.Http.HttpClient.MinecraftRuntimeManager.ClientHandler Sending HTTP request GET https://resources.download.minecraft.net/b2/b24c9fe48879477d364a345a9a76cfa3d698246e
2026-09-08T22:59:25.2500198+00:00 Information System.Net.Http.HttpClient.MinecraftRuntimeManager.ClientHandler Received HTTP response headers after 176.982ms - 200
2026-09-08T22:59:25.2505729+00:00 Information System.Net.Http.HttpClient.MinecraftRuntimeManager.LogicalHandler End processing HTTP request after 178.553ms - 200
2026-09-08T22:59:25.2594875+00:00 Information System.Net.Http.HttpClient.MinecraftRuntimeManager.LogicalHandler Start processing HTTP request GET https://resources.download.minecraft.net/34/34a9a0058caceecb2f5af494f1b4d087d1680adf
2026-09-08T22:59:25.2598011+00:00 Information System.Net.Http.HttpClient.MinecraftRuntimeManager.ClientHandler Sending HTTP request GET https://resources.download.minecraft.net/34/34a9a0058caceecb2f5af494f1b4d087d1680adf
2026-09-08T22:59:25.4332019+00:00 Information System.Net.Http.HttpClient.MinecraftRuntimeManager.ClientHandler Received HTTP response headers after 173.0789ms - 200
2026-09-08T22:59:25.4335469+00:00 Information System.Net.Http.HttpClient.MinecraftRuntimeManager.LogicalHandler End processing HTTP request after 174.0916ms - 200
2026-09-08T22:59:25.4452452+00:00 Information System.Net.Http.HttpClient.MinecraftRuntimeManager.LogicalHandler Start processing HTTP request GET https://resources.download.minecraft.net/8c/8c672b90dcc04c6ae601291389b6420b2534f7bf
2026-09-08T22:59:25.4455350+00:00 Information System.Net.Http.HttpClient.MinecraftRuntimeManager.ClientHandler Sending HTTP request GET https://resources.download.minecraft.net/8c/8c672b90dcc04c6ae601291389b6420b2534f7bf
2026-09-08T22:59:25.6188043+00:00 Information System.Net.Http.HttpClient.MinecraftRuntimeManager.ClientHandler Received HTTP response headers after 172.8323ms - 200
2026-09-08T22:59:25.6192281+00:00 Information System.Net.Http.HttpClient.MinecraftRuntimeManager.LogicalHandler End processing HTTP request after 174.0159ms - 200
2026-09-08T22:59:25.6285110+00:00 Information System.Net.Http.HttpClient.MinecraftRuntimeManager.LogicalHandler Start processing HTTP request GET https://resources.download.minecraft.net/13/135d05bbc2d29449d64f7c01ab5899bc909057e6
2026-09-08T22:59:25.6287639+00:00 Information System.Net.Http.HttpClient.MinecraftRuntimeManager.ClientHandler Sending HTTP request GET https://resources.download.minecraft.net/13/135d05bbc2d29449d64f7c01ab5899bc909057e6
2026-09-08T22:59:25.8022409+00:00 Information System.Net.Http.HttpClient.MinecraftRuntimeManager.ClientHandler Received HTTP response headers after 173.1511ms - 200
2026-09-08T22:59:25.8025324+00:00 Information System.Net.Http.HttpClient.MinecraftRuntimeManager.LogicalHandler End processing HTTP request after 174.0715ms - 200
2026-09-08T22:59:25.8125687+00:00 Information System.Net.Http.HttpClient.MinecraftRuntimeManager.LogicalHandler Start processing HTTP request GET https://resources.download.minecraft.net/5b/5bad2e5f2b36e7f81d048dee12e3ccf4fd2902a0
2026-09-08T22:59:25.8129135+00:00 Information System.Net.Http.HttpClient.MinecraftRuntimeManager.ClientHandler Sending HTTP request GET https://resources.download.minecraft.net/5b/5bad2e5f2b36e7f81d048dee12e3ccf4fd2902a0
2026-09-08T22:59:25.9887020+00:00 Information System.Net.Http.HttpClient.MinecraftRuntimeManager.ClientHandler Received HTTP response headers after 175.3207ms - 200
2026-09-08T22:59:25.9892252+00:00 Information System.Net.Http.HttpClient.MinecraftRuntimeManager.LogicalHandler End processing HTTP request after 176.6243ms - 200
2026-09-08T22:59:25.9996473+00:00 Information System.Net.Http.HttpClient.MinecraftRuntimeManager.LogicalHandler Start processing HTTP request GET https://resources.download.minecraft.net/b2/b2901a46b95163774af8a8495c8c00e59eb18031
2026-09-08T22:59:25.9999992+00:00 Information System.Net.Http.HttpClient.MinecraftRuntimeManager.ClientHandler Sending HTTP request GET https://resources.download.minecraft.net/b2/b2901a46b95163774af8a8495c8c00e59eb18031
2026-09-08T22:59:26.1734662+00:00 Information System.Net.Http.HttpClient.MinecraftRuntimeManager.ClientHandler Received HTTP response headers after 173.065ms - 200
2026-09-08T22:59:26.1738438+00:00 Information System.Net.Http.HttpClient.MinecraftRuntimeManager.LogicalHandler End processing HTTP request after 174.2267ms - 200
2026-09-08T22:59:26.1841735+00:00 Information System.Net.Http.HttpClient.MinecraftRuntimeManager.LogicalHandler Start processing HTTP request GET https://resources.download.minecraft.net/b9/b9d0b284a592b7cf4aefcc33dae69553427263c5
2026-09-08T22:59:26.1845442+00:00 Information System.Net.Http.HttpClient.MinecraftRuntimeManager.ClientHandler Sending HTTP request GET https://resources.download.minecraft.net/b9/b9d0b284a592b7cf4aefcc33dae69553427263c5
2026-09-08T22:59:26.3584801+00:00 Information System.Net.Http.HttpClient.MinecraftRuntimeManager.ClientHandler Received HTTP response headers after 173.2881ms - 200
2026-09-08T22:59:26.3590232+00:00 Information System.Net.Http.HttpClient.MinecraftRuntimeManager.LogicalHandler End processing HTTP request after 175.1675ms - 200
2026-09-08T22:59:26.3699233+00:00 Information System.Net.Http.HttpClient.MinecraftRuntimeManager.LogicalHandler Start processing HTTP request GET https://resources.download.minecraft.net/97/972535bb942eccdba2465285e21dc8c34f8e4ca2
2026-09-08T22:59:26.3702160+00:00 Information System.Net.Http.HttpClient.MinecraftRuntimeManager.ClientHandler Sending HTTP request GET https://resources.download.minecraft.net/97/972535bb942eccdba2465285e21dc8c34f8e4ca2
2026-09-08T22:59:26.5433715+00:00 Information System.Net.Http.HttpClient.MinecraftRuntimeManager.ClientHandler Received HTTP response headers after 172.8237ms - 200
2026-09-08T22:59:26.5437296+00:00 Information System.Net.Http.HttpClient.MinecraftRuntimeManager.LogicalHandler End processing HTTP request after 173.8243ms - 200
2026-09-08T22:59:26.5532115+00:00 Information System.Net.Http.HttpClient.MinecraftRuntimeManager.LogicalHandler Start processing HTTP request GET https://resources.download.minecraft.net/bd/bdcd738569dc17f6e5c15686801c4d5446bb036e
2026-09-08T22:59:26.5534931+00:00 Information System.Net.Http.HttpClient.MinecraftRuntimeManager.ClientHandler Sending HTTP request GET https://resources.download.minecraft.net/bd/bdcd738569dc17f6e5c15686801c4d5446bb036e
2026-09-08T22:59:26.7270874+00:00 Information System.Net.Http.HttpClient.MinecraftRuntimeManager.ClientHandler Received HTTP response headers after 173.275ms - 200
2026-09-08T22:59:26.7274391+00:00 Information System.Net.Http.HttpClient.MinecraftRuntimeManager.LogicalHandler End processing HTTP request after 174.2272ms - 200
2026-09-08T22:59:26.7361738+00:00 Information System.Net.Http.HttpClient.MinecraftRuntimeManager.LogicalHandler Start processing HTTP request GET https://resources.download.minecraft.net/9c/9c7e6c4a991755710512cdf5e707d9470238d861
2026-09-08T22:59:26.7364710+00:00 Information System.Net.Http.HttpClient.MinecraftRuntimeManager.ClientHandler Sending HTTP request GET https://resources.download.minecraft.net/9c/9c7e6c4a991755710512cdf5e707d9470238d861
2026-09-08T22:59:26.9106022+00:00 Information System.Net.Http.HttpClient.MinecraftRuntimeManager.ClientHandler Received HTTP response headers after 173.805ms - 200
2026-09-08T22:59:26.9110639+00:00 Information System.Net.Http.HttpClient.MinecraftRuntimeManager.LogicalHandler End processing HTTP request after 174.8789ms - 200
2026-09-08T22:59:26.9213461+00:00 Information System.Net.Http.HttpClient.MinecraftRuntimeManager.LogicalHandler Start processing HTTP request GET https://resources.download.minecraft.net/f2/f2c09cecf4497ea8cfdf095b35b537dc695c5fe0
2026-09-08T22:59:26.9216454+00:00 Information System.Net.Http.HttpClient.MinecraftRuntimeManager.ClientHandler Sending HTTP request GET https://resources.download.minecraft.net/f2/f2c09cecf4497ea8cfdf095b35b537dc695c5fe0
2026-09-08T22:59:27.0957728+00:00 Information System.Net.Http.HttpClient.MinecraftRuntimeManager.ClientHandler Received HTTP response headers after 173.7298ms - 200
2026-09-08T22:59:27.0961578+00:00 Information System.Net.Http.HttpClient.MinecraftRuntimeManager.LogicalHandler End processing HTTP request after 174.8072ms - 200
2026-09-08T22:59:27.1047705+00:00 Information System.Net.Http.HttpClient.MinecraftRuntimeManager.LogicalHandler Start processing HTTP request GET https://resources.download.minecraft.net/4f/4ffe33bbde7ac1eabb9bd4abe997161d6643e268
2026-09-08T22:59:27.1050390+00:00 Information System.Net.Http.HttpClient.MinecraftRuntimeManager.ClientHandler Sending HTTP request GET https://resources.download.minecraft.net/4f/4ffe33bbde7ac1eabb9bd4abe997161d6643e268
2026-09-08T22:59:27.2793080+00:00 Information System.Net.Http.HttpClient.MinecraftRuntimeManager.ClientHandler Received HTTP response headers after 173.7872ms - 200
2026-09-08T22:59:27.2797290+00:00 Information System.Net.Http.HttpClient.MinecraftRuntimeManager.LogicalHandler End processing HTTP request after 174.9928ms - 200
2026-09-08T22:59:27.2878930+00:00 Information System.Net.Http.HttpClient.MinecraftRuntimeManager.LogicalHandler Start processing HTTP request GET https://resources.download.minecraft.net/65/658d7359bb219b74bcf3ac097026a22867ba69e3
2026-09-08T22:59:27.2882145+00:00 Information System.Net.Http.HttpClient.MinecraftRuntimeManager.ClientHandler Sending HTTP request GET https://resources.download.minecraft.net/65/658d7359bb219b74bcf3ac097026a22867ba69e3
2026-09-08T22:59:27.4632961+00:00 Information System.Net.Http.HttpClient.MinecraftRuntimeManager.ClientHandler Received HTTP response headers after 174.7183ms - 200
2026-09-08T22:59:27.4636251+00:00 Information System.Net.Http.HttpClient.MinecraftRuntimeManager.LogicalHandler End processing HTTP request after 175.7649ms - 200
2026-09-08T22:59:27.4735483+00:00 Information System.Net.Http.HttpClient.MinecraftRuntimeManager.LogicalHandler Start processing HTTP request GET https://resources.download.minecraft.net/45/45fa395587834884120631cd8c453c96fb64a4cf
2026-09-08T22:59:27.4739554+00:00 Information System.Net.Http.HttpClient.MinecraftRuntimeManager.ClientHandler Sending HTTP request GET https://resources.download.minecraft.net/45/45fa395587834884120631cd8c453c96fb64a4cf
2026-09-08T22:59:27.6470448+00:00 Information System.Net.Http.HttpClient.MinecraftRuntimeManager.ClientHandler Received HTTP response headers after 172.5955ms - 200
2026-09-08T22:59:27.6473891+00:00 Information System.Net.Http.HttpClient.MinecraftRuntimeManager.LogicalHandler End processing HTTP request after 173.9389ms - 200
2026-09-08T22:59:27.6571738+00:00 Information System.Net.Http.HttpClient.MinecraftRuntimeManager.LogicalHandler Start processing HTTP request GET https://resources.download.minecraft.net/0b/0bad55ad72a681b474cfb2040a35e7420eecfa81
2026-09-08T22:59:27.6574387+00:00 Information System.Net.Http.HttpClient.MinecraftRuntimeManager.ClientHandler Sending HTTP request GET https://resources.download.minecraft.net/0b/0bad55ad72a681b474cfb2040a35e7420eecfa81
2026-09-08T22:59:27.8305372+00:00 Information System.Net.Http.HttpClient.MinecraftRuntimeManager.ClientHandler Received HTTP response headers after 172.7871ms - 200
2026-09-08T22:59:27.8309290+00:00 Information System.Net.Http.HttpClient.MinecraftRuntimeManager.LogicalHandler End processing HTTP request after 173.78ms - 200
2026-09-08T22:59:27.8415562+00:00 Information System.Net.Http.HttpClient.MinecraftRuntimeManager.LogicalHandler Start processing HTTP request GET https://resources.download.minecraft.net/40/402a7e6faa31d2d0e9e1aa727f0418652160c950
2026-09-08T22:59:27.8421589+00:00 Information System.Net.Http.HttpClient.MinecraftRuntimeManager.ClientHandler Sending HTTP request GET https://resources.download.minecraft.net/40/402a7e6faa31d2d0e9e1aa727f0418652160c950
2026-09-08T22:59:28.0159801+00:00 Information System.Net.Http.HttpClient.MinecraftRuntimeManager.ClientHandler Received HTTP response headers after 173.4295ms - 200
2026-09-08T22:59:28.0163741+00:00 Information System.Net.Http.HttpClient.MinecraftRuntimeManager.LogicalHandler End processing HTTP request after 175.0112ms - 200
2026-09-08T22:59:28.0270861+00:00 Information System.Net.Http.HttpClient.MinecraftRuntimeManager.LogicalHandler Start processing HTTP request GET https://resources.download.minecraft.net/d6/d6a8df540f270ed89f2ec4103b1e4592815c4c43
2026-09-08T22:59:28.0274372+00:00 Information System.Net.Http.HttpClient.MinecraftRuntimeManager.ClientHandler Sending HTTP request GET https://resources.download.minecraft.net/d6/d6a8df540f270ed89f2ec4103b1e4592815c4c43
2026-09-08T22:59:28.2009790+00:00 Information System.Net.Http.HttpClient.MinecraftRuntimeManager.ClientHandler Received HTTP response headers after 173.1489ms - 200
2026-09-08T22:59:28.2012811+00:00 Information System.Net.Http.HttpClient.MinecraftRuntimeManager.LogicalHandler End processing HTTP request after 174.249ms - 200
2026-09-08T22:59:28.2119223+00:00 Information System.Net.Http.HttpClient.MinecraftRuntimeManager.LogicalHandler Start processing HTTP request GET https://resources.download.minecraft.net/cc/cc0c3bfd2ed157c19a795263b1549fc9b941b4c3
2026-09-08T22:59:28.2121889+00:00 Information System.Net.Http.HttpClient.MinecraftRuntimeManager.ClientHandler Sending HTTP request GET https://resources.download.minecraft.net/cc/cc0c3bfd2ed157c19a795263b1549fc9b941b4c3
2026-09-08T22:59:28.3854851+00:00 Information System.Net.Http.HttpClient.MinecraftRuntimeManager.ClientHandler Received HTTP response headers after 172.9818ms - 200
2026-09-08T22:59:28.3858738+00:00 Information System.Net.Http.HttpClient.MinecraftRuntimeManager.LogicalHandler End processing HTTP request after 173.9877ms - 200
2026-09-08T22:59:28.3957377+00:00 Information System.Net.Http.HttpClient.MinecraftRuntimeManager.LogicalHandler Start processing HTTP request GET https://resources.download.minecraft.net/19/1967d467023f77d462971e3b4ff46042d029adb9
2026-09-08T22:59:28.3960497+00:00 Information System.Net.Http.HttpClient.MinecraftRuntimeManager.ClientHandler Sending HTTP request GET https://resources.download.minecraft.net/19/1967d467023f77d462971e3b4ff46042d029adb9
2026-09-08T22:59:28.5693600+00:00 Information System.Net.Http.HttpClient.MinecraftRuntimeManager.ClientHandler Received HTTP response headers after 172.9985ms - 200
2026-09-08T22:59:28.5697603+00:00 Information System.Net.Http.HttpClient.MinecraftRuntimeManager.LogicalHandler End processing HTTP request after 173.9892ms - 200
2026-09-08T22:59:28.5808917+00:00 Information System.Net.Http.HttpClient.MinecraftRuntimeManager.LogicalHandler Start processing HTTP request GET https://resources.download.minecraft.net/a7/a7c685463aa038e754845ae3082b8ca162790bf6
2026-09-08T22:59:28.5811923+00:00 Information System.Net.Http.HttpClient.MinecraftRuntimeManager.ClientHandler Sending HTTP request GET https://resources.download.minecraft.net/a7/a7c685463aa038e754845ae3082b8ca162790bf6
2026-09-08T22:59:28.7540361+00:00 Information System.Net.Http.HttpClient.MinecraftRuntimeManager.ClientHandler Received HTTP response headers after 172.5389ms - 200
2026-09-08T22:59:28.7543804+00:00 Information System.Net.Http.HttpClient.MinecraftRuntimeManager.LogicalHandler End processing HTTP request after 173.5216ms - 200
2026-09-08T22:59:28.7636477+00:00 Information System.Net.Http.HttpClient.MinecraftRuntimeManager.LogicalHandler Start processing HTTP request GET https://resources.download.minecraft.net/79/79d04ef130c1369b1aef68b7690e8ef86823a5eb
2026-09-08T22:59:28.7639682+00:00 Information System.Net.Http.HttpClient.MinecraftRuntimeManager.ClientHandler Sending HTTP request GET https://resources.download.minecraft.net/79/79d04ef130c1369b1aef68b7690e8ef86823a5eb
2026-09-08T22:59:28.9373134+00:00 Information System.Net.Http.HttpClient.MinecraftRuntimeManager.ClientHandler Received HTTP response headers after 172.9078ms - 200
2026-09-08T22:59:28.9376352+00:00 Information System.Net.Http.HttpClient.MinecraftRuntimeManager.LogicalHandler End processing HTTP request after 174.0574ms - 200
2026-09-08T22:59:28.9468820+00:00 Information System.Net.Http.HttpClient.MinecraftRuntimeManager.LogicalHandler Start processing HTTP request GET https://resources.download.minecraft.net/72/725790374af48a19077b10c4a0882741a5f04ca3
2026-09-08T22:59:28.9471892+00:00 Information System.Net.Http.HttpClient.MinecraftRuntimeManager.ClientHandler Sending HTTP request GET https://resources.download.minecraft.net/72/725790374af48a19077b10c4a0882741a5f04ca3
2026-09-08T22:59:29.1210039+00:00 Information System.Net.Http.HttpClient.MinecraftRuntimeManager.ClientHandler Received HTTP response headers after 173.4884ms - 200
2026-09-08T22:59:29.1214106+00:00 Information System.Net.Http.HttpClient.MinecraftRuntimeManager.LogicalHandler End processing HTTP request after 174.5173ms - 200
2026-09-08T22:59:29.1299977+00:00 Information System.Net.Http.HttpClient.MinecraftRuntimeManager.LogicalHandler Start processing HTTP request GET https://resources.download.minecraft.net/10/10b5db42307a37046c5da5ea87869ec748b7adae
2026-09-08T22:59:29.1303048+00:00 Information System.Net.Http.HttpClient.MinecraftRuntimeManager.ClientHandler Sending HTTP request GET https://resources.download.minecraft.net/10/10b5db42307a37046c5da5ea87869ec748b7adae
2026-09-08T22:59:29.3025315+00:00 Information System.Net.Http.HttpClient.MinecraftRuntimeManager.ClientHandler Received HTTP response headers after 171.8014ms - 200
2026-09-08T22:59:29.3030038+00:00 Information System.Net.Http.HttpClient.MinecraftRuntimeManager.LogicalHandler End processing HTTP request after 173.0107ms - 200
2026-09-08T22:59:29.3122156+00:00 Information System.Net.Http.HttpClient.MinecraftRuntimeManager.LogicalHandler Start processing HTTP request GET https://resources.download.minecraft.net/c1/c1eccccefb33b9e3d0b53be3ca752a94fe236138
2026-09-08T22:59:29.3125073+00:00 Information System.Net.Http.HttpClient.MinecraftRuntimeManager.ClientHandler Sending HTTP request GET https://resources.download.minecraft.net/c1/c1eccccefb33b9e3d0b53be3ca752a94fe236138
2026-09-08T22:59:29.4847456+00:00 Information System.Net.Http.HttpClient.MinecraftRuntimeManager.ClientHandler Received HTTP response headers after 171.8274ms - 200
2026-09-08T22:59:29.4853608+00:00 Information System.Net.Http.HttpClient.MinecraftRuntimeManager.LogicalHandler End processing HTTP request after 173.0681ms - 200
2026-09-08T22:59:29.4941638+00:00 Information System.Net.Http.HttpClient.MinecraftRuntimeManager.LogicalHandler Start processing HTTP request GET https://resources.download.minecraft.net/e5/e5a53e56c16fbaf4a58eb393da625e8f48e8a798
2026-09-08T22:59:29.4944067+00:00 Information System.Net.Http.HttpClient.MinecraftRuntimeManager.ClientHandler Sending HTTP request GET https://resources.download.minecraft.net/e5/e5a53e56c16fbaf4a58eb393da625e8f48e8a798
2026-09-08T22:59:29.6673160+00:00 Information System.Net.Http.HttpClient.MinecraftRuntimeManager.ClientHandler Received HTTP response headers after 172.4139ms - 200
2026-09-08T22:59:29.6680130+00:00 Information System.Net.Http.HttpClient.MinecraftRuntimeManager.LogicalHandler End processing HTTP request after 173.5866ms - 200
2026-09-08T22:59:29.6801109+00:00 Information System.Net.Http.HttpClient.MinecraftRuntimeManager.LogicalHandler Start processing HTTP request GET https://resources.download.minecraft.net/10/10b4aeb4a3000d312a50d1a03b6ef685dddc8ec7
2026-09-08T22:59:29.6803909+00:00 Information System.Net.Http.HttpClient.MinecraftRuntimeManager.ClientHandler Sending HTTP request GET https://resources.download.minecraft.net/10/10b4aeb4a3000d312a50d1a03b6ef685dddc8ec7
2026-09-08T22:59:29.8524335+00:00 Information System.Net.Http.HttpClient.MinecraftRuntimeManager.ClientHandler Received HTTP response headers after 171.6306ms - 200
2026-09-08T22:59:29.8528888+00:00 Information System.Net.Http.HttpClient.MinecraftRuntimeManager.LogicalHandler End processing HTTP request after 172.7896ms - 200
2026-09-08T22:59:29.8618579+00:00 Information System.Net.Http.HttpClient.MinecraftRuntimeManager.LogicalHandler Start processing HTTP request GET https://resources.download.minecraft.net/18/1882fe1f3b4788404e1cd152764345ee3a4495f2
2026-09-08T22:59:29.8621603+00:00 Information System.Net.Http.HttpClient.MinecraftRuntimeManager.ClientHandler Sending HTTP request GET https://resources.download.minecraft.net/18/1882fe1f3b4788404e1cd152764345ee3a4495f2
2026-09-08T22:59:30.0354218+00:00 Information System.Net.Http.HttpClient.MinecraftRuntimeManager.ClientHandler Received HTTP response headers after 172.8059ms - 200
2026-09-08T22:59:30.0365516+00:00 Information System.Net.Http.HttpClient.MinecraftRuntimeManager.LogicalHandler End processing HTTP request after 174.1077ms - 200
2026-09-08T22:59:30.0448593+00:00 Information System.Net.Http.HttpClient.MinecraftRuntimeManager.LogicalHandler Start processing HTTP request GET https://resources.download.minecraft.net/21/21a2e6ab55d2cae46bc0cc5762c2869075f1aded
2026-09-08T22:59:30.0451163+00:00 Information System.Net.Http.HttpClient.MinecraftRuntimeManager.ClientHandler Sending HTTP request GET https://resources.download.minecraft.net/21/21a2e6ab55d2cae46bc0cc5762c2869075f1aded
2026-09-08T22:59:30.2168580+00:00 Information System.Net.Http.HttpClient.MinecraftRuntimeManager.ClientHandler Received HTTP response headers after 171.3189ms - 200
2026-09-08T22:59:30.2172849+00:00 Information System.Net.Http.HttpClient.MinecraftRuntimeManager.LogicalHandler End processing HTTP request after 172.4285ms - 200
2026-09-08T22:59:30.2262162+00:00 Information System.Net.Http.HttpClient.MinecraftRuntimeManager.LogicalHandler Start processing HTTP request GET https://resources.download.minecraft.net/79/79f72a74753d81086324b8a826cab0a612bc57a4
2026-09-08T22:59:30.2265258+00:00 Information System.Net.Http.HttpClient.MinecraftRuntimeManager.ClientHandler Sending HTTP request GET https://resources.download.minecraft.net/79/79f72a74753d81086324b8a826cab0a612bc57a4
2026-09-08T22:59:30.3978185+00:00 Information System.Net.Http.HttpClient.MinecraftRuntimeManager.ClientHandler Received HTTP response headers after 170.9504ms - 200
2026-09-08T22:59:30.3982156+00:00 Information System.Net.Http.HttpClient.MinecraftRuntimeManager.LogicalHandler End processing HTTP request after 172.0235ms - 200
2026-09-08T22:59:30.4085406+00:00 Information System.Net.Http.HttpClient.MinecraftRuntimeManager.LogicalHandler Start processing HTTP request GET https://resources.download.minecraft.net/50/50c9b5b23ecf10df2f0301dc78a2dfa30c084fe7
2026-09-08T22:59:30.4089002+00:00 Information System.Net.Http.HttpClient.MinecraftRuntimeManager.ClientHandler Sending HTTP request GET https://resources.download.minecraft.net/50/50c9b5b23ecf10df2f0301dc78a2dfa30c084fe7
2026-09-08T22:59:30.5810019+00:00 Information System.Net.Http.HttpClient.MinecraftRuntimeManager.ClientHandler Received HTTP response headers after 171.7521ms - 200
2026-09-08T22:59:30.5813896+00:00 Information System.Net.Http.HttpClient.MinecraftRuntimeManager.LogicalHandler End processing HTTP request after 172.8705ms - 200
2026-09-08T22:59:30.5896713+00:00 Information System.Net.Http.HttpClient.MinecraftRuntimeManager.LogicalHandler Start processing HTTP request GET https://resources.download.minecraft.net/b7/b72c88ed02173cdef682d3d658544333ef608bd8
2026-09-08T22:59:30.5900615+00:00 Information System.Net.Http.HttpClient.MinecraftRuntimeManager.ClientHandler Sending HTTP request GET https://resources.download.minecraft.net/b7/b72c88ed02173cdef682d3d658544333ef608bd8
2026-09-08T22:59:30.7608770+00:00 Information System.Net.Http.HttpClient.MinecraftRuntimeManager.ClientHandler Received HTTP response headers after 170.4106ms - 200
2026-09-08T22:59:30.7612401+00:00 Information System.Net.Http.HttpClient.MinecraftRuntimeManager.LogicalHandler End processing HTTP request after 171.6121ms - 200
2026-09-08T22:59:30.7724709+00:00 Information System.Net.Http.HttpClient.MinecraftRuntimeManager.LogicalHandler Start processing HTTP request GET https://resources.download.minecraft.net/4f/4f1d7eed78371293d49c31c7a39bfdd4b4bd1e51
2026-09-08T22:59:30.7729646+00:00 Information System.Net.Http.HttpClient.MinecraftRuntimeManager.ClientHandler Sending HTTP request GET https://resources.download.minecraft.net/4f/4f1d7eed78371293d49c31c7a39bfdd4b4bd1e51
2026-09-08T22:59:30.9448734+00:00 Information System.Net.Http.HttpClient.MinecraftRuntimeManager.ClientHandler Received HTTP response headers after 171.5381ms - 200
2026-09-08T22:59:30.9453516+00:00 Information System.Net.Http.HttpClient.MinecraftRuntimeManager.LogicalHandler End processing HTTP request after 173.0621ms - 200
2026-09-08T22:59:30.9543248+00:00 Information System.Net.Http.HttpClient.MinecraftRuntimeManager.LogicalHandler Start processing HTTP request GET https://resources.download.minecraft.net/df/df131c5832b20f3967463a0bab0e4c8797c25eee
2026-09-08T22:59:30.9546356+00:00 Information System.Net.Http.HttpClient.MinecraftRuntimeManager.ClientHandler Sending HTTP request GET https://resources.download.minecraft.net/df/df131c5832b20f3967463a0bab0e4c8797c25eee
2026-09-08T22:59:31.1268994+00:00 Information System.Net.Http.HttpClient.MinecraftRuntimeManager.ClientHandler Received HTTP response headers after 171.8931ms - 200
2026-09-08T22:59:31.1273374+00:00 Information System.Net.Http.HttpClient.MinecraftRuntimeManager.LogicalHandler End processing HTTP request after 173.0752ms - 200
2026-09-08T22:59:31.1381055+00:00 Information System.Net.Http.HttpClient.MinecraftRuntimeManager.LogicalHandler Start processing HTTP request GET https://resources.download.minecraft.net/01/01c5ba2d1645698cc2f6e462982bd4513a3e0d93
2026-09-08T22:59:31.1384033+00:00 Information System.Net.Http.HttpClient.MinecraftRuntimeManager.ClientHandler Sending HTTP request GET https://resources.download.minecraft.net/01/01c5ba2d1645698cc2f6e462982bd4513a3e0d93
2026-09-08T22:59:31.3120183+00:00 Information System.Net.Http.HttpClient.MinecraftRuntimeManager.ClientHandler Received HTTP response headers after 173.2606ms - 200
2026-09-08T22:59:31.3125026+00:00 Information System.Net.Http.HttpClient.MinecraftRuntimeManager.LogicalHandler End processing HTTP request after 174.3167ms - 200
2026-09-08T22:59:31.3214609+00:00 Information System.Net.Http.HttpClient.MinecraftRuntimeManager.LogicalHandler Start processing HTTP request GET https://resources.download.minecraft.net/1d/1d407e006a12bb9e2085bd131f5858faca224c04
2026-09-08T22:59:31.3218039+00:00 Information System.Net.Http.HttpClient.MinecraftRuntimeManager.ClientHandler Sending HTTP request GET https://resources.download.minecraft.net/1d/1d407e006a12bb9e2085bd131f5858faca224c04
2026-09-08T22:59:31.4996557+00:00 Information System.Net.Http.HttpClient.MinecraftRuntimeManager.ClientHandler Received HTTP response headers after 177.4779ms - 200
2026-09-08T22:59:31.5000803+00:00 Information System.Net.Http.HttpClient.MinecraftRuntimeManager.LogicalHandler End processing HTTP request after 178.6236ms - 200
2026-09-08T22:59:31.5094044+00:00 Information System.Net.Http.HttpClient.MinecraftRuntimeManager.LogicalHandler Start processing HTTP request GET https://resources.download.minecraft.net/e3/e307581ed3bf3a02b5cc4ce695d63cbdddc7d771
2026-09-08T22:59:31.5097125+00:00 Information System.Net.Http.HttpClient.MinecraftRuntimeManager.ClientHandler Sending HTTP request GET https://resources.download.minecraft.net/e3/e307581ed3bf3a02b5cc4ce695d63cbdddc7d771
2026-09-08T22:59:31.6830167+00:00 Information System.Net.Http.HttpClient.MinecraftRuntimeManager.ClientHandler Received HTTP response headers after 172.945ms - 200
2026-09-08T22:59:31.6834800+00:00 Information System.Net.Http.HttpClient.MinecraftRuntimeManager.LogicalHandler End processing HTTP request after 174.0771ms - 200
2026-09-08T22:59:31.6920037+00:00 Information System.Net.Http.HttpClient.MinecraftRuntimeManager.LogicalHandler Start processing HTTP request GET https://resources.download.minecraft.net/a2/a2c9a38685d6935d092ed3e3a028c36f188a419f
2026-09-08T22:59:31.6923327+00:00 Information System.Net.Http.HttpClient.MinecraftRuntimeManager.ClientHandler Sending HTTP request GET https://resources.download.minecraft.net/a2/a2c9a38685d6935d092ed3e3a028c36f188a419f
2026-09-08T22:59:31.8661165+00:00 Information System.Net.Http.HttpClient.MinecraftRuntimeManager.ClientHandler Received HTTP response headers after 173.4675ms - 200
2026-09-08T22:59:31.8664437+00:00 Information System.Net.Http.HttpClient.MinecraftRuntimeManager.LogicalHandler End processing HTTP request after 174.4561ms - 200
2026-09-08T22:59:31.8757144+00:00 Information System.Net.Http.HttpClient.MinecraftRuntimeManager.LogicalHandler Start processing HTTP request GET https://resources.download.minecraft.net/71/711c7bffbff757323d96b35444b64e39706a66ed
2026-09-08T22:59:31.8760599+00:00 Information System.Net.Http.HttpClient.MinecraftRuntimeManager.ClientHandler Sending HTTP request GET https://resources.download.minecraft.net/71/711c7bffbff757323d96b35444b64e39706a66ed
2026-09-08T22:59:32.0483941+00:00 Information System.Net.Http.HttpClient.MinecraftRuntimeManager.ClientHandler Received HTTP response headers after 171.9062ms - 200
2026-09-08T22:59:32.0488097+00:00 Information System.Net.Http.HttpClient.MinecraftRuntimeManager.LogicalHandler End processing HTTP request after 173.0976ms - 200
2026-09-08T22:59:32.0583669+00:00 Information System.Net.Http.HttpClient.MinecraftRuntimeManager.LogicalHandler Start processing HTTP request GET https://resources.download.minecraft.net/73/7397aec16ab142151a3dc45f544907f2b1be4459
2026-09-08T22:59:32.0586190+00:00 Information System.Net.Http.HttpClient.MinecraftRuntimeManager.ClientHandler Sending HTTP request GET https://resources.download.minecraft.net/73/7397aec16ab142151a3dc45f544907f2b1be4459
2026-09-08T22:59:32.2324019+00:00 Information System.Net.Http.HttpClient.MinecraftRuntimeManager.ClientHandler Received HTTP response headers after 173.4661ms - 200
2026-09-08T22:59:32.2328677+00:00 Information System.Net.Http.HttpClient.MinecraftRuntimeManager.LogicalHandler End processing HTTP request after 174.5394ms - 200
2026-09-08T22:59:32.2445642+00:00 Information System.Net.Http.HttpClient.MinecraftRuntimeManager.LogicalHandler Start processing HTTP request GET https://resources.download.minecraft.net/32/32320873b74f966382b57b2f05b1ff3d68e363b3
2026-09-08T22:59:32.2449754+00:00 Information System.Net.Http.HttpClient.MinecraftRuntimeManager.ClientHandler Sending HTTP request GET https://resources.download.minecraft.net/32/32320873b74f966382b57b2f05b1ff3d68e363b3
2026-09-08T22:59:32.4171913+00:00 Information System.Net.Http.HttpClient.MinecraftRuntimeManager.ClientHandler Received HTTP response headers after 171.8969ms - 200
2026-09-08T22:59:32.4175782+00:00 Information System.Net.Http.HttpClient.MinecraftRuntimeManager.LogicalHandler End processing HTTP request after 173.0685ms - 200
2026-09-08T22:59:32.4261173+00:00 Information System.Net.Http.HttpClient.MinecraftRuntimeManager.LogicalHandler Start processing HTTP request GET https://resources.download.minecraft.net/7a/7a0cf32ccf684890a6f9df896b0949fa41765feb
2026-09-08T22:59:32.4265131+00:00 Information System.Net.Http.HttpClient.MinecraftRuntimeManager.ClientHandler Sending HTTP request GET https://resources.download.minecraft.net/7a/7a0cf32ccf684890a6f9df896b0949fa41765feb
2026-09-08T22:59:32.5988460+00:00 Information System.Net.Http.HttpClient.MinecraftRuntimeManager.ClientHandler Received HTTP response headers after 171.8603ms - 200
2026-09-08T22:59:32.5992679+00:00 Information System.Net.Http.HttpClient.MinecraftRuntimeManager.LogicalHandler End processing HTTP request after 173.181ms - 200
2026-09-08T22:59:32.6081389+00:00 Information System.Net.Http.HttpClient.MinecraftRuntimeManager.LogicalHandler Start processing HTTP request GET https://resources.download.minecraft.net/8d/8dfc995c465dd5d06b140877b67e70ed236c7e9a
2026-09-08T22:59:32.6084239+00:00 Information System.Net.Http.HttpClient.MinecraftRuntimeManager.ClientHandler Sending HTTP request GET https://resources.download.minecraft.net/8d/8dfc995c465dd5d06b140877b67e70ed236c7e9a
2026-09-08T22:59:32.7808344+00:00 Information System.Net.Http.HttpClient.MinecraftRuntimeManager.ClientHandler Received HTTP response headers after 171.7051ms - 200
2026-09-08T22:59:32.7812479+00:00 Information System.Net.Http.HttpClient.MinecraftRuntimeManager.LogicalHandler End processing HTTP request after 173.0799ms - 200
2026-09-08T22:59:32.7923795+00:00 Information System.Net.Http.HttpClient.MinecraftRuntimeManager.LogicalHandler Start processing HTTP request GET https://resources.download.minecraft.net/ed/ed9043f9a746eedc538e6df89f8983a2ad9c6205
2026-09-08T22:59:32.7926510+00:00 Information System.Net.Http.HttpClient.MinecraftRuntimeManager.ClientHandler Sending HTTP request GET https://resources.download.minecraft.net/ed/ed9043f9a746eedc538e6df89f8983a2ad9c6205
2026-09-08T22:59:32.9647407+00:00 Information System.Net.Http.HttpClient.MinecraftRuntimeManager.ClientHandler Received HTTP response headers after 171.7127ms - 200
2026-09-08T22:59:32.9651803+00:00 Information System.Net.Http.HttpClient.MinecraftRuntimeManager.LogicalHandler End processing HTTP request after 172.8267ms - 200
2026-09-08T22:59:32.9748375+00:00 Information System.Net.Http.HttpClient.MinecraftRuntimeManager.LogicalHandler Start processing HTTP request GET https://resources.download.minecraft.net/4d/4dd03c1c7eb0f61d8b63f7e95e2405928310c0a2
2026-09-08T22:59:32.9751544+00:00 Information System.Net.Http.HttpClient.MinecraftRuntimeManager.ClientHandler Sending HTTP request GET https://resources.download.minecraft.net/4d/4dd03c1c7eb0f61d8b63f7e95e2405928310c0a2
2026-09-08T22:59:33.1502296+00:00 Information System.Net.Http.HttpClient.MinecraftRuntimeManager.ClientHandler Received HTTP response headers after 174.7571ms - 200
2026-09-08T22:59:33.1505655+00:00 Information System.Net.Http.HttpClient.MinecraftRuntimeManager.LogicalHandler End processing HTTP request after 175.7665ms - 200
2026-09-08T22:59:33.1603318+00:00 Information System.Net.Http.HttpClient.MinecraftRuntimeManager.LogicalHandler Start processing HTTP request GET https://resources.download.minecraft.net/ab/ab411aae137f85c003b99595fe592388ffab7c02
2026-09-08T22:59:33.1605787+00:00 Information System.Net.Http.HttpClient.MinecraftRuntimeManager.ClientHandler Sending HTTP request GET https://resources.download.minecraft.net/ab/ab411aae137f85c003b99595fe592388ffab7c02
2026-09-08T22:59:33.3328235+00:00 Information System.Net.Http.HttpClient.MinecraftRuntimeManager.ClientHandler Received HTTP response headers after 171.7506ms - 200
2026-09-08T22:59:33.3331339+00:00 Information System.Net.Http.HttpClient.MinecraftRuntimeManager.LogicalHandler End processing HTTP request after 172.8326ms - 200
2026-09-08T22:59:33.3434674+00:00 Information System.Net.Http.HttpClient.MinecraftRuntimeManager.LogicalHandler Start processing HTTP request GET https://resources.download.minecraft.net/1f/1fff9fe2769f81cbc68d1e4e44b8b69002d31cf6
2026-09-08T22:59:33.3438097+00:00 Information System.Net.Http.HttpClient.MinecraftRuntimeManager.ClientHandler Sending HTTP request GET https://resources.download.minecraft.net/1f/1fff9fe2769f81cbc68d1e4e44b8b69002d31cf6
2026-09-08T22:59:33.5187248+00:00 Information System.Net.Http.HttpClient.MinecraftRuntimeManager.ClientHandler Received HTTP response headers after 174.5557ms - 200
2026-09-08T22:59:33.5191416+00:00 Information System.Net.Http.HttpClient.MinecraftRuntimeManager.LogicalHandler End processing HTTP request after 175.7036ms - 200
2026-09-08T22:59:33.5278736+00:00 Information System.Net.Http.HttpClient.MinecraftRuntimeManager.LogicalHandler Start processing HTTP request GET https://resources.download.minecraft.net/42/4231b710979dc406cfd24b5da9f6d50cda6a2823
2026-09-08T22:59:33.5281337+00:00 Information System.Net.Http.HttpClient.MinecraftRuntimeManager.ClientHandler Sending HTTP request GET https://resources.download.minecraft.net/42/4231b710979dc406cfd24b5da9f6d50cda6a2823
2026-09-08T22:59:33.7014425+00:00 Information System.Net.Http.HttpClient.MinecraftRuntimeManager.ClientHandler Received HTTP response headers after 172.9528ms - 200
2026-09-08T22:59:33.7019834+00:00 Information System.Net.Http.HttpClient.MinecraftRuntimeManager.LogicalHandler End processing HTTP request after 174.1136ms - 200
2026-09-08T22:59:33.7111592+00:00 Information System.Net.Http.HttpClient.MinecraftRuntimeManager.LogicalHandler Start processing HTTP request GET https://resources.download.minecraft.net/7e/7ee1ddfd1f42fd5b06d8cbdb9213c72e575b2594
2026-09-08T22:59:33.7114617+00:00 Information System.Net.Http.HttpClient.MinecraftRuntimeManager.ClientHandler Sending HTTP request GET https://resources.download.minecraft.net/7e/7ee1ddfd1f42fd5b06d8cbdb9213c72e575b2594
2026-09-08T22:59:33.8852569+00:00 Information System.Net.Http.HttpClient.MinecraftRuntimeManager.ClientHandler Received HTTP response headers after 173.4334ms - 200
2026-09-08T22:59:33.8856037+00:00 Information System.Net.Http.HttpClient.MinecraftRuntimeManager.LogicalHandler End processing HTTP request after 174.4655ms - 200
2026-09-08T22:59:33.8952468+00:00 Information System.Net.Http.HttpClient.MinecraftRuntimeManager.LogicalHandler Start processing HTTP request GET https://resources.download.minecraft.net/5d/5d8ce0540e1958840cb4d753443f8221d1bdaf1a
2026-09-08T22:59:33.8955276+00:00 Information System.Net.Http.HttpClient.MinecraftRuntimeManager.ClientHandler Sending HTTP request GET https://resources.download.minecraft.net/5d/5d8ce0540e1958840cb4d753443f8221d1bdaf1a
2026-09-08T22:59:34.0694616+00:00 Information System.Net.Http.HttpClient.MinecraftRuntimeManager.ClientHandler Received HTTP response headers after 173.6416ms - 200
2026-09-08T22:59:34.0697560+00:00 Information System.Net.Http.HttpClient.MinecraftRuntimeManager.LogicalHandler End processing HTTP request after 174.5554ms - 200
2026-09-08T22:59:34.0787518+00:00 Information System.Net.Http.HttpClient.MinecraftRuntimeManager.LogicalHandler Start processing HTTP request GET https://resources.download.minecraft.net/51/51646cd9bdfc091ec589875f1da8786c85ebff79
2026-09-08T22:59:34.0790786+00:00 Information System.Net.Http.HttpClient.MinecraftRuntimeManager.ClientHandler Sending HTTP request GET https://resources.download.minecraft.net/51/51646cd9bdfc091ec589875f1da8786c85ebff79
2026-09-08T22:59:34.2554396+00:00 Information System.Net.Http.HttpClient.MinecraftRuntimeManager.ClientHandler Received HTTP response headers after 175.8723ms - 200
2026-09-08T22:59:34.2558351+00:00 Information System.Net.Http.HttpClient.MinecraftRuntimeManager.LogicalHandler End processing HTTP request after 177.131ms - 200
2026-09-08T22:59:34.2657071+00:00 Information System.Net.Http.HttpClient.MinecraftRuntimeManager.LogicalHandler Start processing HTTP request GET https://resources.download.minecraft.net/21/21c7c1403ddc62ebf24deca09f92c4b317c88182
2026-09-08T22:59:34.2659939+00:00 Information System.Net.Http.HttpClient.MinecraftRuntimeManager.ClientHandler Sending HTTP request GET https://resources.download.minecraft.net/21/21c7c1403ddc62ebf24deca09f92c4b317c88182
2026-09-08T22:59:34.4407198+00:00 Information System.Net.Http.HttpClient.MinecraftRuntimeManager.ClientHandler Received HTTP response headers after 174.3649ms - 200
2026-09-08T22:59:34.4410678+00:00 Information System.Net.Http.HttpClient.MinecraftRuntimeManager.LogicalHandler End processing HTTP request after 175.4559ms - 200
2026-09-08T22:59:34.4512775+00:00 Information System.Net.Http.HttpClient.MinecraftRuntimeManager.LogicalHandler Start processing HTTP request GET https://resources.download.minecraft.net/de/de2a2d344850841901eb41880afc9604c65e819d
2026-09-08T22:59:34.4517169+00:00 Information System.Net.Http.HttpClient.MinecraftRuntimeManager.ClientHandler Sending HTTP request GET https://resources.download.minecraft.net/de/de2a2d344850841901eb41880afc9604c65e819d
2026-09-08T22:59:34.6252506+00:00 Information System.Net.Http.HttpClient.MinecraftRuntimeManager.ClientHandler Received HTTP response headers after 173.1213ms - 200
2026-09-08T22:59:34.6255891+00:00 Information System.Net.Http.HttpClient.MinecraftRuntimeManager.LogicalHandler End processing HTTP request after 174.4529ms - 200
2026-09-08T22:59:34.6358865+00:00 Information System.Net.Http.HttpClient.MinecraftRuntimeManager.LogicalHandler Start processing HTTP request GET https://resources.download.minecraft.net/06/065a6eea7962b091faccbaffad8d34f9394779d3
2026-09-08T22:59:34.6361671+00:00 Information System.Net.Http.HttpClient.MinecraftRuntimeManager.ClientHandler Sending HTTP request GET https://resources.download.minecraft.net/06/065a6eea7962b091faccbaffad8d34f9394779d3
2026-09-08T22:59:34.8137571+00:00 Information System.Net.Http.HttpClient.MinecraftRuntimeManager.ClientHandler Received HTTP response headers after 177.1277ms - 200
2026-09-08T22:59:34.8141805+00:00 Information System.Net.Http.HttpClient.MinecraftRuntimeManager.LogicalHandler End processing HTTP request after 178.2965ms - 200
2026-09-08T22:59:34.8241260+00:00 Information System.Net.Http.HttpClient.MinecraftRuntimeManager.LogicalHandler Start processing HTTP request GET https://resources.download.minecraft.net/e4/e45861e74bd0a811c6056b68742d8cb80f19c995
2026-09-08T22:59:34.8244138+00:00 Information System.Net.Http.HttpClient.MinecraftRuntimeManager.ClientHandler Sending HTTP request GET https://resources.download.minecraft.net/e4/e45861e74bd0a811c6056b68742d8cb80f19c995
2026-09-08T22:59:34.9997381+00:00 Information System.Net.Http.HttpClient.MinecraftRuntimeManager.ClientHandler Received HTTP response headers after 174.9309ms - 200
2026-09-08T22:59:35.0002216+00:00 Information System.Net.Http.HttpClient.MinecraftRuntimeManager.LogicalHandler End processing HTTP request after 176.1229ms - 200
2026-09-08T22:59:35.0095800+00:00 Information System.Net.Http.HttpClient.MinecraftRuntimeManager.LogicalHandler Start processing HTTP request GET https://resources.download.minecraft.net/5f/5fd3f987b3721ae098042845d2f7712512633bc8
2026-09-08T22:59:35.0098765+00:00 Information System.Net.Http.HttpClient.MinecraftRuntimeManager.ClientHandler Sending HTTP request GET https://resources.download.minecraft.net/5f/5fd3f987b3721ae098042845d2f7712512633bc8
2026-09-08T22:59:35.1848850+00:00 Information System.Net.Http.HttpClient.MinecraftRuntimeManager.ClientHandler Received HTTP response headers after 174.6464ms - 200
2026-09-08T22:59:35.1853653+00:00 Information System.Net.Http.HttpClient.MinecraftRuntimeManager.LogicalHandler End processing HTTP request after 175.7311ms - 200
2026-09-08T22:59:35.1952742+00:00 Information System.Net.Http.HttpClient.MinecraftRuntimeManager.LogicalHandler Start processing HTTP request GET https://resources.download.minecraft.net/eb/eb1a3915737d1366866bfa53b5f29a1630636915
2026-09-08T22:59:35.1957137+00:00 Information System.Net.Http.HttpClient.MinecraftRuntimeManager.ClientHandler Sending HTTP request GET https://resources.download.minecraft.net/eb/eb1a3915737d1366866bfa53b5f29a1630636915
2026-09-08T22:59:35.3696691+00:00 Information System.Net.Http.HttpClient.MinecraftRuntimeManager.ClientHandler Received HTTP response headers after 173.5438ms - 200
2026-09-08T22:59:35.3703292+00:00 Information System.Net.Http.HttpClient.MinecraftRuntimeManager.LogicalHandler End processing HTTP request after 174.9645ms - 200
2026-09-08T22:59:35.3793612+00:00 Information System.Net.Http.HttpClient.MinecraftRuntimeManager.LogicalHandler Start processing HTTP request GET https://resources.download.minecraft.net/a0/a0d8a6bb5ee5b1ed724c930ba0fcf4b33633a5f5
2026-09-08T22:59:35.3796299+00:00 Information System.Net.Http.HttpClient.MinecraftRuntimeManager.ClientHandler Sending HTTP request GET https://resources.download.minecraft.net/a0/a0d8a6bb5ee5b1ed724c930ba0fcf4b33633a5f5
2026-09-08T22:59:35.5517777+00:00 Information System.Net.Http.HttpClient.MinecraftRuntimeManager.ClientHandler Received HTTP response headers after 171.7893ms - 200
2026-09-08T22:59:35.5521152+00:00 Information System.Net.Http.HttpClient.MinecraftRuntimeManager.LogicalHandler End processing HTTP request after 172.7996ms - 200
2026-09-08T22:59:35.5616237+00:00 Information System.Net.Http.HttpClient.MinecraftRuntimeManager.LogicalHandler Start processing HTTP request GET https://resources.download.minecraft.net/03/03a9d41d398c7f8f0314a856982c94901279474d
2026-09-08T22:59:35.5620682+00:00 Information System.Net.Http.HttpClient.MinecraftRuntimeManager.ClientHandler Sending HTTP request GET https://resources.download.minecraft.net/03/03a9d41d398c7f8f0314a856982c94901279474d
2026-09-08T22:59:35.7360440+00:00 Information System.Net.Http.HttpClient.MinecraftRuntimeManager.ClientHandler Received HTTP response headers after 173.5563ms - 200
2026-09-08T22:59:35.7363937+00:00 Information System.Net.Http.HttpClient.MinecraftRuntimeManager.LogicalHandler End processing HTTP request after 174.7975ms - 200
2026-09-08T22:59:35.7478743+00:00 Information System.Net.Http.HttpClient.MinecraftRuntimeManager.LogicalHandler Start processing HTTP request GET https://resources.download.minecraft.net/7e/7efe23d9b72b22045a45104e64696dc26d7a0868
2026-09-08T22:59:35.7481556+00:00 Information System.Net.Http.HttpClient.MinecraftRuntimeManager.ClientHandler Sending HTTP request GET https://resources.download.minecraft.net/7e/7efe23d9b72b22045a45104e64696dc26d7a0868
2026-09-08T22:59:35.9218784+00:00 Information System.Net.Http.HttpClient.MinecraftRuntimeManager.ClientHandler Received HTTP response headers after 173.3769ms - 200
2026-09-08T22:59:35.9222367+00:00 Information System.Net.Http.HttpClient.MinecraftRuntimeManager.LogicalHandler End processing HTTP request after 174.359ms - 200
2026-09-08T22:59:35.9318831+00:00 Information System.Net.Http.HttpClient.MinecraftRuntimeManager.LogicalHandler Start processing HTTP request GET https://resources.download.minecraft.net/19/199192a54b00af0f694cd069ceecee9394660c44
2026-09-08T22:59:35.9322898+00:00 Information System.Net.Http.HttpClient.MinecraftRuntimeManager.ClientHandler Sending HTTP request GET https://resources.download.minecraft.net/19/199192a54b00af0f694cd069ceecee9394660c44
2026-09-08T22:59:36.1051317+00:00 Information System.Net.Http.HttpClient.MinecraftRuntimeManager.ClientHandler Received HTTP response headers after 172.2843ms - 200
2026-09-08T22:59:36.1057140+00:00 Information System.Net.Http.HttpClient.MinecraftRuntimeManager.LogicalHandler End processing HTTP request after 173.8438ms - 200
2026-09-08T22:59:36.1142520+00:00 Information System.Net.Http.HttpClient.MinecraftRuntimeManager.LogicalHandler Start processing HTTP request GET https://resources.download.minecraft.net/c8/c8118021f93a6fad75cbb84525d9c621aeaa0c0d
2026-09-08T22:59:36.1145787+00:00 Information System.Net.Http.HttpClient.MinecraftRuntimeManager.ClientHandler Sending HTTP request GET https://resources.download.minecraft.net/c8/c8118021f93a6fad75cbb84525d9c621aeaa0c0d
2026-09-08T22:59:36.2881718+00:00 Information System.Net.Http.HttpClient.MinecraftRuntimeManager.ClientHandler Received HTTP response headers after 173.2376ms - 200
2026-09-08T22:59:36.2886128+00:00 Information System.Net.Http.HttpClient.MinecraftRuntimeManager.LogicalHandler End processing HTTP request after 174.3912ms - 200
2026-09-08T22:59:36.3005169+00:00 Information System.Net.Http.HttpClient.MinecraftRuntimeManager.LogicalHandler Start processing HTTP request GET https://resources.download.minecraft.net/5a/5aeca4ea83856cb034b6e3a5e3e89ba8f8d51b20
2026-09-08T22:59:36.3008969+00:00 Information System.Net.Http.HttpClient.MinecraftRuntimeManager.ClientHandler Sending HTTP request GET https://resources.download.minecraft.net/5a/5aeca4ea83856cb034b6e3a5e3e89ba8f8d51b20
2026-09-08T22:59:36.4751199+00:00 Information System.Net.Http.HttpClient.MinecraftRuntimeManager.ClientHandler Received HTTP response headers after 173.8328ms - 200
2026-09-08T22:59:36.4755739+00:00 Information System.Net.Http.HttpClient.MinecraftRuntimeManager.LogicalHandler End processing HTTP request after 175.1178ms - 200
2026-09-08T22:59:36.4851745+00:00 Information System.Net.Http.HttpClient.MinecraftRuntimeManager.LogicalHandler Start processing HTTP request GET https://resources.download.minecraft.net/a3/a3bc38acc39bc46a60e898198fed9a72e558357b
2026-09-08T22:59:36.4856851+00:00 Information System.Net.Http.HttpClient.MinecraftRuntimeManager.ClientHandler Sending HTTP request GET https://resources.download.minecraft.net/a3/a3bc38acc39bc46a60e898198fed9a72e558357b
2026-09-08T22:59:36.6576252+00:00 Information System.Net.Http.HttpClient.MinecraftRuntimeManager.ClientHandler Received HTTP response headers after 171.5795ms - 200
2026-09-08T22:59:36.6579794+00:00 Information System.Net.Http.HttpClient.MinecraftRuntimeManager.LogicalHandler End processing HTTP request after 172.9291ms - 200
2026-09-08T22:59:36.6676625+00:00 Information System.Net.Http.HttpClient.MinecraftRuntimeManager.LogicalHandler Start processing HTTP request GET https://resources.download.minecraft.net/cf/cf86f59e613b14c6613ae3ded2cee54ea3a9fee5
2026-09-08T22:59:36.6680751+00:00 Information System.Net.Http.HttpClient.MinecraftRuntimeManager.ClientHandler Sending HTTP request GET https://resources.download.minecraft.net/cf/cf86f59e613b14c6613ae3ded2cee54ea3a9fee5
2026-09-08T22:59:36.8419900+00:00 Information System.Net.Http.HttpClient.MinecraftRuntimeManager.ClientHandler Received HTTP response headers after 173.4163ms - 200
2026-09-08T22:59:36.8424782+00:00 Information System.Net.Http.HttpClient.MinecraftRuntimeManager.LogicalHandler End processing HTTP request after 174.8988ms - 200
2026-09-08T22:59:36.8502615+00:00 Information System.Net.Http.HttpClient.MinecraftRuntimeManager.LogicalHandler Start processing HTTP request GET https://resources.download.minecraft.net/ac/ac01c4ca5d02703c0f1c450fbc976aa12324804f
2026-09-08T22:59:36.8505566+00:00 Information System.Net.Http.HttpClient.MinecraftRuntimeManager.ClientHandler Sending HTTP request GET https://resources.download.minecraft.net/ac/ac01c4ca5d02703c0f1c450fbc976aa12324804f
2026-09-08T22:59:37.0239593+00:00 Information System.Net.Http.HttpClient.MinecraftRuntimeManager.ClientHandler Received HTTP response headers after 173.088ms - 200
2026-09-08T22:59:37.0243636+00:00 Information System.Net.Http.HttpClient.MinecraftRuntimeManager.LogicalHandler End processing HTTP request after 174.1175ms - 200
2026-09-08T22:59:37.0328889+00:00 Information System.Net.Http.HttpClient.MinecraftRuntimeManager.LogicalHandler Start processing HTTP request GET https://resources.download.minecraft.net/bd/bd58021f2a66566eaa169d5847a47e334b6ed62e
2026-09-08T22:59:37.0332918+00:00 Information System.Net.Http.HttpClient.MinecraftRuntimeManager.ClientHandler Sending HTTP request GET https://resources.download.minecraft.net/bd/bd58021f2a66566eaa169d5847a47e334b6ed62e
2026-09-08T22:59:37.2067871+00:00 Information System.Net.Http.HttpClient.MinecraftRuntimeManager.ClientHandler Received HTTP response headers after 173.0278ms - 200
2026-09-08T22:59:37.2071045+00:00 Information System.Net.Http.HttpClient.MinecraftRuntimeManager.LogicalHandler End processing HTTP request after 174.2727ms - 200
2026-09-08T22:59:37.2180210+00:00 Information System.Net.Http.HttpClient.MinecraftRuntimeManager.LogicalHandler Start processing HTTP request GET https://resources.download.minecraft.net/54/542e425cc25aca4e3be5ab3c55c64f55a4ea0faf
2026-09-08T22:59:37.2182776+00:00 Information System.Net.Http.HttpClient.MinecraftRuntimeManager.ClientHandler Sending HTTP request GET https://resources.download.minecraft.net/54/542e425cc25aca4e3be5ab3c55c64f55a4ea0faf
2026-09-08T22:59:37.3900850+00:00 Information System.Net.Http.HttpClient.MinecraftRuntimeManager.ClientHandler Received HTTP response headers after 171.3241ms - 200
2026-09-08T22:59:37.3906514+00:00 Information System.Net.Http.HttpClient.MinecraftRuntimeManager.LogicalHandler End processing HTTP request after 172.6228ms - 200
2026-09-08T22:59:37.3991149+00:00 Information System.Net.Http.HttpClient.MinecraftRuntimeManager.LogicalHandler Start processing HTTP request GET https://resources.download.minecraft.net/1f/1fa5512b2716f07b61dce51fb478b550f862e82a
2026-09-08T22:59:37.3995053+00:00 Information System.Net.Http.HttpClient.MinecraftRuntimeManager.ClientHandler Sending HTTP request GET https://resources.download.minecraft.net/1f/1fa5512b2716f07b61dce51fb478b550f862e82a
2026-09-08T22:59:37.5735735+00:00 Information System.Net.Http.HttpClient.MinecraftRuntimeManager.ClientHandler Received HTTP response headers after 173.5283ms - 200
2026-09-08T22:59:37.5739253+00:00 Information System.Net.Http.HttpClient.MinecraftRuntimeManager.LogicalHandler End processing HTTP request after 174.863ms - 200
2026-09-08T22:59:37.5840154+00:00 Information System.Net.Http.HttpClient.MinecraftRuntimeManager.LogicalHandler Start processing HTTP request GET https://resources.download.minecraft.net/0d/0ddd6d05032fb79fcaab212baffc2df7d862a81f
2026-09-08T22:59:37.5844322+00:00 Information System.Net.Http.HttpClient.MinecraftRuntimeManager.ClientHandler Sending HTTP request GET https://resources.download.minecraft.net/0d/0ddd6d05032fb79fcaab212baffc2df7d862a81f
2026-09-08T22:59:37.7580088+00:00 Information System.Net.Http.HttpClient.MinecraftRuntimeManager.ClientHandler Received HTTP response headers after 173.17ms - 200
2026-09-08T22:59:37.7585077+00:00 Information System.Net.Http.HttpClient.MinecraftRuntimeManager.LogicalHandler End processing HTTP request after 174.5478ms - 200
2026-09-08T22:59:37.7677354+00:00 Information System.Net.Http.HttpClient.MinecraftRuntimeManager.LogicalHandler Start processing HTTP request GET https://resources.download.minecraft.net/15/153ba5b4a11fce37475b859dacae266d1366c8f4
2026-09-08T22:59:37.7680938+00:00 Information System.Net.Http.HttpClient.MinecraftRuntimeManager.ClientHandler Sending HTTP request GET https://resources.download.minecraft.net/15/153ba5b4a11fce37475b859dacae266d1366c8f4
2026-09-08T22:59:37.9415483+00:00 Information System.Net.Http.HttpClient.MinecraftRuntimeManager.ClientHandler Received HTTP response headers after 173.0856ms - 200
2026-09-08T22:59:37.9419249+00:00 Information System.Net.Http.HttpClient.MinecraftRuntimeManager.LogicalHandler End processing HTTP request after 174.2287ms - 200
2026-09-08T22:59:37.9500739+00:00 Information System.Net.Http.HttpClient.MinecraftRuntimeManager.LogicalHandler Start processing HTTP request GET https://resources.download.minecraft.net/61/61ece0b224e4ee791e0c980368fb2c8c884502a1
2026-09-08T22:59:37.9504336+00:00 Information System.Net.Http.HttpClient.MinecraftRuntimeManager.ClientHandler Sending HTTP request GET https://resources.download.minecraft.net/61/61ece0b224e4ee791e0c980368fb2c8c884502a1
2026-09-08T22:59:38.1248185+00:00 Information System.Net.Http.HttpClient.MinecraftRuntimeManager.ClientHandler Received HTTP response headers after 173.9708ms - 200
2026-09-08T22:59:38.1252519+00:00 Information System.Net.Http.HttpClient.MinecraftRuntimeManager.LogicalHandler End processing HTTP request after 175.1798ms - 200
2026-09-08T22:59:38.1373533+00:00 Information System.Net.Http.HttpClient.MinecraftRuntimeManager.LogicalHandler Start processing HTTP request GET https://resources.download.minecraft.net/67/678f2973656a3677ceda6dd1a7a627009e7826fa
2026-09-08T22:59:38.1376770+00:00 Information System.Net.Http.HttpClient.MinecraftRuntimeManager.ClientHandler Sending HTTP request GET https://resources.download.minecraft.net/67/678f2973656a3677ceda6dd1a7a627009e7826fa
2026-09-08T22:59:38.3117971+00:00 Information System.Net.Http.HttpClient.MinecraftRuntimeManager.ClientHandler Received HTTP response headers after 173.7191ms - 200
2026-09-08T22:59:38.3121063+00:00 Information System.Net.Http.HttpClient.MinecraftRuntimeManager.LogicalHandler End processing HTTP request after 174.8205ms - 200
2026-09-08T22:59:38.3213731+00:00 Information System.Net.Http.HttpClient.MinecraftRuntimeManager.LogicalHandler Start processing HTTP request GET https://resources.download.minecraft.net/84/8464cd8b4512c7770ba0145d28ad96a4b6e2a420
2026-09-08T22:59:38.3217337+00:00 Information System.Net.Http.HttpClient.MinecraftRuntimeManager.ClientHandler Sending HTTP request GET https://resources.download.minecraft.net/84/8464cd8b4512c7770ba0145d28ad96a4b6e2a420
2026-09-08T22:59:38.4957877+00:00 Information System.Net.Http.HttpClient.MinecraftRuntimeManager.ClientHandler Received HTTP response headers after 173.7001ms - 200
2026-09-08T22:59:38.4962201+00:00 Information System.Net.Http.HttpClient.MinecraftRuntimeManager.LogicalHandler End processing HTTP request after 174.9156ms - 200
2026-09-08T22:59:38.5072077+00:00 Information System.Net.Http.HttpClient.MinecraftRuntimeManager.LogicalHandler Start processing HTTP request GET https://resources.download.minecraft.net/f5/f5d11e6fbcf2f6c7a9cfcfb2a1fa8bd04a8b6a09
2026-09-08T22:59:38.5075348+00:00 Information System.Net.Http.HttpClient.MinecraftRuntimeManager.ClientHandler Sending HTTP request GET https://resources.download.minecraft.net/f5/f5d11e6fbcf2f6c7a9cfcfb2a1fa8bd04a8b6a09
2026-09-08T22:59:38.6813070+00:00 Information System.Net.Http.HttpClient.MinecraftRuntimeManager.ClientHandler Received HTTP response headers after 173.0696ms - 200
2026-09-08T22:59:38.6817924+00:00 Information System.Net.Http.HttpClient.MinecraftRuntimeManager.LogicalHandler End processing HTTP request after 174.5765ms - 200
2026-09-08T22:59:38.6919152+00:00 Information System.Net.Http.HttpClient.MinecraftRuntimeManager.LogicalHandler Start processing HTTP request GET https://resources.download.minecraft.net/f9/f952435fe498a16b50688fd485ee4122b15db98b
2026-09-08T22:59:38.6921799+00:00 Information System.Net.Http.HttpClient.MinecraftRuntimeManager.ClientHandler Sending HTTP request GET https://resources.download.minecraft.net/f9/f952435fe498a16b50688fd485ee4122b15db98b
2026-09-08T22:59:38.8678094+00:00 Information System.Net.Http.HttpClient.MinecraftRuntimeManager.ClientHandler Received HTTP response headers after 175.2824ms - 200
2026-09-08T22:59:38.8682730+00:00 Information System.Net.Http.HttpClient.MinecraftRuntimeManager.LogicalHandler End processing HTTP request after 176.3984ms - 200
2026-09-08T22:59:38.8798589+00:00 Information System.Net.Http.HttpClient.MinecraftRuntimeManager.LogicalHandler Start processing HTTP request GET https://resources.download.minecraft.net/04/041f0695d89cb8ae810e6fa8c968828c7b6f14f2
2026-09-08T22:59:38.8801806+00:00 Information System.Net.Http.HttpClient.MinecraftRuntimeManager.ClientHandler Sending HTTP request GET https://resources.download.minecraft.net/04/041f0695d89cb8ae810e6fa8c968828c7b6f14f2
2026-09-08T22:59:39.0529715+00:00 Information System.Net.Http.HttpClient.MinecraftRuntimeManager.ClientHandler Received HTTP response headers after 172.402ms - 200
2026-09-08T22:59:39.0533577+00:00 Information System.Net.Http.HttpClient.MinecraftRuntimeManager.LogicalHandler End processing HTTP request after 173.5483ms - 200
2026-09-08T22:59:39.0624140+00:00 Information System.Net.Http.HttpClient.MinecraftRuntimeManager.LogicalHandler Start processing HTTP request GET https://resources.download.minecraft.net/cf/cf35358b1ef2b2a2cca95d4fe12ff449333bad45
2026-09-08T22:59:39.0627083+00:00 Information System.Net.Http.HttpClient.MinecraftRuntimeManager.ClientHandler Sending HTTP request GET https://resources.download.minecraft.net/cf/cf35358b1ef2b2a2cca95d4fe12ff449333bad45
2026-09-08T22:59:39.2368258+00:00 Information System.Net.Http.HttpClient.MinecraftRuntimeManager.ClientHandler Received HTTP response headers after 173.6515ms - 200
2026-09-08T22:59:39.2377695+00:00 Information System.Net.Http.HttpClient.MinecraftRuntimeManager.LogicalHandler End processing HTTP request after 175.314ms - 200
2026-09-08T22:59:39.2487398+00:00 Information System.Net.Http.HttpClient.MinecraftRuntimeManager.LogicalHandler Start processing HTTP request GET https://resources.download.minecraft.net/fb/fb9da3e4f5ef68c7f2f51152bbf3770d052bef8a
2026-09-08T22:59:39.2491067+00:00 Information System.Net.Http.HttpClient.MinecraftRuntimeManager.ClientHandler Sending HTTP request GET https://resources.download.minecraft.net/fb/fb9da3e4f5ef68c7f2f51152bbf3770d052bef8a
2026-09-08T22:59:39.4230775+00:00 Information System.Net.Http.HttpClient.MinecraftRuntimeManager.ClientHandler Received HTTP response headers after 173.2978ms - 200
2026-09-08T22:59:39.4233898+00:00 Information System.Net.Http.HttpClient.MinecraftRuntimeManager.LogicalHandler End processing HTTP request after 174.7305ms - 200
2026-09-08T22:59:39.4332259+00:00 Information System.Net.Http.HttpClient.MinecraftRuntimeManager.LogicalHandler Start processing HTTP request GET https://resources.download.minecraft.net/61/61e6dd472994567359f850973bef350c1e7dd930
2026-09-08T22:59:39.4335010+00:00 Information System.Net.Http.HttpClient.MinecraftRuntimeManager.ClientHandler Sending HTTP request GET https://resources.download.minecraft.net/61/61e6dd472994567359f850973bef350c1e7dd930
2026-09-08T22:59:39.6071241+00:00 Information System.Net.Http.HttpClient.MinecraftRuntimeManager.ClientHandler Received HTTP response headers after 173.1269ms - 200
2026-09-08T22:59:39.6075914+00:00 Information System.Net.Http.HttpClient.MinecraftRuntimeManager.LogicalHandler End processing HTTP request after 174.4ms - 200
2026-09-08T22:59:39.6157371+00:00 Information System.Net.Http.HttpClient.MinecraftRuntimeManager.LogicalHandler Start processing HTTP request GET https://resources.download.minecraft.net/40/408ed2c778ee54d75c772ceca260554add920a85
2026-09-08T22:59:39.6160294+00:00 Information System.Net.Http.HttpClient.MinecraftRuntimeManager.ClientHandler Sending HTTP request GET https://resources.download.minecraft.net/40/408ed2c778ee54d75c772ceca260554add920a85
2026-09-08T22:59:39.7895550+00:00 Information System.Net.Http.HttpClient.MinecraftRuntimeManager.ClientHandler Received HTTP response headers after 173.2008ms - 200
2026-09-08T22:59:39.7899173+00:00 Information System.Net.Http.HttpClient.MinecraftRuntimeManager.LogicalHandler End processing HTTP request after 174.1901ms - 200
2026-09-08T22:59:39.8000435+00:00 Information System.Net.Http.HttpClient.MinecraftRuntimeManager.LogicalHandler Start processing HTTP request GET https://resources.download.minecraft.net/de/ded8cd2d9d1835b1868b7c740f47cb02e7cf51f2
2026-09-08T22:59:39.8003986+00:00 Information System.Net.Http.HttpClient.MinecraftRuntimeManager.ClientHandler Sending HTTP request GET https://resources.download.minecraft.net/de/ded8cd2d9d1835b1868b7c740f47cb02e7cf51f2
2026-09-08T22:59:39.9746018+00:00 Information System.Net.Http.HttpClient.MinecraftRuntimeManager.ClientHandler Received HTTP response headers after 173.849ms - 200
2026-09-08T22:59:39.9749847+00:00 Information System.Net.Http.HttpClient.MinecraftRuntimeManager.LogicalHandler End processing HTTP request after 174.9992ms - 200
2026-09-08T22:59:39.9836180+00:00 Information System.Net.Http.HttpClient.MinecraftRuntimeManager.LogicalHandler Start processing HTTP request GET https://resources.download.minecraft.net/47/47676e0ac57616b21d42e7d805a5ff8a5fa1305b
2026-09-08T22:59:39.9839105+00:00 Information System.Net.Http.HttpClient.MinecraftRuntimeManager.ClientHandler Sending HTTP request GET https://resources.download.minecraft.net/47/47676e0ac57616b21d42e7d805a5ff8a5fa1305b
2026-09-08T22:59:40.1576274+00:00 Information System.Net.Http.HttpClient.MinecraftRuntimeManager.ClientHandler Received HTTP response headers after 173.3762ms - 200
2026-09-08T22:59:40.1579262+00:00 Information System.Net.Http.HttpClient.MinecraftRuntimeManager.LogicalHandler End processing HTTP request after 174.3468ms - 200
2026-09-08T22:59:40.1696606+00:00 Information System.Net.Http.HttpClient.MinecraftRuntimeManager.LogicalHandler Start processing HTTP request GET https://resources.download.minecraft.net/37/378a4a01f9dfef97a93f7bd9f9b22d45ad4b863d
2026-09-08T22:59:40.1699862+00:00 Information System.Net.Http.HttpClient.MinecraftRuntimeManager.ClientHandler Sending HTTP request GET https://resources.download.minecraft.net/37/378a4a01f9dfef97a93f7bd9f9b22d45ad4b863d
2026-09-08T22:59:40.3427778+00:00 Information System.Net.Http.HttpClient.MinecraftRuntimeManager.ClientHandler Received HTTP response headers after 172.3838ms - 200
2026-09-08T22:59:40.3432187+00:00 Information System.Net.Http.HttpClient.MinecraftRuntimeManager.LogicalHandler End processing HTTP request after 173.5517ms - 200
2026-09-08T22:59:40.3534555+00:00 Information System.Net.Http.HttpClient.MinecraftRuntimeManager.LogicalHandler Start processing HTTP request GET https://resources.download.minecraft.net/6a/6a0e71c3d6e23485c1b0254ff0beed270bd4ba34
2026-09-08T22:59:40.3537671+00:00 Information System.Net.Http.HttpClient.MinecraftRuntimeManager.ClientHandler Sending HTTP request GET https://resources.download.minecraft.net/6a/6a0e71c3d6e23485c1b0254ff0beed270bd4ba34
2026-09-08T22:59:40.5274600+00:00 Information System.Net.Http.HttpClient.MinecraftRuntimeManager.ClientHandler Received HTTP response headers after 173.3782ms - 200
2026-09-08T22:59:40.5279168+00:00 Information System.Net.Http.HttpClient.MinecraftRuntimeManager.LogicalHandler End processing HTTP request after 174.4363ms - 200
2026-09-08T22:59:40.5394583+00:00 Information System.Net.Http.HttpClient.MinecraftRuntimeManager.LogicalHandler Start processing HTTP request GET https://resources.download.minecraft.net/d1/d1c8695c6687c0bf319021e74d1ce63e2cc0e478
2026-09-08T22:59:40.5398042+00:00 Information System.Net.Http.HttpClient.MinecraftRuntimeManager.ClientHandler Sending HTTP request GET https://resources.download.minecraft.net/d1/d1c8695c6687c0bf319021e74d1ce63e2cc0e478
2026-09-08T22:59:40.7139879+00:00 Information System.Net.Http.HttpClient.MinecraftRuntimeManager.ClientHandler Received HTTP response headers after 173.7458ms - 200
2026-09-08T22:59:40.7143245+00:00 Information System.Net.Http.HttpClient.MinecraftRuntimeManager.LogicalHandler End processing HTTP request after 174.9159ms - 200
2026-09-08T22:59:40.7229737+00:00 Information System.Net.Http.HttpClient.MinecraftRuntimeManager.LogicalHandler Start processing HTTP request GET https://resources.download.minecraft.net/84/84c5fb24d576619b86549cb0d677a7c2437d0211
2026-09-08T22:59:40.7232927+00:00 Information System.Net.Http.HttpClient.MinecraftRuntimeManager.ClientHandler Sending HTTP request GET https://resources.download.minecraft.net/84/84c5fb24d576619b86549cb0d677a7c2437d0211
2026-09-08T22:59:40.8992128+00:00 Information System.Net.Http.HttpClient.MinecraftRuntimeManager.ClientHandler Received HTTP response headers after 175.5484ms - 200
2026-09-08T22:59:40.8996083+00:00 Information System.Net.Http.HttpClient.MinecraftRuntimeManager.LogicalHandler End processing HTTP request after 176.6442ms - 200
2026-09-08T22:59:40.9096114+00:00 Information System.Net.Http.HttpClient.MinecraftRuntimeManager.LogicalHandler Start processing HTTP request GET https://resources.download.minecraft.net/3f/3f12dd73fc614d4adc209fba547f5e33436cad39
2026-09-08T22:59:40.9099567+00:00 Information System.Net.Http.HttpClient.MinecraftRuntimeManager.ClientHandler Sending HTTP request GET https://resources.download.minecraft.net/3f/3f12dd73fc614d4adc209fba547f5e33436cad39
2026-09-08T22:59:41.0894924+00:00 Information System.Net.Http.HttpClient.MinecraftRuntimeManager.ClientHandler Received HTTP response headers after 179.1692ms - 200
2026-09-08T22:59:41.0902258+00:00 Information System.Net.Http.HttpClient.MinecraftRuntimeManager.LogicalHandler End processing HTTP request after 180.3903ms - 200
2026-09-08T22:59:41.1000811+00:00 Information System.Net.Http.HttpClient.MinecraftRuntimeManager.LogicalHandler Start processing HTTP request GET https://resources.download.minecraft.net/ac/aceb6b272d7396ac4a79e79bf702807fcdfa89a4
2026-09-08T22:59:41.1004146+00:00 Information System.Net.Http.HttpClient.MinecraftRuntimeManager.ClientHandler Sending HTTP request GET https://resources.download.minecraft.net/ac/aceb6b272d7396ac4a79e79bf702807fcdfa89a4
2026-09-08T22:59:41.2742687+00:00 Information System.Net.Http.HttpClient.MinecraftRuntimeManager.ClientHandler Received HTTP response headers after 173.5281ms - 200
2026-09-08T22:59:41.2746689+00:00 Information System.Net.Http.HttpClient.MinecraftRuntimeManager.LogicalHandler End processing HTTP request after 174.6128ms - 200
2026-09-08T22:59:41.2839200+00:00 Information System.Net.Http.HttpClient.MinecraftRuntimeManager.LogicalHandler Start processing HTTP request GET https://resources.download.minecraft.net/dd/ddbbe00bc9961d220a5281295f9a79826f9dd4ff
2026-09-08T22:59:41.2841893+00:00 Information System.Net.Http.HttpClient.MinecraftRuntimeManager.ClientHandler Sending HTTP request GET https://resources.download.minecraft.net/dd/ddbbe00bc9961d220a5281295f9a79826f9dd4ff
2026-09-08T22:59:41.4584232+00:00 Information System.Net.Http.HttpClient.MinecraftRuntimeManager.ClientHandler Received HTTP response headers after 173.6788ms - 200
2026-09-08T22:59:41.4588263+00:00 Information System.Net.Http.HttpClient.MinecraftRuntimeManager.LogicalHandler End processing HTTP request after 174.9426ms - 200
2026-09-08T22:59:41.4698785+00:00 Information System.Net.Http.HttpClient.MinecraftRuntimeManager.LogicalHandler Start processing HTTP request GET https://resources.download.minecraft.net/33/337012cc85cea8ad09ac2bf0074be833477b3c6b
2026-09-08T22:59:41.4701968+00:00 Information System.Net.Http.HttpClient.MinecraftRuntimeManager.ClientHandler Sending HTTP request GET https://resources.download.minecraft.net/33/337012cc85cea8ad09ac2bf0074be833477b3c6b
2026-09-08T22:59:41.6442847+00:00 Information System.Net.Http.HttpClient.MinecraftRuntimeManager.ClientHandler Received HTTP response headers after 173.755ms - 200
2026-09-08T22:59:41.6447593+00:00 Information System.Net.Http.HttpClient.MinecraftRuntimeManager.LogicalHandler End processing HTTP request after 174.8761ms - 200
2026-09-08T22:59:41.6547614+00:00 Information System.Net.Http.HttpClient.MinecraftRuntimeManager.LogicalHandler Start processing HTTP request GET https://resources.download.minecraft.net/c1/c1d5e6e41efdc8b81c44d4048cf9411a1ed078e8
2026-09-08T22:59:41.6550541+00:00 Information System.Net.Http.HttpClient.MinecraftRuntimeManager.ClientHandler Sending HTTP request GET https://resources.download.minecraft.net/c1/c1d5e6e41efdc8b81c44d4048cf9411a1ed078e8
2026-09-08T22:59:41.8294988+00:00 Information System.Net.Http.HttpClient.MinecraftRuntimeManager.ClientHandler Received HTTP response headers after 174.1243ms - 200
2026-09-08T22:59:41.8298873+00:00 Information System.Net.Http.HttpClient.MinecraftRuntimeManager.LogicalHandler End processing HTTP request after 175.1461ms - 200
2026-09-08T22:59:41.8396845+00:00 Information System.Net.Http.HttpClient.MinecraftRuntimeManager.LogicalHandler Start processing HTTP request GET https://resources.download.minecraft.net/19/191510085f615e2d44136f45c41dd19aecf601e5
2026-09-08T22:59:41.8400383+00:00 Information System.Net.Http.HttpClient.MinecraftRuntimeManager.ClientHandler Sending HTTP request GET https://resources.download.minecraft.net/19/191510085f615e2d44136f45c41dd19aecf601e5
2026-09-08T22:59:42.0128180+00:00 Information System.Net.Http.HttpClient.MinecraftRuntimeManager.ClientHandler Received HTTP response headers after 172.2746ms - 200
2026-09-08T22:59:42.0131176+00:00 Information System.Net.Http.HttpClient.MinecraftRuntimeManager.LogicalHandler End processing HTTP request after 173.5162ms - 200
2026-09-08T22:59:42.0293378+00:00 Information System.Net.Http.HttpClient.MinecraftRuntimeManager.LogicalHandler Start processing HTTP request GET https://resources.download.minecraft.net/8f/8f02296baf6e500731ba79c87a39ce1188bd3c93
2026-09-08T22:59:42.0298688+00:00 Information System.Net.Http.HttpClient.MinecraftRuntimeManager.ClientHandler Sending HTTP request GET https://resources.download.minecraft.net/8f/8f02296baf6e500731ba79c87a39ce1188bd3c93
2026-09-08T22:59:42.2040084+00:00 Information System.Net.Http.HttpClient.MinecraftRuntimeManager.ClientHandler Received HTTP response headers after 173.7313ms - 200
2026-09-08T22:59:42.2043276+00:00 Information System.Net.Http.HttpClient.MinecraftRuntimeManager.LogicalHandler End processing HTTP request after 175.0515ms - 200
2026-09-08T22:59:42.2501916+00:00 Information System.Net.Http.HttpClient.MinecraftRuntimeManager.LogicalHandler Start processing HTTP request GET https://resources.download.minecraft.net/38/385211c4a419a4613f311e45cd070e442e6a8a53
2026-09-08T22:59:42.2505527+00:00 Information System.Net.Http.HttpClient.MinecraftRuntimeManager.ClientHandler Sending HTTP request GET https://resources.download.minecraft.net/38/385211c4a419a4613f311e45cd070e442e6a8a53
2026-09-08T22:59:42.4254873+00:00 Information System.Net.Http.HttpClient.MinecraftRuntimeManager.ClientHandler Received HTTP response headers after 174.5562ms - 200
2026-09-08T22:59:42.4259307+00:00 Information System.Net.Http.HttpClient.MinecraftRuntimeManager.LogicalHandler End processing HTTP request after 175.8037ms - 200
2026-09-08T22:59:42.4410373+00:00 Information System.Net.Http.HttpClient.MinecraftRuntimeManager.LogicalHandler Start processing HTTP request GET https://resources.download.minecraft.net/f5/f524f055d0caa8764e472ab1bfc822ab8d631177
2026-09-08T22:59:42.4413896+00:00 Information System.Net.Http.HttpClient.MinecraftRuntimeManager.ClientHandler Sending HTTP request GET https://resources.download.minecraft.net/f5/f524f055d0caa8764e472ab1bfc822ab8d631177
2026-09-08T22:59:42.6145507+00:00 Information System.Net.Http.HttpClient.MinecraftRuntimeManager.ClientHandler Received HTTP response headers after 172.8181ms - 200
2026-09-08T22:59:42.6148748+00:00 Information System.Net.Http.HttpClient.MinecraftRuntimeManager.LogicalHandler End processing HTTP request after 173.9466ms - 200
2026-09-08T22:59:42.6376454+00:00 Information System.Net.Http.HttpClient.MinecraftRuntimeManager.LogicalHandler Start processing HTTP request GET https://resources.download.minecraft.net/99/99462b03d2b63e37a0e737e6053c883b41c953a6
2026-09-08T22:59:42.6378911+00:00 Information System.Net.Http.HttpClient.MinecraftRuntimeManager.ClientHandler Sending HTTP request GET https://resources.download.minecraft.net/99/99462b03d2b63e37a0e737e6053c883b41c953a6
2026-09-08T22:59:42.8108542+00:00 Information System.Net.Http.HttpClient.MinecraftRuntimeManager.ClientHandler Received HTTP response headers after 172.6338ms - 200
2026-09-08T22:59:42.8111563+00:00 Information System.Net.Http.HttpClient.MinecraftRuntimeManager.LogicalHandler End processing HTTP request after 173.5545ms - 200
2026-09-08T22:59:42.8312725+00:00 Information System.Net.Http.HttpClient.MinecraftRuntimeManager.LogicalHandler Start processing HTTP request GET https://resources.download.minecraft.net/70/70404bf7f36e330293abe69d4afa6d615b5a38fe
2026-09-08T22:59:42.8315227+00:00 Information System.Net.Http.HttpClient.MinecraftRuntimeManager.ClientHandler Sending HTTP request GET https://resources.download.minecraft.net/70/70404bf7f36e330293abe69d4afa6d615b5a38fe
2026-09-08T22:59:43.0051907+00:00 Information System.Net.Http.HttpClient.MinecraftRuntimeManager.ClientHandler Received HTTP response headers after 173.2535ms - 200
2026-09-08T22:59:43.0057842+00:00 Information System.Net.Http.HttpClient.MinecraftRuntimeManager.LogicalHandler End processing HTTP request after 174.433ms - 200
2026-09-08T22:59:43.0253415+00:00 Information System.Net.Http.HttpClient.MinecraftRuntimeManager.LogicalHandler Start processing HTTP request GET https://resources.download.minecraft.net/92/92e5c59c01a77c6b8e3520166a99d4c85fabd32b
2026-09-08T22:59:43.0257060+00:00 Information System.Net.Http.HttpClient.MinecraftRuntimeManager.ClientHandler Sending HTTP request GET https://resources.download.minecraft.net/92/92e5c59c01a77c6b8e3520166a99d4c85fabd32b
2026-09-08T22:59:43.1974697+00:00 Information System.Net.Http.HttpClient.MinecraftRuntimeManager.ClientHandler Received HTTP response headers after 171.3957ms - 200
2026-09-08T22:59:43.1978038+00:00 Information System.Net.Http.HttpClient.MinecraftRuntimeManager.LogicalHandler End processing HTTP request after 172.4588ms - 200
2026-09-08T22:59:43.2065418+00:00 Information System.Net.Http.HttpClient.MinecraftRuntimeManager.LogicalHandler Start processing HTTP request GET https://resources.download.minecraft.net/ba/babba94d1823b3a43dfe1e32b55263f391568c39
2026-09-08T22:59:43.2067872+00:00 Information System.Net.Http.HttpClient.MinecraftRuntimeManager.ClientHandler Sending HTTP request GET https://resources.download.minecraft.net/ba/babba94d1823b3a43dfe1e32b55263f391568c39
2026-09-08T22:59:43.3788507+00:00 Information System.Net.Http.HttpClient.MinecraftRuntimeManager.ClientHandler Received HTTP response headers after 171.3881ms - 200
2026-09-08T22:59:43.3797664+00:00 Information System.Net.Http.HttpClient.MinecraftRuntimeManager.LogicalHandler End processing HTTP request after 173.0615ms - 200
2026-09-08T22:59:43.3937857+00:00 Information System.Net.Http.HttpClient.MinecraftRuntimeManager.LogicalHandler Start processing HTTP request GET https://resources.download.minecraft.net/68/6876f57693dda08f22402814218e81a2a162b889
2026-09-08T22:59:43.3940572+00:00 Information System.Net.Http.HttpClient.MinecraftRuntimeManager.ClientHandler Sending HTTP request GET https://resources.download.minecraft.net/68/6876f57693dda08f22402814218e81a2a162b889
2026-09-08T22:59:43.5649663+00:00 Information System.Net.Http.HttpClient.MinecraftRuntimeManager.ClientHandler Received HTTP response headers after 170.5502ms - 200
2026-09-08T22:59:43.5652988+00:00 Information System.Net.Http.HttpClient.MinecraftRuntimeManager.LogicalHandler End processing HTTP request after 171.5555ms - 200
2026-09-08T22:59:43.5745211+00:00 Information System.Net.Http.HttpClient.MinecraftRuntimeManager.LogicalHandler Start processing HTTP request GET https://resources.download.minecraft.net/2e/2ed111eb51ab8c30bbf32da361b31f747f713ee2
2026-09-08T22:59:43.5748274+00:00 Information System.Net.Http.HttpClient.MinecraftRuntimeManager.ClientHandler Sending HTTP request GET https://resources.download.minecraft.net/2e/2ed111eb51ab8c30bbf32da361b31f747f713ee2
2026-09-08T22:59:43.7498980+00:00 Information System.Net.Http.HttpClient.MinecraftRuntimeManager.ClientHandler Received HTTP response headers after 174.6715ms - 200
2026-09-08T22:59:43.7503063+00:00 Information System.Net.Http.HttpClient.MinecraftRuntimeManager.LogicalHandler End processing HTTP request after 175.7839ms - 200
2026-09-08T22:59:43.7603527+00:00 Information System.Net.Http.HttpClient.MinecraftRuntimeManager.LogicalHandler Start processing HTTP request GET https://resources.download.minecraft.net/b4/b42ab99f7c5546d4ccc9e7bfe4dd2ae942abe5f3
2026-09-08T22:59:43.7606319+00:00 Information System.Net.Http.HttpClient.MinecraftRuntimeManager.ClientHandler Sending HTTP request GET https://resources.download.minecraft.net/b4/b42ab99f7c5546d4ccc9e7bfe4dd2ae942abe5f3
2026-09-08T22:59:43.9349524+00:00 Information System.Net.Http.HttpClient.MinecraftRuntimeManager.ClientHandler Received HTTP response headers after 173.9839ms - 200
2026-09-08T22:59:43.9353204+00:00 Information System.Net.Http.HttpClient.MinecraftRuntimeManager.LogicalHandler End processing HTTP request after 174.9576ms - 200
2026-09-08T22:59:43.9464246+00:00 Information System.Net.Http.HttpClient.MinecraftRuntimeManager.LogicalHandler Start processing HTTP request GET https://resources.download.minecraft.net/89/89dcde689715952f9bd96b5a2e02bb0a22b5870e
2026-09-08T22:59:43.9466913+00:00 Information System.Net.Http.HttpClient.MinecraftRuntimeManager.ClientHandler Sending HTTP request GET https://resources.download.minecraft.net/89/89dcde689715952f9bd96b5a2e02bb0a22b5870e
2026-09-08T22:59:44.1206542+00:00 Information System.Net.Http.HttpClient.MinecraftRuntimeManager.ClientHandler Received HTTP response headers after 173.6067ms - 200
2026-09-08T22:59:44.1211021+00:00 Information System.Net.Http.HttpClient.MinecraftRuntimeManager.LogicalHandler End processing HTTP request after 174.718ms - 200
2026-09-08T22:59:44.1294179+00:00 Information System.Net.Http.HttpClient.MinecraftRuntimeManager.LogicalHandler Start processing HTTP request GET https://resources.download.minecraft.net/4d/4dc5acc50501a33b6f85216e3344a9c08d0b0570
2026-09-08T22:59:44.1297127+00:00 Information System.Net.Http.HttpClient.MinecraftRuntimeManager.ClientHandler Sending HTTP request GET https://resources.download.minecraft.net/4d/4dc5acc50501a33b6f85216e3344a9c08d0b0570
2026-09-08T22:59:44.3030346+00:00 Information System.Net.Http.HttpClient.MinecraftRuntimeManager.ClientHandler Received HTTP response headers after 173.0069ms - 200
2026-09-08T22:59:44.3034183+00:00 Information System.Net.Http.HttpClient.MinecraftRuntimeManager.LogicalHandler End processing HTTP request after 174.0237ms - 200
2026-09-08T22:59:44.3184948+00:00 Information System.Net.Http.HttpClient.MinecraftRuntimeManager.LogicalHandler Start processing HTTP request GET https://resources.download.minecraft.net/c7/c72964143e2c5ea656f88d820937bb14275093db
2026-09-08T22:59:44.3188151+00:00 Information System.Net.Http.HttpClient.MinecraftRuntimeManager.ClientHandler Sending HTTP request GET https://resources.download.minecraft.net/c7/c72964143e2c5ea656f88d820937bb14275093db
2026-09-08T22:59:44.4922052+00:00 Information System.Net.Http.HttpClient.MinecraftRuntimeManager.ClientHandler Received HTTP response headers after 172.9597ms - 200
2026-09-08T22:59:44.4926522+00:00 Information System.Net.Http.HttpClient.MinecraftRuntimeManager.LogicalHandler End processing HTTP request after 174.1327ms - 200
2026-09-08T22:59:44.5003094+00:00 Information System.Net.Http.HttpClient.MinecraftRuntimeManager.LogicalHandler Start processing HTTP request GET https://resources.download.minecraft.net/64/64dac9f0ca2c90da7002d2db65ab70527fa78758
2026-09-08T22:59:44.5005718+00:00 Information System.Net.Http.HttpClient.MinecraftRuntimeManager.ClientHandler Sending HTTP request GET https://resources.download.minecraft.net/64/64dac9f0ca2c90da7002d2db65ab70527fa78758
2026-09-08T22:59:44.6740253+00:00 Information System.Net.Http.HttpClient.MinecraftRuntimeManager.ClientHandler Received HTTP response headers after 172.9736ms - 200
2026-09-08T22:59:44.6745152+00:00 Information System.Net.Http.HttpClient.MinecraftRuntimeManager.LogicalHandler End processing HTTP request after 174.1977ms - 200
2026-09-08T22:59:44.6832957+00:00 Information System.Net.Http.HttpClient.MinecraftRuntimeManager.LogicalHandler Start processing HTTP request GET https://resources.download.minecraft.net/aa/aa244e75b37714930d5a0c4d01c4921705d78e5f
2026-09-08T22:59:44.6836453+00:00 Information System.Net.Http.HttpClient.MinecraftRuntimeManager.ClientHandler Sending HTTP request GET https://resources.download.minecraft.net/aa/aa244e75b37714930d5a0c4d01c4921705d78e5f
2026-09-08T22:59:44.8574385+00:00 Information System.Net.Http.HttpClient.MinecraftRuntimeManager.ClientHandler Received HTTP response headers after 173.3159ms - 200
2026-09-08T22:59:44.8578506+00:00 Information System.Net.Http.HttpClient.MinecraftRuntimeManager.LogicalHandler End processing HTTP request after 174.5784ms - 200
2026-09-08T22:59:44.8704903+00:00 Information System.Net.Http.HttpClient.MinecraftRuntimeManager.LogicalHandler Start processing HTTP request GET https://resources.download.minecraft.net/df/df0659c8e7120b4a49050d8cbd344017c83beb62
2026-09-08T22:59:44.8707652+00:00 Information System.Net.Http.HttpClient.MinecraftRuntimeManager.ClientHandler Sending HTTP request GET https://resources.download.minecraft.net/df/df0659c8e7120b4a49050d8cbd344017c83beb62
2026-09-08T22:59:45.0445898+00:00 Information System.Net.Http.HttpClient.MinecraftRuntimeManager.ClientHandler Received HTTP response headers after 173.5068ms - 200
2026-09-08T22:59:45.0449662+00:00 Information System.Net.Http.HttpClient.MinecraftRuntimeManager.LogicalHandler End processing HTTP request after 174.4884ms - 200
2026-09-08T22:59:45.0615871+00:00 Information System.Net.Http.HttpClient.MinecraftRuntimeManager.LogicalHandler Start processing HTTP request GET https://resources.download.minecraft.net/c5/c5ec705763a6e1fe6e9578a00746b4cde7634929
2026-09-08T22:59:45.0618666+00:00 Information System.Net.Http.HttpClient.MinecraftRuntimeManager.ClientHandler Sending HTTP request GET https://resources.download.minecraft.net/c5/c5ec705763a6e1fe6e9578a00746b4cde7634929
2026-09-08T22:59:45.2355990+00:00 Information System.Net.Http.HttpClient.MinecraftRuntimeManager.ClientHandler Received HTTP response headers after 173.397ms - 200
2026-09-08T22:59:45.2359337+00:00 Information System.Net.Http.HttpClient.MinecraftRuntimeManager.LogicalHandler End processing HTTP request after 174.3755ms - 200
2026-09-08T22:59:45.2498925+00:00 Information System.Net.Http.HttpClient.MinecraftRuntimeManager.LogicalHandler Start processing HTTP request GET https://resources.download.minecraft.net/68/6863a95d23db5e180e1427c80175e246c8911fba
2026-09-08T22:59:45.2501875+00:00 Information System.Net.Http.HttpClient.MinecraftRuntimeManager.ClientHandler Sending HTTP request GET https://resources.download.minecraft.net/68/6863a95d23db5e180e1427c80175e246c8911fba
2026-09-08T22:59:45.4251144+00:00 Information System.Net.Http.HttpClient.MinecraftRuntimeManager.ClientHandler Received HTTP response headers after 174.382ms - 200
2026-09-08T22:59:45.4255789+00:00 Information System.Net.Http.HttpClient.MinecraftRuntimeManager.LogicalHandler End processing HTTP request after 175.6639ms - 200
2026-09-08T22:59:45.4438734+00:00 Information System.Net.Http.HttpClient.MinecraftRuntimeManager.LogicalHandler Start processing HTTP request GET https://resources.download.minecraft.net/50/503833660c919c6a48c885b601fc95f66c56db1e
2026-09-08T22:59:45.4441477+00:00 Information System.Net.Http.HttpClient.MinecraftRuntimeManager.ClientHandler Sending HTTP request GET https://resources.download.minecraft.net/50/503833660c919c6a48c885b601fc95f66c56db1e
2026-09-08T22:59:45.6163271+00:00 Information System.Net.Http.HttpClient.MinecraftRuntimeManager.ClientHandler Received HTTP response headers after 171.8166ms - 200
2026-09-08T22:59:45.6166757+00:00 Information System.Net.Http.HttpClient.MinecraftRuntimeManager.LogicalHandler End processing HTTP request after 172.8277ms - 200
2026-09-08T22:59:45.6253167+00:00 Information System.Net.Http.HttpClient.MinecraftRuntimeManager.LogicalHandler Start processing HTTP request GET https://resources.download.minecraft.net/37/371dddf142071e187d535c454744c77fde9e1142
2026-09-08T22:59:45.6256710+00:00 Information System.Net.Http.HttpClient.MinecraftRuntimeManager.ClientHandler Sending HTTP request GET https://resources.download.minecraft.net/37/371dddf142071e187d535c454744c77fde9e1142
2026-09-08T22:59:45.8001593+00:00 Information System.Net.Http.HttpClient.MinecraftRuntimeManager.ClientHandler Received HTTP response headers after 174.0245ms - 200
2026-09-08T22:59:45.8006294+00:00 Information System.Net.Http.HttpClient.MinecraftRuntimeManager.LogicalHandler End processing HTTP request after 175.3297ms - 200
2026-09-08T22:59:45.8107295+00:00 Information System.Net.Http.HttpClient.MinecraftRuntimeManager.LogicalHandler Start processing HTTP request GET https://resources.download.minecraft.net/af/aff8308a03703e5b3ee01c688a0094cfc7127d8a
2026-09-08T22:59:45.8109974+00:00 Information System.Net.Http.HttpClient.MinecraftRuntimeManager.ClientHandler Sending HTTP request GET https://resources.download.minecraft.net/af/aff8308a03703e5b3ee01c688a0094cfc7127d8a
2026-09-08T22:59:45.9927932+00:00 Information System.Net.Http.HttpClient.MinecraftRuntimeManager.ClientHandler Received HTTP response headers after 181.4697ms - 200
2026-09-08T22:59:45.9933071+00:00 Information System.Net.Http.HttpClient.MinecraftRuntimeManager.LogicalHandler End processing HTTP request after 182.5761ms - 200
2026-09-08T22:59:46.0101951+00:00 Information System.Net.Http.HttpClient.MinecraftRuntimeManager.LogicalHandler Start processing HTTP request GET https://resources.download.minecraft.net/35/35bb19510f54742b870014129028ad0bee38879c
2026-09-08T22:59:46.0104812+00:00 Information System.Net.Http.HttpClient.MinecraftRuntimeManager.ClientHandler Sending HTTP request GET https://resources.download.minecraft.net/35/35bb19510f54742b870014129028ad0bee38879c
2026-09-08T22:59:46.1838234+00:00 Information System.Net.Http.HttpClient.MinecraftRuntimeManager.ClientHandler Received HTTP response headers after 173.0342ms - 200
2026-09-08T22:59:46.1842642+00:00 Information System.Net.Http.HttpClient.MinecraftRuntimeManager.LogicalHandler End processing HTTP request after 174.0805ms - 200
2026-09-08T22:59:46.1934866+00:00 Information System.Net.Http.HttpClient.MinecraftRuntimeManager.LogicalHandler Start processing HTTP request GET https://resources.download.minecraft.net/cb/cba2511f127d5d03fdbb9525d7699544eba5d4f6
2026-09-08T22:59:46.1938035+00:00 Information System.Net.Http.HttpClient.MinecraftRuntimeManager.ClientHandler Sending HTTP request GET https://resources.download.minecraft.net/cb/cba2511f127d5d03fdbb9525d7699544eba5d4f6
2026-09-08T22:59:46.3678648+00:00 Information System.Net.Http.HttpClient.MinecraftRuntimeManager.ClientHandler Received HTTP response headers after 173.675ms - 200
2026-09-08T22:59:46.3683100+00:00 Information System.Net.Http.HttpClient.MinecraftRuntimeManager.LogicalHandler End processing HTTP request after 174.8286ms - 200
2026-09-08T22:59:46.3795868+00:00 Information System.Net.Http.HttpClient.MinecraftRuntimeManager.LogicalHandler Start processing HTTP request GET https://resources.download.minecraft.net/36/36204e8c59761c493a238efd1760600f4d3900fe
2026-09-08T22:59:46.3798625+00:00 Information System.Net.Http.HttpClient.MinecraftRuntimeManager.ClientHandler Sending HTTP request GET https://resources.download.minecraft.net/36/36204e8c59761c493a238efd1760600f4d3900fe
2026-09-08T22:59:46.5541323+00:00 Information System.Net.Http.HttpClient.MinecraftRuntimeManager.ClientHandler Received HTTP response headers after 173.8022ms - 200
2026-09-08T22:59:46.5544704+00:00 Information System.Net.Http.HttpClient.MinecraftRuntimeManager.LogicalHandler End processing HTTP request after 174.9208ms - 200
2026-09-08T22:59:46.5640734+00:00 Information System.Net.Http.HttpClient.MinecraftRuntimeManager.LogicalHandler Start processing HTTP request GET https://resources.download.minecraft.net/37/3733a5ecf191c170d27f01d7c0cc8e35c399a5e4
2026-09-08T22:59:46.5643801+00:00 Information System.Net.Http.HttpClient.MinecraftRuntimeManager.ClientHandler Sending HTTP request GET https://resources.download.minecraft.net/37/3733a5ecf191c170d27f01d7c0cc8e35c399a5e4
2026-09-08T22:59:46.7376172+00:00 Information System.Net.Http.HttpClient.MinecraftRuntimeManager.ClientHandler Received HTTP response headers after 172.8021ms - 200
2026-09-08T22:59:46.7380419+00:00 Information System.Net.Http.HttpClient.MinecraftRuntimeManager.LogicalHandler End processing HTTP request after 173.9618ms - 200
2026-09-08T22:59:46.7482020+00:00 Information System.Net.Http.HttpClient.MinecraftRuntimeManager.LogicalHandler Start processing HTTP request GET https://resources.download.minecraft.net/26/26073b1303e3d12275fc4d28d05ea3205fba9e08
2026-09-08T22:59:46.7484781+00:00 Information System.Net.Http.HttpClient.MinecraftRuntimeManager.ClientHandler Sending HTTP request GET https://resources.download.minecraft.net/26/26073b1303e3d12275fc4d28d05ea3205fba9e08
2026-09-08T22:59:46.9222702+00:00 Information System.Net.Http.HttpClient.MinecraftRuntimeManager.ClientHandler Received HTTP response headers after 173.4209ms - 200
2026-09-08T22:59:46.9227029+00:00 Information System.Net.Http.HttpClient.MinecraftRuntimeManager.LogicalHandler End processing HTTP request after 174.4563ms - 200
2026-09-08T22:59:46.9334413+00:00 Information System.Net.Http.HttpClient.MinecraftRuntimeManager.LogicalHandler Start processing HTTP request GET https://resources.download.minecraft.net/23/235c819f1950633b04c2c32dd9614b41e4f5de9b
2026-09-08T22:59:46.9337060+00:00 Information System.Net.Http.HttpClient.MinecraftRuntimeManager.ClientHandler Sending HTTP request GET https://resources.download.minecraft.net/23/235c819f1950633b04c2c32dd9614b41e4f5de9b
2026-09-08T22:59:47.1065104+00:00 Information System.Net.Http.HttpClient.MinecraftRuntimeManager.ClientHandler Received HTTP response headers after 172.3165ms - 200
2026-09-08T22:59:47.1068745+00:00 Information System.Net.Http.HttpClient.MinecraftRuntimeManager.LogicalHandler End processing HTTP request after 173.4711ms - 200
2026-09-08T22:59:47.1154093+00:00 Information System.Net.Http.HttpClient.MinecraftRuntimeManager.LogicalHandler Start processing HTTP request GET https://resources.download.minecraft.net/04/04fc1df879b3e9e0edf03bce26f8a285d412d0fc
2026-09-08T22:59:47.1156555+00:00 Information System.Net.Http.HttpClient.MinecraftRuntimeManager.ClientHandler Sending HTTP request GET https://resources.download.minecraft.net/04/04fc1df879b3e9e0edf03bce26f8a285d412d0fc
2026-09-08T22:59:47.2894782+00:00 Information System.Net.Http.HttpClient.MinecraftRuntimeManager.ClientHandler Received HTTP response headers after 173.4341ms - 200
2026-09-08T22:59:47.2899767+00:00 Information System.Net.Http.HttpClient.MinecraftRuntimeManager.LogicalHandler End processing HTTP request after 174.5963ms - 200
2026-09-08T22:59:47.3011961+00:00 Information System.Net.Http.HttpClient.MinecraftRuntimeManager.LogicalHandler Start processing HTTP request GET https://resources.download.minecraft.net/22/227add185cd9aa17f0f423f68815e63f20596a4f
2026-09-08T22:59:47.3015208+00:00 Information System.Net.Http.HttpClient.MinecraftRuntimeManager.ClientHandler Sending HTTP request GET https://resources.download.minecraft.net/22/227add185cd9aa17f0f423f68815e63f20596a4f
2026-09-08T22:59:47.4744641+00:00 Information System.Net.Http.HttpClient.MinecraftRuntimeManager.ClientHandler Received HTTP response headers after 172.499ms - 200
2026-09-08T22:59:47.4748463+00:00 Information System.Net.Http.HttpClient.MinecraftRuntimeManager.LogicalHandler End processing HTTP request after 173.6646ms - 200
2026-09-08T22:59:47.4838194+00:00 Information System.Net.Http.HttpClient.MinecraftRuntimeManager.LogicalHandler Start processing HTTP request GET https://resources.download.minecraft.net/43/434a5173ca5ae72b00a8c4e348589fff1649012a
2026-09-08T22:59:47.4841286+00:00 Information System.Net.Http.HttpClient.MinecraftRuntimeManager.ClientHandler Sending HTTP request GET https://resources.download.minecraft.net/43/434a5173ca5ae72b00a8c4e348589fff1649012a
2026-09-08T22:59:47.6575496+00:00 Information System.Net.Http.HttpClient.MinecraftRuntimeManager.ClientHandler Received HTTP response headers after 173.0035ms - 200
2026-09-08T22:59:47.6578624+00:00 Information System.Net.Http.HttpClient.MinecraftRuntimeManager.LogicalHandler End processing HTTP request after 174.1361ms - 200
2026-09-08T22:59:47.6683059+00:00 Information System.Net.Http.HttpClient.MinecraftRuntimeManager.LogicalHandler Start processing HTTP request GET https://resources.download.minecraft.net/0e/0e6bac33a1dd885e0d98298e12c96c054e8e96c8
2026-09-08T22:59:47.6686499+00:00 Information System.Net.Http.HttpClient.MinecraftRuntimeManager.ClientHandler Sending HTTP request GET https://resources.download.minecraft.net/0e/0e6bac33a1dd885e0d98298e12c96c054e8e96c8
2026-09-08T22:59:47.8410646+00:00 Information System.Net.Http.HttpClient.MinecraftRuntimeManager.ClientHandler Received HTTP response headers after 172.0648ms - 200
2026-09-08T22:59:47.8415836+00:00 Information System.Net.Http.HttpClient.MinecraftRuntimeManager.LogicalHandler End processing HTTP request after 173.3829ms - 200
2026-09-08T22:59:47.8512965+00:00 Information System.Net.Http.HttpClient.MinecraftRuntimeManager.LogicalHandler Start processing HTTP request GET https://resources.download.minecraft.net/a7/a77ec6dd92b8389eaade9bd7c089effbb9e13fd8
2026-09-08T22:59:47.8516201+00:00 Information System.Net.Http.HttpClient.MinecraftRuntimeManager.ClientHandler Sending HTTP request GET https://resources.download.minecraft.net/a7/a77ec6dd92b8389eaade9bd7c089effbb9e13fd8
2026-09-08T22:59:48.0248660+00:00 Information System.Net.Http.HttpClient.MinecraftRuntimeManager.ClientHandler Received HTTP response headers after 172.8626ms - 200
2026-09-08T22:59:48.0251911+00:00 Information System.Net.Http.HttpClient.MinecraftRuntimeManager.LogicalHandler End processing HTTP request after 174.01ms - 200
2026-09-08T22:59:48.0348266+00:00 Information System.Net.Http.HttpClient.MinecraftRuntimeManager.LogicalHandler Start processing HTTP request GET https://resources.download.minecraft.net/a3/a323ba8374505da8b9d583794ea30ed63c7c0afd
2026-09-08T22:59:48.0351378+00:00 Information System.Net.Http.HttpClient.MinecraftRuntimeManager.ClientHandler Sending HTTP request GET https://resources.download.minecraft.net/a3/a323ba8374505da8b9d583794ea30ed63c7c0afd
2026-09-08T22:59:48.2109490+00:00 Information System.Net.Http.HttpClient.MinecraftRuntimeManager.ClientHandler Received HTTP response headers after 175.3258ms - 200
2026-09-08T22:59:48.2113771+00:00 Information System.Net.Http.HttpClient.MinecraftRuntimeManager.LogicalHandler End processing HTTP request after 176.5915ms - 200
2026-09-08T22:59:48.2211323+00:00 Information System.Net.Http.HttpClient.MinecraftRuntimeManager.LogicalHandler Start processing HTTP request GET https://resources.download.minecraft.net/de/dee916be9b392898ddb3250a2f08c4a081d8320a
2026-09-08T22:59:48.2215015+00:00 Information System.Net.Http.HttpClient.MinecraftRuntimeManager.ClientHandler Sending HTTP request GET https://resources.download.minecraft.net/de/dee916be9b392898ddb3250a2f08c4a081d8320a
2026-09-08T22:59:48.4162016+00:00 Information System.Net.Http.HttpClient.MinecraftRuntimeManager.ClientHandler Received HTTP response headers after 194.3176ms - 200
2026-09-08T22:59:48.4165130+00:00 Information System.Net.Http.HttpClient.MinecraftRuntimeManager.LogicalHandler End processing HTTP request after 195.4277ms - 200
2026-09-08T22:59:48.4258489+00:00 Information System.Net.Http.HttpClient.MinecraftRuntimeManager.LogicalHandler Start processing HTTP request GET https://resources.download.minecraft.net/75/754fbf8aa9c2ee7a185b1f3a7a8ae5c894ef587a
2026-09-08T22:59:48.4262295+00:00 Information System.Net.Http.HttpClient.MinecraftRuntimeManager.ClientHandler Sending HTTP request GET https://resources.download.minecraft.net/75/754fbf8aa9c2ee7a185b1f3a7a8ae5c894ef587a
2026-09-08T22:59:48.5995101+00:00 Information System.Net.Http.HttpClient.MinecraftRuntimeManager.ClientHandler Received HTTP response headers after 172.9034ms - 200
2026-09-08T22:59:48.5998519+00:00 Information System.Net.Http.HttpClient.MinecraftRuntimeManager.LogicalHandler End processing HTTP request after 174.0771ms - 200
2026-09-08T22:59:48.6080433+00:00 Information System.Net.Http.HttpClient.MinecraftRuntimeManager.LogicalHandler Start processing HTTP request GET https://resources.download.minecraft.net/7c/7c8b86a7d33ff1b78bcf6e867386c1e5e047d08e
2026-09-08T22:59:48.6084037+00:00 Information System.Net.Http.HttpClient.MinecraftRuntimeManager.ClientHandler Sending HTTP request GET https://resources.download.minecraft.net/7c/7c8b86a7d33ff1b78bcf6e867386c1e5e047d08e
2026-09-08T22:59:48.7819205+00:00 Information System.Net.Http.HttpClient.MinecraftRuntimeManager.ClientHandler Received HTTP response headers after 173.1899ms - 200
2026-09-08T22:59:48.7822798+00:00 Information System.Net.Http.HttpClient.MinecraftRuntimeManager.LogicalHandler End processing HTTP request after 174.3432ms - 200
2026-09-08T22:59:48.7920481+00:00 Information System.Net.Http.HttpClient.MinecraftRuntimeManager.LogicalHandler Start processing HTTP request GET https://resources.download.minecraft.net/2b/2bbb5670f166a6c0898e83a36d6ddf0b70a4c3f0
2026-09-08T22:59:48.7923103+00:00 Information System.Net.Http.HttpClient.MinecraftRuntimeManager.ClientHandler Sending HTTP request GET https://resources.download.minecraft.net/2b/2bbb5670f166a6c0898e83a36d6ddf0b70a4c3f0
2026-09-08T22:59:48.9655339+00:00 Information System.Net.Http.HttpClient.MinecraftRuntimeManager.ClientHandler Received HTTP response headers after 172.871ms - 200
2026-09-08T22:59:48.9658985+00:00 Information System.Net.Http.HttpClient.MinecraftRuntimeManager.LogicalHandler End processing HTTP request after 173.9053ms - 200
2026-09-08T22:59:48.9754080+00:00 Information System.Net.Http.HttpClient.MinecraftRuntimeManager.LogicalHandler Start processing HTTP request GET https://resources.download.minecraft.net/79/79948a332ee6c72d38fe54291118120c144b2c8b
2026-09-08T22:59:48.9757253+00:00 Information System.Net.Http.HttpClient.MinecraftRuntimeManager.ClientHandler Sending HTTP request GET https://resources.download.minecraft.net/79/79948a332ee6c72d38fe54291118120c144b2c8b
2026-09-08T22:59:49.1491878+00:00 Information System.Net.Http.HttpClient.MinecraftRuntimeManager.ClientHandler Received HTTP response headers after 173.1379ms - 200
2026-09-08T22:59:49.1495858+00:00 Information System.Net.Http.HttpClient.MinecraftRuntimeManager.LogicalHandler End processing HTTP request after 174.2098ms - 200
2026-09-08T22:59:49.1592904+00:00 Information System.Net.Http.HttpClient.MinecraftRuntimeManager.LogicalHandler Start processing HTTP request GET https://resources.download.minecraft.net/3b/3ba4e73ce19a5207d88495b32f7abde4ae065ada
2026-09-08T22:59:49.1596756+00:00 Information System.Net.Http.HttpClient.MinecraftRuntimeManager.ClientHandler Sending HTTP request GET https://resources.download.minecraft.net/3b/3ba4e73ce19a5207d88495b32f7abde4ae065ada
2026-09-08T22:59:49.3335124+00:00 Information System.Net.Http.HttpClient.MinecraftRuntimeManager.ClientHandler Received HTTP response headers after 173.4634ms - 200
2026-09-08T22:59:49.3340615+00:00 Information System.Net.Http.HttpClient.MinecraftRuntimeManager.LogicalHandler End processing HTTP request after 174.7876ms - 200
2026-09-08T22:59:49.3472322+00:00 Information System.Net.Http.HttpClient.MinecraftRuntimeManager.LogicalHandler Start processing HTTP request GET https://resources.download.minecraft.net/bc/bc91a0094140bb34ddef9662c75c1bb4af1f21fa
2026-09-08T22:59:49.3475134+00:00 Information System.Net.Http.HttpClient.MinecraftRuntimeManager.ClientHandler Sending HTTP request GET https://resources.download.minecraft.net/bc/bc91a0094140bb34ddef9662c75c1bb4af1f21fa
2026-09-08T22:59:49.5212842+00:00 Information System.Net.Http.HttpClient.MinecraftRuntimeManager.ClientHandler Received HTTP response headers after 173.4637ms - 200
2026-09-08T22:59:49.5217127+00:00 Information System.Net.Http.HttpClient.MinecraftRuntimeManager.LogicalHandler End processing HTTP request after 174.4712ms - 200
2026-09-08T22:59:49.5316499+00:00 Information System.Net.Http.HttpClient.MinecraftRuntimeManager.LogicalHandler Start processing HTTP request GET https://resources.download.minecraft.net/ee/eef8b27356db603dacbdf3daf3bb8412a1412b4f
2026-09-08T22:59:49.5319622+00:00 Information System.Net.Http.HttpClient.MinecraftRuntimeManager.ClientHandler Sending HTTP request GET https://resources.download.minecraft.net/ee/eef8b27356db603dacbdf3daf3bb8412a1412b4f
2026-09-08T22:59:49.7059881+00:00 Information System.Net.Http.HttpClient.MinecraftRuntimeManager.ClientHandler Received HTTP response headers after 173.6461ms - 200
2026-09-08T22:59:49.7064735+00:00 Information System.Net.Http.HttpClient.MinecraftRuntimeManager.LogicalHandler End processing HTTP request after 174.8306ms - 200
2026-09-08T22:59:49.7166773+00:00 Information System.Net.Http.HttpClient.MinecraftRuntimeManager.LogicalHandler Start processing HTTP request GET https://resources.download.minecraft.net/f8/f8064da93f4fb9b43c2b10d398101bb93f2c5914
2026-09-08T22:59:49.7169957+00:00 Information System.Net.Http.HttpClient.MinecraftRuntimeManager.ClientHandler Sending HTTP request GET https://resources.download.minecraft.net/f8/f8064da93f4fb9b43c2b10d398101bb93f2c5914
2026-09-08T22:59:49.8927030+00:00 Information System.Net.Http.HttpClient.MinecraftRuntimeManager.ClientHandler Received HTTP response headers after 175.2861ms - 200
2026-09-08T22:59:49.8931037+00:00 Information System.Net.Http.HttpClient.MinecraftRuntimeManager.LogicalHandler End processing HTTP request after 176.4273ms - 200
2026-09-08T22:59:49.9023963+00:00 Information System.Net.Http.HttpClient.MinecraftRuntimeManager.LogicalHandler Start processing HTTP request GET https://resources.download.minecraft.net/37/37310577c903e85a9ae6b1393a94b9127a1a4c76
2026-09-08T22:59:49.9027014+00:00 Information System.Net.Http.HttpClient.MinecraftRuntimeManager.ClientHandler Sending HTTP request GET https://resources.download.minecraft.net/37/37310577c903e85a9ae6b1393a94b9127a1a4c76
2026-09-08T22:59:50.0763737+00:00 Information System.Net.Http.HttpClient.MinecraftRuntimeManager.ClientHandler Received HTTP response headers after 173.4045ms - 200
2026-09-08T22:59:50.0767095+00:00 Information System.Net.Http.HttpClient.MinecraftRuntimeManager.LogicalHandler End processing HTTP request after 174.3541ms - 200
2026-09-08T22:59:50.1101121+00:00 Information System.Net.Http.HttpClient.MinecraftRuntimeManager.LogicalHandler Start processing HTTP request GET https://resources.download.minecraft.net/4d/4d1d157536fd24989860a8adaa615c6d2dba5c9d
2026-09-08T22:59:50.1104128+00:00 Information System.Net.Http.HttpClient.MinecraftRuntimeManager.ClientHandler Sending HTTP request GET https://resources.download.minecraft.net/4d/4d1d157536fd24989860a8adaa615c6d2dba5c9d
2026-09-08T22:59:50.2858824+00:00 Information System.Net.Http.HttpClient.MinecraftRuntimeManager.ClientHandler Received HTTP response headers after 174.8649ms - 200
2026-09-08T22:59:50.2865020+00:00 Information System.Net.Http.HttpClient.MinecraftRuntimeManager.LogicalHandler End processing HTTP request after 176.3328ms - 200
2026-09-08T22:59:50.3220005+00:00 Information System.Net.Http.HttpClient.MinecraftRuntimeManager.LogicalHandler Start processing HTTP request GET https://resources.download.minecraft.net/0c/0cc576cae7a4c2e2bb969f545ba09a1d4f746e4f
2026-09-08T22:59:50.3223871+00:00 Information System.Net.Http.HttpClient.MinecraftRuntimeManager.ClientHandler Sending HTTP request GET https://resources.download.minecraft.net/0c/0cc576cae7a4c2e2bb969f545ba09a1d4f746e4f
2026-09-08T22:59:50.4992739+00:00 Information System.Net.Http.HttpClient.MinecraftRuntimeManager.ClientHandler Received HTTP response headers after 176.5511ms - 200
2026-09-08T22:59:50.4995518+00:00 Information System.Net.Http.HttpClient.MinecraftRuntimeManager.LogicalHandler End processing HTTP request after 177.5997ms - 200
2026-09-08T22:59:50.5322855+00:00 Information System.Net.Http.HttpClient.MinecraftRuntimeManager.LogicalHandler Start processing HTTP request GET https://resources.download.minecraft.net/b7/b7a496f571a432f8a20cdd725b8a10f0cc30d5bb
2026-09-08T22:59:50.5325566+00:00 Information System.Net.Http.HttpClient.MinecraftRuntimeManager.ClientHandler Sending HTTP request GET https://resources.download.minecraft.net/b7/b7a496f571a432f8a20cdd725b8a10f0cc30d5bb
2026-09-08T22:59:50.7069889+00:00 Information System.Net.Http.HttpClient.MinecraftRuntimeManager.ClientHandler Received HTTP response headers after 174.0811ms - 200
2026-09-08T22:59:50.7074165+00:00 Information System.Net.Http.HttpClient.MinecraftRuntimeManager.LogicalHandler End processing HTTP request after 175.1142ms - 200
2026-09-08T22:59:50.7418228+00:00 Information System.Net.Http.HttpClient.MinecraftRuntimeManager.LogicalHandler Start processing HTTP request GET https://resources.download.minecraft.net/9f/9f6f7c5a11aeb75ed6f943b5d9ee02e49a0bf26f
2026-09-08T22:59:50.7421695+00:00 Information System.Net.Http.HttpClient.MinecraftRuntimeManager.ClientHandler Sending HTTP request GET https://resources.download.minecraft.net/9f/9f6f7c5a11aeb75ed6f943b5d9ee02e49a0bf26f
2026-09-08T22:59:50.9159231+00:00 Information System.Net.Http.HttpClient.MinecraftRuntimeManager.ClientHandler Received HTTP response headers after 173.3077ms - 200
2026-09-08T22:59:50.9164088+00:00 Information System.Net.Http.HttpClient.MinecraftRuntimeManager.LogicalHandler End processing HTTP request after 174.5663ms - 200
2026-09-08T22:59:50.9552983+00:00 Information System.Net.Http.HttpClient.MinecraftRuntimeManager.LogicalHandler Start processing HTTP request GET https://resources.download.minecraft.net/e1/e1531690171d1940e0737074a8e6dbd31387d4b1
2026-09-08T22:59:50.9556254+00:00 Information System.Net.Http.HttpClient.MinecraftRuntimeManager.ClientHandler Sending HTTP request GET https://resources.download.minecraft.net/e1/e1531690171d1940e0737074a8e6dbd31387d4b1
2026-09-08T22:59:51.1283996+00:00 Information System.Net.Http.HttpClient.MinecraftRuntimeManager.ClientHandler Received HTTP response headers after 172.4088ms - 200
2026-09-08T22:59:51.1288806+00:00 Information System.Net.Http.HttpClient.MinecraftRuntimeManager.LogicalHandler End processing HTTP request after 173.5637ms - 200
2026-09-08T22:59:51.1386533+00:00 Information System.Net.Http.HttpClient.MinecraftRuntimeManager.LogicalHandler Start processing HTTP request GET https://resources.download.minecraft.net/3e/3eddefcae7dd754b80765c2fee955aa26c644e7c
2026-09-08T22:59:51.1388936+00:00 Information System.Net.Http.HttpClient.MinecraftRuntimeManager.ClientHandler Sending HTTP request GET https://resources.download.minecraft.net/3e/3eddefcae7dd754b80765c2fee955aa26c644e7c
2026-09-08T22:59:51.3120276+00:00 Information System.Net.Http.HttpClient.MinecraftRuntimeManager.ClientHandler Received HTTP response headers after 172.7463ms - 200
2026-09-08T22:59:51.3123733+00:00 Information System.Net.Http.HttpClient.MinecraftRuntimeManager.LogicalHandler End processing HTTP request after 173.766ms - 200
2026-09-08T22:59:51.3217033+00:00 Information System.Net.Http.HttpClient.MinecraftRuntimeManager.LogicalHandler Start processing HTTP request GET https://resources.download.minecraft.net/b2/b2ae2bdcbaabf46448ed282df1ae1cc7096bb8e9
2026-09-08T22:59:51.3220711+00:00 Information System.Net.Http.HttpClient.MinecraftRuntimeManager.ClientHandler Sending HTTP request GET https://resources.download.minecraft.net/b2/b2ae2bdcbaabf46448ed282df1ae1cc7096bb8e9
2026-09-08T22:59:51.4948149+00:00 Information System.Net.Http.HttpClient.MinecraftRuntimeManager.ClientHandler Received HTTP response headers after 172.2676ms - 200
2026-09-08T22:59:51.4952186+00:00 Information System.Net.Http.HttpClient.MinecraftRuntimeManager.LogicalHandler End processing HTTP request after 173.6578ms - 200
2026-09-08T22:59:51.5054712+00:00 Information System.Net.Http.HttpClient.MinecraftRuntimeManager.LogicalHandler Start processing HTTP request GET https://resources.download.minecraft.net/de/de98f91fbce73a38fa30e887ac8dce08aac8e675
2026-09-08T22:59:51.5057633+00:00 Information System.Net.Http.HttpClient.MinecraftRuntimeManager.ClientHandler Sending HTTP request GET https://resources.download.minecraft.net/de/de98f91fbce73a38fa30e887ac8dce08aac8e675
2026-09-08T22:59:51.6786432+00:00 Information System.Net.Http.HttpClient.MinecraftRuntimeManager.ClientHandler Received HTTP response headers after 172.516ms - 200
2026-09-08T22:59:51.6789627+00:00 Information System.Net.Http.HttpClient.MinecraftRuntimeManager.LogicalHandler End processing HTTP request after 173.5208ms - 200
2026-09-08T22:59:51.6875952+00:00 Information System.Net.Http.HttpClient.MinecraftRuntimeManager.LogicalHandler Start processing HTTP request GET https://resources.download.minecraft.net/0a/0ae403bea99c54d26b09f7d588ea11ddb4b6dc98
2026-09-08T22:59:51.6878939+00:00 Information System.Net.Http.HttpClient.MinecraftRuntimeManager.ClientHandler Sending HTTP request GET https://resources.download.minecraft.net/0a/0ae403bea99c54d26b09f7d588ea11ddb4b6dc98
2026-09-08T22:59:51.8614179+00:00 Information System.Net.Http.HttpClient.MinecraftRuntimeManager.ClientHandler Received HTTP response headers after 173.1688ms - 200
2026-09-08T22:59:51.8619040+00:00 Information System.Net.Http.HttpClient.MinecraftRuntimeManager.LogicalHandler End processing HTTP request after 174.2423ms - 200
2026-09-08T22:59:51.8712475+00:00 Information System.Net.Http.HttpClient.MinecraftRuntimeManager.LogicalHandler Start processing HTTP request GET https://resources.download.minecraft.net/49/49ae543155e15b8115206f3bdcf1b929b7725b62
2026-09-08T22:59:51.8714949+00:00 Information System.Net.Http.HttpClient.MinecraftRuntimeManager.ClientHandler Sending HTTP request GET https://resources.download.minecraft.net/49/49ae543155e15b8115206f3bdcf1b929b7725b62
2026-09-08T22:59:52.0461164+00:00 Information System.Net.Http.HttpClient.MinecraftRuntimeManager.ClientHandler Received HTTP response headers after 174.1892ms - 200
2026-09-08T22:59:52.0465707+00:00 Information System.Net.Http.HttpClient.MinecraftRuntimeManager.LogicalHandler End processing HTTP request after 175.3575ms - 200
2026-09-08T22:59:52.0583494+00:00 Information System.Net.Http.HttpClient.MinecraftRuntimeManager.LogicalHandler Start processing HTTP request GET https://resources.download.minecraft.net/e2/e2c1207fb138a72cbc29277497408cde75b28698
2026-09-08T22:59:52.0586511+00:00 Information System.Net.Http.HttpClient.MinecraftRuntimeManager.ClientHandler Sending HTTP request GET https://resources.download.minecraft.net/e2/e2c1207fb138a72cbc29277497408cde75b28698
2026-09-08T22:59:52.2339566+00:00 Information System.Net.Http.HttpClient.MinecraftRuntimeManager.ClientHandler Received HTTP response headers after 174.9337ms - 200
2026-09-08T22:59:52.2343435+00:00 Information System.Net.Http.HttpClient.MinecraftRuntimeManager.LogicalHandler End processing HTTP request after 175.9991ms - 200
2026-09-08T22:59:52.2441090+00:00 Information System.Net.Http.HttpClient.MinecraftRuntimeManager.LogicalHandler Start processing HTTP request GET https://resources.download.minecraft.net/a5/a5362a693f9ae184c1e87ac07fb7ad949d2aee45
2026-09-08T22:59:52.2444921+00:00 Information System.Net.Http.HttpClient.MinecraftRuntimeManager.ClientHandler Sending HTTP request GET https://resources.download.minecraft.net/a5/a5362a693f9ae184c1e87ac07fb7ad949d2aee45
2026-09-08T22:59:52.4184593+00:00 Information System.Net.Http.HttpClient.MinecraftRuntimeManager.ClientHandler Received HTTP response headers after 173.5931ms - 200
2026-09-08T22:59:52.4189453+00:00 Information System.Net.Http.HttpClient.MinecraftRuntimeManager.LogicalHandler End processing HTTP request after 174.9265ms - 200
2026-09-08T22:59:52.4279059+00:00 Information System.Net.Http.HttpClient.MinecraftRuntimeManager.LogicalHandler Start processing HTTP request GET https://resources.download.minecraft.net/11/11b24be2acd87d0d3cadd3b4a5e7f5cf29d75b9c
2026-09-08T22:59:52.4282245+00:00 Information System.Net.Http.HttpClient.MinecraftRuntimeManager.ClientHandler Sending HTTP request GET https://resources.download.minecraft.net/11/11b24be2acd87d0d3cadd3b4a5e7f5cf29d75b9c
2026-09-08T22:59:52.6027788+00:00 Information System.Net.Http.HttpClient.MinecraftRuntimeManager.ClientHandler Received HTTP response headers after 174.0667ms - 200
2026-09-08T22:59:52.6032841+00:00 Information System.Net.Http.HttpClient.MinecraftRuntimeManager.LogicalHandler End processing HTTP request after 175.3691ms - 200
2026-09-08T22:59:52.6118440+00:00 Information System.Net.Http.HttpClient.MinecraftRuntimeManager.LogicalHandler Start processing HTTP request GET https://resources.download.minecraft.net/d6/d6c41fbec35949f5ab7423d0a3cd174bacfd406d
2026-09-08T22:59:52.6121238+00:00 Information System.Net.Http.HttpClient.MinecraftRuntimeManager.ClientHandler Sending HTTP request GET https://resources.download.minecraft.net/d6/d6c41fbec35949f5ab7423d0a3cd174bacfd406d
2026-09-08T22:59:52.7867508+00:00 Information System.Net.Http.HttpClient.MinecraftRuntimeManager.ClientHandler Received HTTP response headers after 174.1741ms - 200
2026-09-08T22:59:52.7870984+00:00 Information System.Net.Http.HttpClient.MinecraftRuntimeManager.LogicalHandler End processing HTTP request after 175.3224ms - 200
2026-09-08T22:59:52.7963474+00:00 Information System.Net.Http.HttpClient.MinecraftRuntimeManager.LogicalHandler Start processing HTTP request GET https://resources.download.minecraft.net/b9/b91c8cf157979540e517895beefe0390acac6454
2026-09-08T22:59:52.7966311+00:00 Information System.Net.Http.HttpClient.MinecraftRuntimeManager.ClientHandler Sending HTTP request GET https://resources.download.minecraft.net/b9/b91c8cf157979540e517895beefe0390acac6454
2026-09-08T22:59:52.9686383+00:00 Information System.Net.Http.HttpClient.MinecraftRuntimeManager.ClientHandler Received HTTP response headers after 171.6796ms - 200
2026-09-08T22:59:52.9689248+00:00 Information System.Net.Http.HttpClient.MinecraftRuntimeManager.LogicalHandler End processing HTTP request after 172.6274ms - 200
2026-09-08T22:59:52.9778067+00:00 Information System.Net.Http.HttpClient.MinecraftRuntimeManager.LogicalHandler Start processing HTTP request GET https://resources.download.minecraft.net/03/030a3d36cccac21197db2ec078f96cbc2caa1311
2026-09-08T22:59:52.9780530+00:00 Information System.Net.Http.HttpClient.MinecraftRuntimeManager.ClientHandler Sending HTTP request GET https://resources.download.minecraft.net/03/030a3d36cccac21197db2ec078f96cbc2caa1311
2026-09-08T22:59:53.1511667+00:00 Information System.Net.Http.HttpClient.MinecraftRuntimeManager.ClientHandler Received HTTP response headers after 172.7841ms - 200
2026-09-08T22:59:53.1514776+00:00 Information System.Net.Http.HttpClient.MinecraftRuntimeManager.LogicalHandler End processing HTTP request after 173.7121ms - 200
2026-09-08T22:59:53.1613872+00:00 Information System.Net.Http.HttpClient.MinecraftRuntimeManager.LogicalHandler Start processing HTTP request GET https://resources.download.minecraft.net/7c/7c6d3020a1a11e34e722cc7e5283de54ca8cae19
2026-09-08T22:59:53.1617576+00:00 Information System.Net.Http.HttpClient.MinecraftRuntimeManager.ClientHandler Sending HTTP request GET https://resources.download.minecraft.net/7c/7c6d3020a1a11e34e722cc7e5283de54ca8cae19
2026-09-08T22:59:53.3350985+00:00 Information System.Net.Http.HttpClient.MinecraftRuntimeManager.ClientHandler Received HTTP response headers after 172.9628ms - 200
2026-09-08T22:59:53.3355231+00:00 Information System.Net.Http.HttpClient.MinecraftRuntimeManager.LogicalHandler End processing HTTP request after 174.2054ms - 200
2026-09-08T22:59:53.3450450+00:00 Information System.Net.Http.HttpClient.MinecraftRuntimeManager.LogicalHandler Start processing HTTP request GET https://resources.download.minecraft.net/ae/ae1490438f67b186d9d92a3dd0fbb6eaa604b31d
2026-09-08T22:59:53.3453170+00:00 Information System.Net.Http.HttpClient.MinecraftRuntimeManager.ClientHandler Sending HTTP request GET https://resources.download.minecraft.net/ae/ae1490438f67b186d9d92a3dd0fbb6eaa604b31d
2026-09-08T22:59:53.5163026+00:00 Information System.Net.Http.HttpClient.MinecraftRuntimeManager.ClientHandler Received HTTP response headers after 170.6258ms - 200
2026-09-08T22:59:53.5166963+00:00 Information System.Net.Http.HttpClient.MinecraftRuntimeManager.LogicalHandler End processing HTTP request after 171.7062ms - 200
2026-09-08T22:59:53.5247984+00:00 Information System.Net.Http.HttpClient.MinecraftRuntimeManager.LogicalHandler Start processing HTTP request GET https://resources.download.minecraft.net/b8/b80ca9ecba20183399aaddc4539f2cab84f61bfd
2026-09-08T22:59:53.5250782+00:00 Information System.Net.Http.HttpClient.MinecraftRuntimeManager.ClientHandler Sending HTTP request GET https://resources.download.minecraft.net/b8/b80ca9ecba20183399aaddc4539f2cab84f61bfd
2026-09-08T22:59:53.6974649+00:00 Information System.Net.Http.HttpClient.MinecraftRuntimeManager.ClientHandler Received HTTP response headers after 172.0211ms - 200
2026-09-08T22:59:53.6979615+00:00 Information System.Net.Http.HttpClient.MinecraftRuntimeManager.LogicalHandler End processing HTTP request after 173.1307ms - 200
2026-09-08T22:59:53.7076259+00:00 Information System.Net.Http.HttpClient.MinecraftRuntimeManager.LogicalHandler Start processing HTTP request GET https://resources.download.minecraft.net/c5/c54914b241363f9152af7bbb7bdbf103eb1ec63c
2026-09-08T22:59:53.7079022+00:00 Information System.Net.Http.HttpClient.MinecraftRuntimeManager.ClientHandler Sending HTTP request GET https://resources.download.minecraft.net/c5/c54914b241363f9152af7bbb7bdbf103eb1ec63c
2026-09-08T22:59:53.8815229+00:00 Information System.Net.Http.HttpClient.MinecraftRuntimeManager.ClientHandler Received HTTP response headers after 173.2229ms - 200
2026-09-08T22:59:53.8819534+00:00 Information System.Net.Http.HttpClient.MinecraftRuntimeManager.LogicalHandler End processing HTTP request after 174.3316ms - 200
2026-09-08T22:59:53.8943473+00:00 Information System.Net.Http.HttpClient.MinecraftRuntimeManager.LogicalHandler Start processing HTTP request GET https://resources.download.minecraft.net/7d/7d6c1342b6b32e85c4796dbd56e4036d14d6b843
2026-09-08T22:59:53.8946170+00:00 Information System.Net.Http.HttpClient.MinecraftRuntimeManager.ClientHandler Sending HTTP request GET https://resources.download.minecraft.net/7d/7d6c1342b6b32e85c4796dbd56e4036d14d6b843
2026-09-08T22:59:54.0688547+00:00 Information System.Net.Http.HttpClient.MinecraftRuntimeManager.ClientHandler Received HTTP response headers after 173.8564ms - 200
2026-09-08T22:59:54.0692577+00:00 Information System.Net.Http.HttpClient.MinecraftRuntimeManager.LogicalHandler End processing HTTP request after 174.9124ms - 200
2026-09-08T22:59:54.0888237+00:00 Information System.Net.Http.HttpClient.MinecraftRuntimeManager.LogicalHandler Start processing HTTP request GET https://resources.download.minecraft.net/13/13f2ea2f0466950814efe5f4d16be2962bc21eaa
2026-09-08T22:59:54.0891839+00:00 Information System.Net.Http.HttpClient.MinecraftRuntimeManager.ClientHandler Sending HTTP request GET https://resources.download.minecraft.net/13/13f2ea2f0466950814efe5f4d16be2962bc21eaa
2026-09-08T22:59:54.2870652+00:00 Information System.Net.Http.HttpClient.MinecraftRuntimeManager.ClientHandler Received HTTP response headers after 197.3513ms - 200
2026-09-08T22:59:54.2874635+00:00 Information System.Net.Http.HttpClient.MinecraftRuntimeManager.LogicalHandler End processing HTTP request after 198.6617ms - 200
2026-09-08T22:59:54.3036989+00:00 Information System.Net.Http.HttpClient.MinecraftRuntimeManager.LogicalHandler Start processing HTTP request GET https://resources.download.minecraft.net/1e/1eecbb056b9f9c8bb1b69fde9e21a875c77738a4
2026-09-08T22:59:54.3040440+00:00 Information System.Net.Http.HttpClient.MinecraftRuntimeManager.ClientHandler Sending HTTP request GET https://resources.download.minecraft.net/1e/1eecbb056b9f9c8bb1b69fde9e21a875c77738a4
2026-09-08T22:59:54.4785694+00:00 Information System.Net.Http.HttpClient.MinecraftRuntimeManager.ClientHandler Received HTTP response headers after 174.0407ms - 200
2026-09-08T22:59:54.4789981+00:00 Information System.Net.Http.HttpClient.MinecraftRuntimeManager.LogicalHandler End processing HTTP request after 175.3096ms - 200
2026-09-08T22:59:54.4954082+00:00 Information System.Net.Http.HttpClient.MinecraftRuntimeManager.LogicalHandler Start processing HTTP request GET https://resources.download.minecraft.net/be/becc6cf96c7de261ea95761aea34df7932610cc6
2026-09-08T22:59:54.4956720+00:00 Information System.Net.Http.HttpClient.MinecraftRuntimeManager.ClientHandler Sending HTTP request GET https://resources.download.minecraft.net/be/becc6cf96c7de261ea95761aea34df7932610cc6
2026-09-08T22:59:54.6693850+00:00 Information System.Net.Http.HttpClient.MinecraftRuntimeManager.ClientHandler Received HTTP response headers after 173.3906ms - 200
2026-09-08T22:59:54.6697986+00:00 Information System.Net.Http.HttpClient.MinecraftRuntimeManager.LogicalHandler End processing HTTP request after 174.3873ms - 200
2026-09-08T22:59:54.7000257+00:00 Information System.Net.Http.HttpClient.MinecraftRuntimeManager.LogicalHandler Start processing HTTP request GET https://resources.download.minecraft.net/87/87ee57c83676952bea27198e7393449d4fa36129
2026-09-08T22:59:54.7004525+00:00 Information System.Net.Http.HttpClient.MinecraftRuntimeManager.ClientHandler Sending HTTP request GET https://resources.download.minecraft.net/87/87ee57c83676952bea27198e7393449d4fa36129
2026-09-08T22:59:54.8743860+00:00 Information System.Net.Http.HttpClient.MinecraftRuntimeManager.ClientHandler Received HTTP response headers after 173.5156ms - 200
2026-09-08T22:59:54.8747990+00:00 Information System.Net.Http.HttpClient.MinecraftRuntimeManager.LogicalHandler End processing HTTP request after 174.8168ms - 200
2026-09-08T22:59:54.9109468+00:00 Information System.Net.Http.HttpClient.MinecraftRuntimeManager.LogicalHandler Start processing HTTP request GET https://resources.download.minecraft.net/14/14c43698c10079ec8230d6deccb3d14d9fe4d07f
2026-09-08T22:59:54.9113360+00:00 Information System.Net.Http.HttpClient.MinecraftRuntimeManager.ClientHandler Sending HTTP request GET https://resources.download.minecraft.net/14/14c43698c10079ec8230d6deccb3d14d9fe4d07f
2026-09-08T22:59:55.0862498+00:00 Information System.Net.Http.HttpClient.MinecraftRuntimeManager.ClientHandler Received HTTP response headers after 174.412ms - 200
2026-09-08T22:59:55.0866795+00:00 Information System.Net.Http.HttpClient.MinecraftRuntimeManager.LogicalHandler End processing HTTP request after 175.7884ms - 200
2026-09-08T22:59:55.1164522+00:00 Information System.Net.Http.HttpClient.MinecraftRuntimeManager.LogicalHandler Start processing HTTP request GET https://resources.download.minecraft.net/d3/d37e0050ac3bf4514d4331da5b4fc6b76d40fc47
2026-09-08T22:59:55.1167520+00:00 Information System.Net.Http.HttpClient.MinecraftRuntimeManager.ClientHandler Sending HTTP request GET https://resources.download.minecraft.net/d3/d37e0050ac3bf4514d4331da5b4fc6b76d40fc47
2026-09-08T22:59:55.2912245+00:00 Information System.Net.Http.HttpClient.MinecraftRuntimeManager.ClientHandler Received HTTP response headers after 174.0603ms - 200
2026-09-08T22:59:55.2915925+00:00 Information System.Net.Http.HttpClient.MinecraftRuntimeManager.LogicalHandler End processing HTTP request after 175.1566ms - 200
2026-09-08T22:59:55.3171414+00:00 Information System.Net.Http.HttpClient.MinecraftRuntimeManager.LogicalHandler Start processing HTTP request GET https://resources.download.minecraft.net/73/739d157cea881e2ce67ed7deb4bb87f7fc7eb3e3
2026-09-08T22:59:55.3174512+00:00 Information System.Net.Http.HttpClient.MinecraftRuntimeManager.ClientHandler Sending HTTP request GET https://resources.download.minecraft.net/73/739d157cea881e2ce67ed7deb4bb87f7fc7eb3e3
2026-09-08T22:59:55.5165831+00:00 Information System.Net.Http.HttpClient.MinecraftRuntimeManager.ClientHandler Received HTTP response headers after 198.6937ms - 200
2026-09-08T22:59:55.5170256+00:00 Information System.Net.Http.HttpClient.MinecraftRuntimeManager.LogicalHandler End processing HTTP request after 199.8688ms - 200
2026-09-08T22:59:55.5387524+00:00 Information System.Net.Http.HttpClient.MinecraftRuntimeManager.LogicalHandler Start processing HTTP request GET https://resources.download.minecraft.net/c2/c2367ef1e142e531aa03808236325b5ded5cb184
2026-09-08T22:59:55.5390540+00:00 Information System.Net.Http.HttpClient.MinecraftRuntimeManager.ClientHandler Sending HTTP request GET https://resources.download.minecraft.net/c2/c2367ef1e142e531aa03808236325b5ded5cb184
2026-09-08T22:59:55.7127418+00:00 Information System.Net.Http.HttpClient.MinecraftRuntimeManager.ClientHandler Received HTTP response headers after 173.2695ms - 200
2026-09-08T22:59:55.7130475+00:00 Information System.Net.Http.HttpClient.MinecraftRuntimeManager.LogicalHandler End processing HTTP request after 174.325ms - 200
2026-09-08T22:59:55.7347688+00:00 Information System.Net.Http.HttpClient.MinecraftRuntimeManager.LogicalHandler Start processing HTTP request GET https://resources.download.minecraft.net/71/711db30a0ea786c95247d89a0a34b0043dd16210
2026-09-08T22:59:55.7350491+00:00 Information System.Net.Http.HttpClient.MinecraftRuntimeManager.ClientHandler Sending HTTP request GET https://resources.download.minecraft.net/71/711db30a0ea786c95247d89a0a34b0043dd16210
2026-09-08T22:59:55.9090038+00:00 Information System.Net.Http.HttpClient.MinecraftRuntimeManager.ClientHandler Received HTTP response headers after 173.5902ms - 200
2026-09-08T22:59:55.9093461+00:00 Information System.Net.Http.HttpClient.MinecraftRuntimeManager.LogicalHandler End processing HTTP request after 174.5699ms - 200
2026-09-08T22:59:55.9283867+00:00 Information System.Net.Http.HttpClient.MinecraftRuntimeManager.LogicalHandler Start processing HTTP request GET https://resources.download.minecraft.net/3e/3ec63275fffdf755e78cc01fa22d050830034fb8
2026-09-08T22:59:55.9286360+00:00 Information System.Net.Http.HttpClient.MinecraftRuntimeManager.ClientHandler Sending HTTP request GET https://resources.download.minecraft.net/3e/3ec63275fffdf755e78cc01fa22d050830034fb8
2026-09-08T22:59:56.1029865+00:00 Information System.Net.Http.HttpClient.MinecraftRuntimeManager.ClientHandler Received HTTP response headers after 174.006ms - 200
2026-09-08T22:59:56.1033302+00:00 Information System.Net.Http.HttpClient.MinecraftRuntimeManager.LogicalHandler End processing HTTP request after 174.9608ms - 200
2026-09-08T22:59:56.1227391+00:00 Information System.Net.Http.HttpClient.MinecraftRuntimeManager.LogicalHandler Start processing HTTP request GET https://resources.download.minecraft.net/8c/8ca2c5219bef386424c8d002a30dbb6d5c63e45f
2026-09-08T22:59:56.1231316+00:00 Information System.Net.Http.HttpClient.MinecraftRuntimeManager.ClientHandler Sending HTTP request GET https://resources.download.minecraft.net/8c/8ca2c5219bef386424c8d002a30dbb6d5c63e45f
2026-09-08T22:59:56.2970116+00:00 Information System.Net.Http.HttpClient.MinecraftRuntimeManager.ClientHandler Received HTTP response headers after 173.404ms - 200
2026-09-08T22:59:56.2974435+00:00 Information System.Net.Http.HttpClient.MinecraftRuntimeManager.LogicalHandler End processing HTTP request after 174.7351ms - 200
2026-09-08T22:59:56.3086309+00:00 Information System.Net.Http.HttpClient.MinecraftRuntimeManager.LogicalHandler Start processing HTTP request GET https://resources.download.minecraft.net/8e/8e1a772f818d2e6eed58cdb2b083bde8776c38de
2026-09-08T22:59:56.3089233+00:00 Information System.Net.Http.HttpClient.MinecraftRuntimeManager.ClientHandler Sending HTTP request GET https://resources.download.minecraft.net/8e/8e1a772f818d2e6eed58cdb2b083bde8776c38de
2026-09-08T22:59:56.4818408+00:00 Information System.Net.Http.HttpClient.MinecraftRuntimeManager.ClientHandler Received HTTP response headers after 172.499ms - 200
2026-09-08T22:59:56.4822127+00:00 Information System.Net.Http.HttpClient.MinecraftRuntimeManager.LogicalHandler End processing HTTP request after 173.6063ms - 200
2026-09-08T22:59:56.4942312+00:00 Information System.Net.Http.HttpClient.MinecraftRuntimeManager.LogicalHandler Start processing HTTP request GET https://resources.download.minecraft.net/b1/b1b19e98780d3f3b205529784381722bc2072293
2026-09-08T22:59:56.4946647+00:00 Information System.Net.Http.HttpClient.MinecraftRuntimeManager.ClientHandler Sending HTTP request GET https://resources.download.minecraft.net/b1/b1b19e98780d3f3b205529784381722bc2072293
2026-09-08T22:59:56.6681871+00:00 Information System.Net.Http.HttpClient.MinecraftRuntimeManager.ClientHandler Received HTTP response headers after 173.0228ms - 200
2026-09-08T22:59:56.6686564+00:00 Information System.Net.Http.HttpClient.MinecraftRuntimeManager.LogicalHandler End processing HTTP request after 174.504ms - 200
2026-09-08T22:59:56.6778626+00:00 Information System.Net.Http.HttpClient.MinecraftRuntimeManager.LogicalHandler Start processing HTTP request GET https://resources.download.minecraft.net/cc/cc18f6fff795c388d5344835cbdd26033ffe612a
2026-09-08T22:59:56.6781587+00:00 Information System.Net.Http.HttpClient.MinecraftRuntimeManager.ClientHandler Sending HTTP request GET https://resources.download.minecraft.net/cc/cc18f6fff795c388d5344835cbdd26033ffe612a
2026-09-08T22:59:56.8525447+00:00 Information System.Net.Http.HttpClient.MinecraftRuntimeManager.ClientHandler Received HTTP response headers after 174.0337ms - 200
2026-09-08T22:59:56.8529191+00:00 Information System.Net.Http.HttpClient.MinecraftRuntimeManager.LogicalHandler End processing HTTP request after 175.0918ms - 200
2026-09-08T22:59:56.8629537+00:00 Information System.Net.Http.HttpClient.MinecraftRuntimeManager.LogicalHandler Start processing HTTP request GET https://resources.download.minecraft.net/9e/9ec3a85c351475f38ecc01dd4b1b1bd5ae82ddf8
2026-09-08T22:59:56.8632833+00:00 Information System.Net.Http.HttpClient.MinecraftRuntimeManager.ClientHandler Sending HTTP request GET https://resources.download.minecraft.net/9e/9ec3a85c351475f38ecc01dd4b1b1bd5ae82ddf8
2026-09-08T22:59:57.0369204+00:00 Information System.Net.Http.HttpClient.MinecraftRuntimeManager.ClientHandler Received HTTP response headers after 173.2464ms - 200
2026-09-08T22:59:57.0373567+00:00 Information System.Net.Http.HttpClient.MinecraftRuntimeManager.LogicalHandler End processing HTTP request after 174.4204ms - 200
2026-09-08T22:59:57.0486609+00:00 Information System.Net.Http.HttpClient.MinecraftRuntimeManager.LogicalHandler Start processing HTTP request GET https://resources.download.minecraft.net/38/382a151231a96ffbea3622943cd2cb64acca107e
2026-09-08T22:59:57.0489287+00:00 Information System.Net.Http.HttpClient.MinecraftRuntimeManager.ClientHandler Sending HTTP request GET https://resources.download.minecraft.net/38/382a151231a96ffbea3622943cd2cb64acca107e
2026-09-08T22:59:57.2231890+00:00 Information System.Net.Http.HttpClient.MinecraftRuntimeManager.ClientHandler Received HTTP response headers after 173.8701ms - 200
2026-09-08T22:59:57.2237082+00:00 Information System.Net.Http.HttpClient.MinecraftRuntimeManager.LogicalHandler End processing HTTP request after 175.0391ms - 200
2026-09-08T22:59:57.2333958+00:00 Information System.Net.Http.HttpClient.MinecraftRuntimeManager.LogicalHandler Start processing HTTP request GET https://resources.download.minecraft.net/39/39ec9f647dc54c66f72dcaf0e54b066f413a0895
2026-09-08T22:59:57.2337239+00:00 Information System.Net.Http.HttpClient.MinecraftRuntimeManager.ClientHandler Sending HTTP request GET https://resources.download.minecraft.net/39/39ec9f647dc54c66f72dcaf0e54b066f413a0895
2026-09-08T22:59:57.4077266+00:00 Information System.Net.Http.HttpClient.MinecraftRuntimeManager.ClientHandler Received HTTP response headers after 173.6896ms - 200
2026-09-08T22:59:57.4081688+00:00 Information System.Net.Http.HttpClient.MinecraftRuntimeManager.LogicalHandler End processing HTTP request after 174.7387ms - 200
2026-09-08T22:59:57.4167983+00:00 Information System.Net.Http.HttpClient.MinecraftRuntimeManager.LogicalHandler Start processing HTTP request GET https://resources.download.minecraft.net/2c/2ccf6ef5fc880ccd57a6e550c443700e6d748e3c
2026-09-08T22:59:57.4172402+00:00 Information System.Net.Http.HttpClient.MinecraftRuntimeManager.ClientHandler Sending HTTP request GET https://resources.download.minecraft.net/2c/2ccf6ef5fc880ccd57a6e550c443700e6d748e3c
2026-09-08T22:59:57.5906392+00:00 Information System.Net.Http.HttpClient.MinecraftRuntimeManager.ClientHandler Received HTTP response headers after 172.8953ms - 200
2026-09-08T22:59:57.5911227+00:00 Information System.Net.Http.HttpClient.MinecraftRuntimeManager.LogicalHandler End processing HTTP request after 174.2154ms - 200
2026-09-08T22:59:57.6004221+00:00 Information System.Net.Http.HttpClient.MinecraftRuntimeManager.LogicalHandler Start processing HTTP request GET https://resources.download.minecraft.net/54/54d86634de079d8e52cc0129fa7cfe269a8fec17
2026-09-08T22:59:57.6007000+00:00 Information System.Net.Http.HttpClient.MinecraftRuntimeManager.ClientHandler Sending HTTP request GET https://resources.download.minecraft.net/54/54d86634de079d8e52cc0129fa7cfe269a8fec17
2026-09-08T22:59:57.7716237+00:00 Information System.Net.Http.HttpClient.MinecraftRuntimeManager.ClientHandler Received HTTP response headers after 170.5479ms - 200
2026-09-08T22:59:57.7721096+00:00 Information System.Net.Http.HttpClient.MinecraftRuntimeManager.LogicalHandler End processing HTTP request after 171.6389ms - 200
2026-09-08T22:59:57.7823795+00:00 Information System.Net.Http.HttpClient.MinecraftRuntimeManager.LogicalHandler Start processing HTTP request GET https://resources.download.minecraft.net/64/64aedc68cc012df8336801a50e617b4fd09343fd
2026-09-08T22:59:57.7826429+00:00 Information System.Net.Http.HttpClient.MinecraftRuntimeManager.ClientHandler Sending HTTP request GET https://resources.download.minecraft.net/64/64aedc68cc012df8336801a50e617b4fd09343fd
2026-09-08T22:59:57.9551101+00:00 Information System.Net.Http.HttpClient.MinecraftRuntimeManager.ClientHandler Received HTTP response headers after 172.1539ms - 200
2026-09-08T22:59:57.9554961+00:00 Information System.Net.Http.HttpClient.MinecraftRuntimeManager.LogicalHandler End processing HTTP request after 173.1403ms - 200
2026-09-08T22:59:57.9662466+00:00 Information System.Net.Http.HttpClient.MinecraftRuntimeManager.LogicalHandler Start processing HTTP request GET https://resources.download.minecraft.net/24/240d7af9ddb309e5e6b30f5b69b163bda9f43d8e
2026-09-08T22:59:57.9665809+00:00 Information System.Net.Http.HttpClient.MinecraftRuntimeManager.ClientHandler Sending HTTP request GET https://resources.download.minecraft.net/24/240d7af9ddb309e5e6b30f5b69b163bda9f43d8e
2026-09-08T22:59:58.1385453+00:00 Information System.Net.Http.HttpClient.MinecraftRuntimeManager.ClientHandler Received HTTP response headers after 171.6136ms - 200
2026-09-08T22:59:58.1388472+00:00 Information System.Net.Http.HttpClient.MinecraftRuntimeManager.LogicalHandler End processing HTTP request after 172.6938ms - 200
2026-09-08T22:59:58.1496827+00:00 Information System.Net.Http.HttpClient.MinecraftRuntimeManager.LogicalHandler Start processing HTTP request GET https://resources.download.minecraft.net/f9/f929049bb7d6cd5ab7cfbb51e55ea3cee52e5729
2026-09-08T22:59:58.1501741+00:00 Information System.Net.Http.HttpClient.MinecraftRuntimeManager.ClientHandler Sending HTTP request GET https://resources.download.minecraft.net/f9/f929049bb7d6cd5ab7cfbb51e55ea3cee52e5729
2026-09-08T22:59:58.3240937+00:00 Information System.Net.Http.HttpClient.MinecraftRuntimeManager.ClientHandler Received HTTP response headers after 173.5273ms - 200
2026-09-08T22:59:58.3244354+00:00 Information System.Net.Http.HttpClient.MinecraftRuntimeManager.LogicalHandler End processing HTTP request after 174.824ms - 200
2026-09-08T22:59:58.3349262+00:00 Information System.Net.Http.HttpClient.MinecraftRuntimeManager.LogicalHandler Start processing HTTP request GET https://resources.download.minecraft.net/b2/b2b85858191c452aa27d1ea790edf2c9c497e0d5
2026-09-08T22:59:58.3352621+00:00 Information System.Net.Http.HttpClient.MinecraftRuntimeManager.ClientHandler Sending HTTP request GET https://resources.download.minecraft.net/b2/b2b85858191c452aa27d1ea790edf2c9c497e0d5
2026-09-08T22:59:58.5082229+00:00 Information System.Net.Http.HttpClient.MinecraftRuntimeManager.ClientHandler Received HTTP response headers after 172.478ms - 200
2026-09-08T22:59:58.5087638+00:00 Information System.Net.Http.HttpClient.MinecraftRuntimeManager.LogicalHandler End processing HTTP request after 173.8519ms - 200
2026-09-08T22:59:58.5184541+00:00 Information System.Net.Http.HttpClient.MinecraftRuntimeManager.LogicalHandler Start processing HTTP request GET https://resources.download.minecraft.net/a8/a8729aeadb4f8303d16366e2896098cc7926da67
2026-09-08T22:59:58.5187249+00:00 Information System.Net.Http.HttpClient.MinecraftRuntimeManager.ClientHandler Sending HTTP request GET https://resources.download.minecraft.net/a8/a8729aeadb4f8303d16366e2896098cc7926da67
2026-09-08T22:59:58.6910598+00:00 Information System.Net.Http.HttpClient.MinecraftRuntimeManager.ClientHandler Received HTTP response headers after 172.0246ms - 200
2026-09-08T22:59:58.6914110+00:00 Information System.Net.Http.HttpClient.MinecraftRuntimeManager.LogicalHandler End processing HTTP request after 172.9991ms - 200
2026-09-08T22:59:58.7001563+00:00 Information System.Net.Http.HttpClient.MinecraftRuntimeManager.LogicalHandler Start processing HTTP request GET https://resources.download.minecraft.net/0e/0e5029467ce047b3146be7ac3c25325301e223dd
2026-09-08T22:59:58.7004520+00:00 Information System.Net.Http.HttpClient.MinecraftRuntimeManager.ClientHandler Sending HTTP request GET https://resources.download.minecraft.net/0e/0e5029467ce047b3146be7ac3c25325301e223dd
2026-09-08T22:59:58.8730535+00:00 Information System.Net.Http.HttpClient.MinecraftRuntimeManager.ClientHandler Received HTTP response headers after 172.275ms - 200
2026-09-08T22:59:58.8734969+00:00 Information System.Net.Http.HttpClient.MinecraftRuntimeManager.LogicalHandler End processing HTTP request after 173.3702ms - 200
2026-09-08T22:59:58.8837815+00:00 Information System.Net.Http.HttpClient.MinecraftRuntimeManager.LogicalHandler Start processing HTTP request GET https://resources.download.minecraft.net/f3/f3e93920147eef76105c0f47f845fb53de202a45
2026-09-08T22:59:58.8843186+00:00 Information System.Net.Http.HttpClient.MinecraftRuntimeManager.ClientHandler Sending HTTP request GET https://resources.download.minecraft.net/f3/f3e93920147eef76105c0f47f845fb53de202a45
2026-09-08T22:59:59.0580021+00:00 Information System.Net.Http.HttpClient.MinecraftRuntimeManager.ClientHandler Received HTTP response headers after 173.2801ms - 200
2026-09-08T22:59:59.0584129+00:00 Information System.Net.Http.HttpClient.MinecraftRuntimeManager.LogicalHandler End processing HTTP request after 174.6879ms - 200
2026-09-08T22:59:59.0685177+00:00 Information System.Net.Http.HttpClient.MinecraftRuntimeManager.LogicalHandler Start processing HTTP request GET https://resources.download.minecraft.net/6b/6bb45e31e1939487f58f5fd4be1e7487b1fa16be
2026-09-08T22:59:59.0688238+00:00 Information System.Net.Http.HttpClient.MinecraftRuntimeManager.ClientHandler Sending HTTP request GET https://resources.download.minecraft.net/6b/6bb45e31e1939487f58f5fd4be1e7487b1fa16be
2026-09-08T22:59:59.2414649+00:00 Information System.Net.Http.HttpClient.MinecraftRuntimeManager.ClientHandler Received HTTP response headers after 172.2719ms - 200
2026-09-08T22:59:59.2418208+00:00 Information System.Net.Http.HttpClient.MinecraftRuntimeManager.LogicalHandler End processing HTTP request after 173.3488ms - 200
2026-09-08T22:59:59.2528328+00:00 Information System.Net.Http.HttpClient.MinecraftRuntimeManager.LogicalHandler Start processing HTTP request GET https://resources.download.minecraft.net/5c/5cc75e9e824a6ae798e657282694cc4174bfdd15
2026-09-08T22:59:59.2531212+00:00 Information System.Net.Http.HttpClient.MinecraftRuntimeManager.ClientHandler Sending HTTP request GET https://resources.download.minecraft.net/5c/5cc75e9e824a6ae798e657282694cc4174bfdd15
2026-09-08T22:59:59.4278282+00:00 Information System.Net.Http.HttpClient.MinecraftRuntimeManager.ClientHandler Received HTTP response headers after 174.404ms - 200
2026-09-08T22:59:59.4281613+00:00 Information System.Net.Http.HttpClient.MinecraftRuntimeManager.LogicalHandler End processing HTTP request after 175.34ms - 200
2026-09-08T22:59:59.4378835+00:00 Information System.Net.Http.HttpClient.MinecraftRuntimeManager.LogicalHandler Start processing HTTP request GET https://resources.download.minecraft.net/c0/c076377ba38821a3b050ebcf333043cb4cf59b81
2026-09-08T22:59:59.4381666+00:00 Information System.Net.Http.HttpClient.MinecraftRuntimeManager.ClientHandler Sending HTTP request GET https://resources.download.minecraft.net/c0/c076377ba38821a3b050ebcf333043cb4cf59b81
2026-09-08T22:59:59.6114838+00:00 Information System.Net.Http.HttpClient.MinecraftRuntimeManager.ClientHandler Received HTTP response headers after 172.9243ms - 200
2026-09-08T22:59:59.6118061+00:00 Information System.Net.Http.HttpClient.MinecraftRuntimeManager.LogicalHandler End processing HTTP request after 173.9607ms - 200
2026-09-08T22:59:59.6221304+00:00 Information System.Net.Http.HttpClient.MinecraftRuntimeManager.LogicalHandler Start processing HTTP request GET https://resources.download.minecraft.net/f1/f1a2ede27259b0b2321e36b2d70c2fd63d82e862
2026-09-08T22:59:59.6224980+00:00 Information System.Net.Http.HttpClient.MinecraftRuntimeManager.ClientHandler Sending HTTP request GET https://resources.download.minecraft.net/f1/f1a2ede27259b0b2321e36b2d70c2fd63d82e862
2026-09-08T22:59:59.7959861+00:00 Information System.Net.Http.HttpClient.MinecraftRuntimeManager.ClientHandler Received HTTP response headers after 173.1684ms - 200
2026-09-08T22:59:59.7963708+00:00 Information System.Net.Http.HttpClient.MinecraftRuntimeManager.LogicalHandler End processing HTTP request after 174.3015ms - 200
2026-09-08T22:59:59.8065504+00:00 Information System.Net.Http.HttpClient.MinecraftRuntimeManager.LogicalHandler Start processing HTTP request GET https://resources.download.minecraft.net/d6/d696e2d6640747987a056319dfd6e15c25e75191
2026-09-08T22:59:59.8068752+00:00 Information System.Net.Http.HttpClient.MinecraftRuntimeManager.ClientHandler Sending HTTP request GET https://resources.download.minecraft.net/d6/d696e2d6640747987a056319dfd6e15c25e75191
2026-09-08T22:59:59.9788201+00:00 Information System.Net.Http.HttpClient.MinecraftRuntimeManager.ClientHandler Received HTTP response headers after 171.5823ms - 200
2026-09-08T22:59:59.9791948+00:00 Information System.Net.Http.HttpClient.MinecraftRuntimeManager.LogicalHandler End processing HTTP request after 172.7077ms - 200
2026-09-08T22:59:59.9881678+00:00 Information System.Net.Http.HttpClient.MinecraftRuntimeManager.LogicalHandler Start processing HTTP request GET https://resources.download.minecraft.net/2b/2b15d255ecf10baa81d8f51df3d2e43c68b52152
2026-09-08T22:59:59.9884849+00:00 Information System.Net.Http.HttpClient.MinecraftRuntimeManager.ClientHandler Sending HTTP request GET https://resources.download.minecraft.net/2b/2b15d255ecf10baa81d8f51df3d2e43c68b52152
2026-09-08T23:00:00.1613964+00:00 Information System.Net.Http.HttpClient.MinecraftRuntimeManager.ClientHandler Received HTTP response headers after 172.4911ms - 200
2026-09-08T23:00:00.1618877+00:00 Information System.Net.Http.HttpClient.MinecraftRuntimeManager.LogicalHandler End processing HTTP request after 173.6958ms - 200
2026-09-08T23:00:00.1718729+00:00 Information System.Net.Http.HttpClient.MinecraftRuntimeManager.LogicalHandler Start processing HTTP request GET https://resources.download.minecraft.net/e1/e1e793d3c910f0c270eeb9d590774583451f94f5
2026-09-08T23:00:00.1721153+00:00 Information System.Net.Http.HttpClient.MinecraftRuntimeManager.ClientHandler Sending HTTP request GET https://resources.download.minecraft.net/e1/e1e793d3c910f0c270eeb9d590774583451f94f5
2026-09-08T23:00:00.3446643+00:00 Information System.Net.Http.HttpClient.MinecraftRuntimeManager.ClientHandler Received HTTP response headers after 172.2195ms - 200
2026-09-08T23:00:00.3451302+00:00 Information System.Net.Http.HttpClient.MinecraftRuntimeManager.LogicalHandler End processing HTTP request after 173.1449ms - 200
2026-09-08T23:00:00.3560234+00:00 Information System.Net.Http.HttpClient.MinecraftRuntimeManager.LogicalHandler Start processing HTTP request GET https://resources.download.minecraft.net/01/01fc32d87db50d42e67519529c9e5b911652fcc7
2026-09-08T23:00:00.3562895+00:00 Information System.Net.Http.HttpClient.MinecraftRuntimeManager.ClientHandler Sending HTTP request GET https://resources.download.minecraft.net/01/01fc32d87db50d42e67519529c9e5b911652fcc7
2026-09-08T23:00:00.5292919+00:00 Information System.Net.Http.HttpClient.MinecraftRuntimeManager.ClientHandler Received HTTP response headers after 172.6078ms - 200
2026-09-08T23:00:00.5296182+00:00 Information System.Net.Http.HttpClient.MinecraftRuntimeManager.LogicalHandler End processing HTTP request after 173.6342ms - 200
2026-09-08T23:00:00.5381791+00:00 Information System.Net.Http.HttpClient.MinecraftRuntimeManager.LogicalHandler Start processing HTTP request GET https://resources.download.minecraft.net/aa/aaf9d9bbea70c6ae1b6326d55a6bd31835d7ad58
2026-09-08T23:00:00.5384394+00:00 Information System.Net.Http.HttpClient.MinecraftRuntimeManager.ClientHandler Sending HTTP request GET https://resources.download.minecraft.net/aa/aaf9d9bbea70c6ae1b6326d55a6bd31835d7ad58
2026-09-08T23:00:00.7090227+00:00 Information System.Net.Http.HttpClient.MinecraftRuntimeManager.ClientHandler Received HTTP response headers after 170.2298ms - 200
2026-09-08T23:00:00.7094634+00:00 Information System.Net.Http.HttpClient.MinecraftRuntimeManager.LogicalHandler End processing HTTP request after 171.2823ms - 200
2026-09-08T23:00:00.7182011+00:00 Information System.Net.Http.HttpClient.MinecraftRuntimeManager.LogicalHandler Start processing HTTP request GET https://resources.download.minecraft.net/ce/cea8d7528eb11e1b804f43c1fc96db8e20a5270c
2026-09-08T23:00:00.7185224+00:00 Information System.Net.Http.HttpClient.MinecraftRuntimeManager.ClientHandler Sending HTTP request GET https://resources.download.minecraft.net/ce/cea8d7528eb11e1b804f43c1fc96db8e20a5270c
2026-09-08T23:00:00.8903340+00:00 Information System.Net.Http.HttpClient.MinecraftRuntimeManager.ClientHandler Received HTTP response headers after 171.3925ms - 200
2026-09-08T23:00:00.8907797+00:00 Information System.Net.Http.HttpClient.MinecraftRuntimeManager.LogicalHandler End processing HTTP request after 172.6067ms - 200
2026-09-08T23:00:00.9005244+00:00 Information System.Net.Http.HttpClient.MinecraftRuntimeManager.LogicalHandler Start processing HTTP request GET https://resources.download.minecraft.net/0a/0a682ccf59ee55c4c318540cb1c1796b89544725
2026-09-08T23:00:00.9008893+00:00 Information System.Net.Http.HttpClient.MinecraftRuntimeManager.ClientHandler Sending HTTP request GET https://resources.download.minecraft.net/0a/0a682ccf59ee55c4c318540cb1c1796b89544725
2026-09-08T23:00:01.0742113+00:00 Information System.Net.Http.HttpClient.MinecraftRuntimeManager.ClientHandler Received HTTP response headers after 172.8827ms - 200
2026-09-08T23:00:01.0746240+00:00 Information System.Net.Http.HttpClient.MinecraftRuntimeManager.LogicalHandler End processing HTTP request after 174.1971ms - 200
2026-09-08T23:00:01.0857234+00:00 Information System.Net.Http.HttpClient.MinecraftRuntimeManager.LogicalHandler Start processing HTTP request GET https://resources.download.minecraft.net/3b/3b38ff0265ed81718749b343af3341c434cdeec2
2026-09-08T23:00:01.0860567+00:00 Information System.Net.Http.HttpClient.MinecraftRuntimeManager.ClientHandler Sending HTTP request GET https://resources.download.minecraft.net/3b/3b38ff0265ed81718749b343af3341c434cdeec2
2026-09-08T23:00:01.2598813+00:00 Information System.Net.Http.HttpClient.MinecraftRuntimeManager.ClientHandler Received HTTP response headers after 173.4364ms - 200
2026-09-08T23:00:01.2602522+00:00 Information System.Net.Http.HttpClient.MinecraftRuntimeManager.LogicalHandler End processing HTTP request after 174.5404ms - 200
2026-09-08T23:00:01.2693514+00:00 Information System.Net.Http.HttpClient.MinecraftRuntimeManager.LogicalHandler Start processing HTTP request GET https://resources.download.minecraft.net/00/006dada2a21571fc27e6a3781a8c245ea2f0a7fc
2026-09-08T23:00:01.2696494+00:00 Information System.Net.Http.HttpClient.MinecraftRuntimeManager.ClientHandler Sending HTTP request GET https://resources.download.minecraft.net/00/006dada2a21571fc27e6a3781a8c245ea2f0a7fc
2026-09-08T23:00:01.4429680+00:00 Information System.Net.Http.HttpClient.MinecraftRuntimeManager.ClientHandler Received HTTP response headers after 172.9296ms - 200
2026-09-08T23:00:01.4432745+00:00 Information System.Net.Http.HttpClient.MinecraftRuntimeManager.LogicalHandler End processing HTTP request after 173.9556ms - 200
2026-09-08T23:00:01.4532169+00:00 Information System.Net.Http.HttpClient.MinecraftRuntimeManager.LogicalHandler Start processing HTTP request GET https://resources.download.minecraft.net/55/55a1980f05271af3adaef0a0de95c7643dc30398
2026-09-08T23:00:01.4534913+00:00 Information System.Net.Http.HttpClient.MinecraftRuntimeManager.ClientHandler Sending HTTP request GET https://resources.download.minecraft.net/55/55a1980f05271af3adaef0a0de95c7643dc30398
2026-09-08T23:00:01.6304586+00:00 Information System.Net.Http.HttpClient.MinecraftRuntimeManager.ClientHandler Received HTTP response headers after 176.6982ms - 200
2026-09-08T23:00:01.6308507+00:00 Information System.Net.Http.HttpClient.MinecraftRuntimeManager.LogicalHandler End processing HTTP request after 177.6508ms - 200
2026-09-08T23:00:01.6414406+00:00 Information System.Net.Http.HttpClient.MinecraftRuntimeManager.LogicalHandler Start processing HTTP request GET https://resources.download.minecraft.net/3a/3a5861e32a704c97e0ac1418a7e4bdd6dd7df9b7
2026-09-08T23:00:01.6416971+00:00 Information System.Net.Http.HttpClient.MinecraftRuntimeManager.ClientHandler Sending HTTP request GET https://resources.download.minecraft.net/3a/3a5861e32a704c97e0ac1418a7e4bdd6dd7df9b7
2026-09-08T23:00:01.8152198+00:00 Information System.Net.Http.HttpClient.MinecraftRuntimeManager.ClientHandler Received HTTP response headers after 173.2639ms - 200
2026-09-08T23:00:01.8155187+00:00 Information System.Net.Http.HttpClient.MinecraftRuntimeManager.LogicalHandler End processing HTTP request after 174.1161ms - 200
2026-09-08T23:00:01.8230511+00:00 Information System.Net.Http.HttpClient.MinecraftRuntimeManager.LogicalHandler Start processing HTTP request GET https://resources.download.minecraft.net/ff/ffa959046f30befad6490dde4bed82e81fed2c97
2026-09-08T23:00:01.8233917+00:00 Information System.Net.Http.HttpClient.MinecraftRuntimeManager.ClientHandler Sending HTTP request GET https://resources.download.minecraft.net/ff/ffa959046f30befad6490dde4bed82e81fed2c97
2026-09-08T23:00:01.9991422+00:00 Information System.Net.Http.HttpClient.MinecraftRuntimeManager.ClientHandler Received HTTP response headers after 175.4217ms - 200
2026-09-08T23:00:01.9995726+00:00 Information System.Net.Http.HttpClient.MinecraftRuntimeManager.LogicalHandler End processing HTTP request after 176.5284ms - 200
2026-09-08T23:00:02.0097441+00:00 Information System.Net.Http.HttpClient.MinecraftRuntimeManager.LogicalHandler Start processing HTTP request GET https://resources.download.minecraft.net/2a/2af699202676471bec82845a4accbf9c1bb27244
2026-09-08T23:00:02.0101710+00:00 Information System.Net.Http.HttpClient.MinecraftRuntimeManager.ClientHandler Sending HTTP request GET https://resources.download.minecraft.net/2a/2af699202676471bec82845a4accbf9c1bb27244
2026-09-08T23:00:02.1831716+00:00 Information System.Net.Http.HttpClient.MinecraftRuntimeManager.ClientHandler Received HTTP response headers after 172.5139ms - 200
2026-09-08T23:00:02.1836808+00:00 Information System.Net.Http.HttpClient.MinecraftRuntimeManager.LogicalHandler End processing HTTP request after 173.9353ms - 200
2026-09-08T23:00:02.1922780+00:00 Information System.Net.Http.HttpClient.MinecraftRuntimeManager.LogicalHandler Start processing HTTP request GET https://resources.download.minecraft.net/41/41c2c9723623b40a00511dc6263a7057c27b50dd
2026-09-08T23:00:02.1926211+00:00 Information System.Net.Http.HttpClient.MinecraftRuntimeManager.ClientHandler Sending HTTP request GET https://resources.download.minecraft.net/41/41c2c9723623b40a00511dc6263a7057c27b50dd
2026-09-08T23:00:02.3653061+00:00 Information System.Net.Http.HttpClient.MinecraftRuntimeManager.ClientHandler Received HTTP response headers after 172.3259ms - 200
2026-09-08T23:00:02.3656650+00:00 Information System.Net.Http.HttpClient.MinecraftRuntimeManager.LogicalHandler End processing HTTP request after 173.4526ms - 200
2026-09-08T23:00:02.3744845+00:00 Information System.Net.Http.HttpClient.MinecraftRuntimeManager.LogicalHandler Start processing HTTP request GET https://resources.download.minecraft.net/20/201900635070f841f7de6c9575339ea219eb94c2
2026-09-08T23:00:02.3747505+00:00 Information System.Net.Http.HttpClient.MinecraftRuntimeManager.ClientHandler Sending HTTP request GET https://resources.download.minecraft.net/20/201900635070f841f7de6c9575339ea219eb94c2
2026-09-08T23:00:02.5471687+00:00 Information System.Net.Http.HttpClient.MinecraftRuntimeManager.ClientHandler Received HTTP response headers after 172.0359ms - 200
2026-09-08T23:00:02.5477697+00:00 Information System.Net.Http.HttpClient.MinecraftRuntimeManager.LogicalHandler End processing HTTP request after 173.2473ms - 200
2026-09-08T23:00:02.5583368+00:00 Information System.Net.Http.HttpClient.MinecraftRuntimeManager.LogicalHandler Start processing HTTP request GET https://resources.download.minecraft.net/f2/f286216f203d49fa09567c41f6fcd2ad6e496d68
2026-09-08T23:00:02.5586118+00:00 Information System.Net.Http.HttpClient.MinecraftRuntimeManager.ClientHandler Sending HTTP request GET https://resources.download.minecraft.net/f2/f286216f203d49fa09567c41f6fcd2ad6e496d68
2026-09-08T23:00:02.7308328+00:00 Information System.Net.Http.HttpClient.MinecraftRuntimeManager.ClientHandler Received HTTP response headers after 171.834ms - 200
2026-09-08T23:00:02.7313073+00:00 Information System.Net.Http.HttpClient.MinecraftRuntimeManager.LogicalHandler End processing HTTP request after 173.0013ms - 200
2026-09-08T23:00:02.7404084+00:00 Information System.Net.Http.HttpClient.MinecraftRuntimeManager.LogicalHandler Start processing HTTP request GET https://resources.download.minecraft.net/a2/a298905155e571b0175bd9fe1159b55a978f1161
2026-09-08T23:00:02.7407189+00:00 Information System.Net.Http.HttpClient.MinecraftRuntimeManager.ClientHandler Sending HTTP request GET https://resources.download.minecraft.net/a2/a298905155e571b0175bd9fe1159b55a978f1161
2026-09-08T23:00:02.9138043+00:00 Information System.Net.Http.HttpClient.MinecraftRuntimeManager.ClientHandler Received HTTP response headers after 172.7288ms - 200
2026-09-08T23:00:02.9142729+00:00 Information System.Net.Http.HttpClient.MinecraftRuntimeManager.LogicalHandler End processing HTTP request after 173.8701ms - 200
2026-09-08T23:00:02.9236915+00:00 Information System.Net.Http.HttpClient.MinecraftRuntimeManager.LogicalHandler Start processing HTTP request GET https://resources.download.minecraft.net/f8/f82b1154b34cd0a93533b3384d820db37174bc2e
2026-09-08T23:00:02.9240500+00:00 Information System.Net.Http.HttpClient.MinecraftRuntimeManager.ClientHandler Sending HTTP request GET https://resources.download.minecraft.net/f8/f82b1154b34cd0a93533b3384d820db37174bc2e
2026-09-08T23:00:03.0986387+00:00 Information System.Net.Http.HttpClient.MinecraftRuntimeManager.ClientHandler Received HTTP response headers after 174.1028ms - 200
2026-09-08T23:00:03.0991096+00:00 Information System.Net.Http.HttpClient.MinecraftRuntimeManager.LogicalHandler End processing HTTP request after 175.4276ms - 200
2026-09-08T23:00:03.1086254+00:00 Information System.Net.Http.HttpClient.MinecraftRuntimeManager.LogicalHandler Start processing HTTP request GET https://resources.download.minecraft.net/7f/7fbf93d76f4ba55b144d902f50416e5e97ae3166
2026-09-08T23:00:03.1088923+00:00 Information System.Net.Http.HttpClient.MinecraftRuntimeManager.ClientHandler Sending HTTP request GET https://resources.download.minecraft.net/7f/7fbf93d76f4ba55b144d902f50416e5e97ae3166
2026-09-08T23:00:03.2824256+00:00 Information System.Net.Http.HttpClient.MinecraftRuntimeManager.ClientHandler Received HTTP response headers after 173.1409ms - 200
2026-09-08T23:00:03.2828121+00:00 Information System.Net.Http.HttpClient.MinecraftRuntimeManager.LogicalHandler End processing HTTP request after 174.2016ms - 200
2026-09-08T23:00:03.2939290+00:00 Information System.Net.Http.HttpClient.MinecraftRuntimeManager.LogicalHandler Start processing HTTP request GET https://resources.download.minecraft.net/44/44a9a68dd718bedbd11b1f895277b648c18c5e0d
2026-09-08T23:00:03.2942614+00:00 Information System.Net.Http.HttpClient.MinecraftRuntimeManager.ClientHandler Sending HTTP request GET https://resources.download.minecraft.net/44/44a9a68dd718bedbd11b1f895277b648c18c5e0d
2026-09-08T23:00:03.4679823+00:00 Information System.Net.Http.HttpClient.MinecraftRuntimeManager.ClientHandler Received HTTP response headers after 173.258ms - 200
2026-09-08T23:00:03.4685238+00:00 Information System.Net.Http.HttpClient.MinecraftRuntimeManager.LogicalHandler End processing HTTP request after 174.5097ms - 200
2026-09-08T23:00:03.4774673+00:00 Information System.Net.Http.HttpClient.MinecraftRuntimeManager.LogicalHandler Start processing HTTP request GET https://resources.download.minecraft.net/b4/b49422cc89451a32776aca99100835af78e0b21a
2026-09-08T23:00:03.4777216+00:00 Information System.Net.Http.HttpClient.MinecraftRuntimeManager.ClientHandler Sending HTTP request GET https://resources.download.minecraft.net/b4/b49422cc89451a32776aca99100835af78e0b21a
2026-09-08T23:00:03.6517706+00:00 Information System.Net.Http.HttpClient.MinecraftRuntimeManager.ClientHandler Received HTTP response headers after 173.6405ms - 200
2026-09-08T23:00:03.6521351+00:00 Information System.Net.Http.HttpClient.MinecraftRuntimeManager.LogicalHandler End processing HTTP request after 174.7108ms - 200
2026-09-08T23:00:03.6620427+00:00 Information System.Net.Http.HttpClient.MinecraftRuntimeManager.LogicalHandler Start processing HTTP request GET https://resources.download.minecraft.net/a5/a57fc0da90f0b4ff1389293d267a00c3d4d87c75
2026-09-08T23:00:03.6623088+00:00 Information System.Net.Http.HttpClient.MinecraftRuntimeManager.ClientHandler Sending HTTP request GET https://resources.download.minecraft.net/a5/a57fc0da90f0b4ff1389293d267a00c3d4d87c75
2026-09-08T23:00:03.8374678+00:00 Information System.Net.Http.HttpClient.MinecraftRuntimeManager.ClientHandler Received HTTP response headers after 174.7901ms - 200
2026-09-08T23:00:03.8377993+00:00 Information System.Net.Http.HttpClient.MinecraftRuntimeManager.LogicalHandler End processing HTTP request after 175.7537ms - 200
2026-09-08T23:00:03.8464985+00:00 Information System.Net.Http.HttpClient.MinecraftRuntimeManager.LogicalHandler Start processing HTTP request GET https://resources.download.minecraft.net/f1/f1f54f19def2ac455fefac893ec6673316d02367
2026-09-08T23:00:03.8467608+00:00 Information System.Net.Http.HttpClient.MinecraftRuntimeManager.ClientHandler Sending HTTP request GET https://resources.download.minecraft.net/f1/f1f54f19def2ac455fefac893ec6673316d02367
2026-09-08T23:00:04.0196736+00:00 Information System.Net.Http.HttpClient.MinecraftRuntimeManager.ClientHandler Received HTTP response headers after 172.5338ms - 200
2026-09-08T23:00:04.0200942+00:00 Information System.Net.Http.HttpClient.MinecraftRuntimeManager.LogicalHandler End processing HTTP request after 173.6051ms - 200
2026-09-08T23:00:04.0288323+00:00 Information System.Net.Http.HttpClient.MinecraftRuntimeManager.LogicalHandler Start processing HTTP request GET https://resources.download.minecraft.net/92/92072eae22082c0f22148a74fba68ae45a688bf5
2026-09-08T23:00:04.0291851+00:00 Information System.Net.Http.HttpClient.MinecraftRuntimeManager.ClientHandler Sending HTTP request GET https://resources.download.minecraft.net/92/92072eae22082c0f22148a74fba68ae45a688bf5
2026-09-08T23:00:04.2040224+00:00 Information System.Net.Http.HttpClient.MinecraftRuntimeManager.ClientHandler Received HTTP response headers after 174.3943ms - 200
2026-09-08T23:00:04.2043956+00:00 Information System.Net.Http.HttpClient.MinecraftRuntimeManager.LogicalHandler End processing HTTP request after 175.6258ms - 200
2026-09-08T23:00:04.2142729+00:00 Information System.Net.Http.HttpClient.MinecraftRuntimeManager.LogicalHandler Start processing HTTP request GET https://resources.download.minecraft.net/77/770fcb86fb8fef3c74f6f2822e8a815a7aebdb34
2026-09-08T23:00:04.2145512+00:00 Information System.Net.Http.HttpClient.MinecraftRuntimeManager.ClientHandler Sending HTTP request GET https://resources.download.minecraft.net/77/770fcb86fb8fef3c74f6f2822e8a815a7aebdb34
2026-09-08T23:00:04.3879013+00:00 Information System.Net.Http.HttpClient.MinecraftRuntimeManager.ClientHandler Received HTTP response headers after 172.9456ms - 200
2026-09-08T23:00:04.3883755+00:00 Information System.Net.Http.HttpClient.MinecraftRuntimeManager.LogicalHandler End processing HTTP request after 174.112ms - 200
2026-09-08T23:00:04.3972957+00:00 Information System.Net.Http.HttpClient.MinecraftRuntimeManager.LogicalHandler Start processing HTTP request GET https://resources.download.minecraft.net/23/23af44d4ebfc4bb8245e3fe1906e620daf78367c
2026-09-08T23:00:04.3976622+00:00 Information System.Net.Http.HttpClient.MinecraftRuntimeManager.ClientHandler Sending HTTP request GET https://resources.download.minecraft.net/23/23af44d4ebfc4bb8245e3fe1906e620daf78367c
2026-09-08T23:00:04.5715692+00:00 Information System.Net.Http.HttpClient.MinecraftRuntimeManager.ClientHandler Received HTTP response headers after 173.4287ms - 200
2026-09-08T23:00:04.5720955+00:00 Information System.Net.Http.HttpClient.MinecraftRuntimeManager.LogicalHandler End processing HTTP request after 174.8437ms - 200
2026-09-08T23:00:04.5873352+00:00 Information System.Net.Http.HttpClient.MinecraftRuntimeManager.LogicalHandler Start processing HTTP request GET https://resources.download.minecraft.net/83/8375496eac88f2ca8e52693d2ce5cb4976539917
2026-09-08T23:00:04.5875871+00:00 Information System.Net.Http.HttpClient.MinecraftRuntimeManager.ClientHandler Sending HTTP request GET https://resources.download.minecraft.net/83/8375496eac88f2ca8e52693d2ce5cb4976539917
2026-09-08T23:00:04.7610950+00:00 Information System.Net.Http.HttpClient.MinecraftRuntimeManager.ClientHandler Received HTTP response headers after 173.0223ms - 200
2026-09-08T23:00:04.7613895+00:00 Information System.Net.Http.HttpClient.MinecraftRuntimeManager.LogicalHandler End processing HTTP request after 174.1001ms - 200
2026-09-08T23:00:04.7768308+00:00 Information System.Net.Http.HttpClient.MinecraftRuntimeManager.LogicalHandler Start processing HTTP request GET https://resources.download.minecraft.net/13/135320552365d45103d97443ad9aa2a13c63a030
2026-09-08T23:00:04.7771224+00:00 Information System.Net.Http.HttpClient.MinecraftRuntimeManager.ClientHandler Sending HTTP request GET https://resources.download.minecraft.net/13/135320552365d45103d97443ad9aa2a13c63a030
2026-09-08T23:00:04.9511853+00:00 Information System.Net.Http.HttpClient.MinecraftRuntimeManager.ClientHandler Received HTTP response headers after 173.6753ms - 200
2026-09-08T23:00:04.9515828+00:00 Information System.Net.Http.HttpClient.MinecraftRuntimeManager.LogicalHandler End processing HTTP request after 174.7455ms - 200
2026-09-08T23:00:04.9659224+00:00 Information System.Net.Http.HttpClient.MinecraftRuntimeManager.LogicalHandler Start processing HTTP request GET https://resources.download.minecraft.net/30/30f55a89035b34cd82c47b8c65eba1492f2f3b28
2026-09-08T23:00:04.9663458+00:00 Information System.Net.Http.HttpClient.MinecraftRuntimeManager.ClientHandler Sending HTTP request GET https://resources.download.minecraft.net/30/30f55a89035b34cd82c47b8c65eba1492f2f3b28
2026-09-08T23:00:05.1412784+00:00 Information System.Net.Http.HttpClient.MinecraftRuntimeManager.ClientHandler Received HTTP response headers after 174.4662ms - 200
2026-09-08T23:00:05.1417034+00:00 Information System.Net.Http.HttpClient.MinecraftRuntimeManager.LogicalHandler End processing HTTP request after 175.8195ms - 200
2026-09-08T23:00:05.1520764+00:00 Information System.Net.Http.HttpClient.MinecraftRuntimeManager.LogicalHandler Start processing HTTP request GET https://resources.download.minecraft.net/01/0130bd76ebc1d41f720c6c05762eedd08d6a57ad
2026-09-08T23:00:05.1523909+00:00 Information System.Net.Http.HttpClient.MinecraftRuntimeManager.ClientHandler Sending HTTP request GET https://resources.download.minecraft.net/01/0130bd76ebc1d41f720c6c05762eedd08d6a57ad
2026-09-08T23:00:05.3246109+00:00 Information System.Net.Http.HttpClient.MinecraftRuntimeManager.ClientHandler Received HTTP response headers after 171.8812ms - 200
2026-09-08T23:00:05.3249516+00:00 Information System.Net.Http.HttpClient.MinecraftRuntimeManager.LogicalHandler End processing HTTP request after 172.9171ms - 200
2026-09-08T23:00:05.3346338+00:00 Information System.Net.Http.HttpClient.MinecraftRuntimeManager.LogicalHandler Start processing HTTP request GET https://resources.download.minecraft.net/6c/6cff311448e5dae82525c1d85101ec1ba4f4098a
2026-09-08T23:00:05.3349575+00:00 Information System.Net.Http.HttpClient.MinecraftRuntimeManager.ClientHandler Sending HTTP request GET https://resources.download.minecraft.net/6c/6cff311448e5dae82525c1d85101ec1ba4f4098a
2026-09-08T23:00:05.5099795+00:00 Information System.Net.Http.HttpClient.MinecraftRuntimeManager.ClientHandler Received HTTP response headers after 174.6779ms - 200
2026-09-08T23:00:05.5103120+00:00 Information System.Net.Http.HttpClient.MinecraftRuntimeManager.LogicalHandler End processing HTTP request after 175.731ms - 200
2026-09-08T23:00:05.5196739+00:00 Information System.Net.Http.HttpClient.MinecraftRuntimeManager.LogicalHandler Start processing HTTP request GET https://resources.download.minecraft.net/fe/fee749edcca854360d5f3cb432e102a06fc981d3
2026-09-08T23:00:05.5199473+00:00 Information System.Net.Http.HttpClient.MinecraftRuntimeManager.ClientHandler Sending HTTP request GET https://resources.download.minecraft.net/fe/fee749edcca854360d5f3cb432e102a06fc981d3
2026-09-08T23:00:05.6932440+00:00 Information System.Net.Http.HttpClient.MinecraftRuntimeManager.ClientHandler Received HTTP response headers after 172.9728ms - 200
2026-09-08T23:00:05.6936000+00:00 Information System.Net.Http.HttpClient.MinecraftRuntimeManager.LogicalHandler End processing HTTP request after 173.9182ms - 200
2026-09-08T23:00:05.7024727+00:00 Information System.Net.Http.HttpClient.MinecraftRuntimeManager.LogicalHandler Start processing HTTP request GET https://resources.download.minecraft.net/ae/ae5a4f5a81e72098b34eaaf4434a7e1815e87823
2026-09-08T23:00:05.7027873+00:00 Information System.Net.Http.HttpClient.MinecraftRuntimeManager.ClientHandler Sending HTTP request GET https://resources.download.minecraft.net/ae/ae5a4f5a81e72098b34eaaf4434a7e1815e87823
2026-09-08T23:00:05.8773186+00:00 Information System.Net.Http.HttpClient.MinecraftRuntimeManager.ClientHandler Received HTTP response headers after 174.1018ms - 200
2026-09-08T23:00:05.8776475+00:00 Information System.Net.Http.HttpClient.MinecraftRuntimeManager.LogicalHandler End processing HTTP request after 175.2895ms - 200
2026-09-08T23:00:05.8870389+00:00 Information System.Net.Http.HttpClient.MinecraftRuntimeManager.LogicalHandler Start processing HTTP request GET https://resources.download.minecraft.net/b2/b2a4d2dcfde676caf4e6b3d59848901b2a9441ce
2026-09-08T23:00:05.8873590+00:00 Information System.Net.Http.HttpClient.MinecraftRuntimeManager.ClientHandler Sending HTTP request GET https://resources.download.minecraft.net/b2/b2a4d2dcfde676caf4e6b3d59848901b2a9441ce
2026-09-08T23:00:06.2247070+00:00 Information System.Net.Http.HttpClient.MinecraftRuntimeManager.ClientHandler Received HTTP response headers after 336.9802ms - 200
2026-09-08T23:00:06.2251963+00:00 Information System.Net.Http.HttpClient.MinecraftRuntimeManager.LogicalHandler End processing HTTP request after 338.1765ms - 200
2026-09-08T23:00:06.2350420+00:00 Information System.Net.Http.HttpClient.MinecraftRuntimeManager.LogicalHandler Start processing HTTP request GET https://resources.download.minecraft.net/cc/cc08e21b571415e27b1e70eed6a488f8ba9b3db6
2026-09-08T23:00:06.2353344+00:00 Information System.Net.Http.HttpClient.MinecraftRuntimeManager.ClientHandler Sending HTTP request GET https://resources.download.minecraft.net/cc/cc08e21b571415e27b1e70eed6a488f8ba9b3db6
2026-09-08T23:00:06.7435636+00:00 Information System.Net.Http.HttpClient.MinecraftRuntimeManager.ClientHandler Received HTTP response headers after 507.9027ms - 200
2026-09-08T23:00:06.7442467+00:00 Information System.Net.Http.HttpClient.MinecraftRuntimeManager.LogicalHandler End processing HTTP request after 509.0952ms - 200
2026-09-08T23:00:06.7520165+00:00 Information System.Net.Http.HttpClient.MinecraftRuntimeManager.LogicalHandler Start processing HTTP request GET https://resources.download.minecraft.net/6b/6bc3dcea8da81eb0c892f7c00c84accbad8ef2f7
2026-09-08T23:00:06.7524205+00:00 Information System.Net.Http.HttpClient.MinecraftRuntimeManager.ClientHandler Sending HTTP request GET https://resources.download.minecraft.net/6b/6bc3dcea8da81eb0c892f7c00c84accbad8ef2f7
2026-09-08T23:00:07.1889251+00:00 Information System.Net.Http.HttpClient.MinecraftRuntimeManager.ClientHandler Received HTTP response headers after 436.0363ms - 200
2026-09-08T23:00:07.1894133+00:00 Information System.Net.Http.HttpClient.MinecraftRuntimeManager.LogicalHandler End processing HTTP request after 437.3878ms - 200
2026-09-08T23:00:07.1982974+00:00 Information System.Net.Http.HttpClient.MinecraftRuntimeManager.LogicalHandler Start processing HTTP request GET https://resources.download.minecraft.net/12/12965f48483c25d58bad1950e55cfcc77eb14364
2026-09-08T23:00:07.1985939+00:00 Information System.Net.Http.HttpClient.MinecraftRuntimeManager.ClientHandler Sending HTTP request GET https://resources.download.minecraft.net/12/12965f48483c25d58bad1950e55cfcc77eb14364
2026-09-08T23:00:07.6428418+00:00 Information System.Net.Http.HttpClient.MinecraftRuntimeManager.ClientHandler Received HTTP response headers after 443.891ms - 200
2026-09-08T23:00:07.6432603+00:00 Information System.Net.Http.HttpClient.MinecraftRuntimeManager.LogicalHandler End processing HTTP request after 444.9968ms - 200
2026-09-08T23:00:07.6534669+00:00 Information System.Net.Http.HttpClient.MinecraftRuntimeManager.LogicalHandler Start processing HTTP request GET https://resources.download.minecraft.net/05/057ab504f5f407ecca355b4b79a0e1c1f75060cf
2026-09-08T23:00:07.6537910+00:00 Information System.Net.Http.HttpClient.MinecraftRuntimeManager.ClientHandler Sending HTTP request GET https://resources.download.minecraft.net/05/057ab504f5f407ecca355b4b79a0e1c1f75060cf
2026-09-08T23:00:08.1277278+00:00 Information System.Net.Http.HttpClient.MinecraftRuntimeManager.ClientHandler Received HTTP response headers after 473.5907ms - 200
2026-09-08T23:00:08.1282062+00:00 Information System.Net.Http.HttpClient.MinecraftRuntimeManager.LogicalHandler End processing HTTP request after 474.7695ms - 200
2026-09-08T23:00:08.1390868+00:00 Information System.Net.Http.HttpClient.MinecraftRuntimeManager.LogicalHandler Start processing HTTP request GET https://resources.download.minecraft.net/57/574374a17842b530c5932bea1f13066aeeb9c382
2026-09-08T23:00:08.1394660+00:00 Information System.Net.Http.HttpClient.MinecraftRuntimeManager.ClientHandler Sending HTTP request GET https://resources.download.minecraft.net/57/574374a17842b530c5932bea1f13066aeeb9c382
2026-09-08T23:00:08.5520385+00:00 Information System.Net.Http.HttpClient.MinecraftRuntimeManager.ClientHandler Received HTTP response headers after 412.0014ms - 200
2026-09-08T23:00:08.5523539+00:00 Information System.Net.Http.HttpClient.MinecraftRuntimeManager.LogicalHandler End processing HTTP request after 413.3628ms - 200
2026-09-08T23:00:08.5605587+00:00 Information System.Net.Http.HttpClient.MinecraftRuntimeManager.LogicalHandler Start processing HTTP request GET https://resources.download.minecraft.net/da/da72608522eaea87e6ac5a79d4d2eec8d04eff15
2026-09-08T23:00:08.5608672+00:00 Information System.Net.Http.HttpClient.MinecraftRuntimeManager.ClientHandler Sending HTTP request GET https://resources.download.minecraft.net/da/da72608522eaea87e6ac5a79d4d2eec8d04eff15
2026-09-08T23:00:08.9755952+00:00 Information System.Net.Http.HttpClient.MinecraftRuntimeManager.ClientHandler Received HTTP response headers after 414.3666ms - 200
2026-09-08T23:00:08.9759691+00:00 Information System.Net.Http.HttpClient.MinecraftRuntimeManager.LogicalHandler End processing HTTP request after 415.4466ms - 200
2026-09-08T23:00:08.9865077+00:00 Information System.Net.Http.HttpClient.MinecraftRuntimeManager.LogicalHandler Start processing HTTP request GET https://resources.download.minecraft.net/e3/e3e7e9911e1d24f0225bc565810a58ea81c70f77
2026-09-08T23:00:08.9868402+00:00 Information System.Net.Http.HttpClient.MinecraftRuntimeManager.ClientHandler Sending HTTP request GET https://resources.download.minecraft.net/e3/e3e7e9911e1d24f0225bc565810a58ea81c70f77
2026-09-08T23:00:09.4153432+00:00 Information System.Net.Http.HttpClient.MinecraftRuntimeManager.ClientHandler Received HTTP response headers after 428.0833ms - 200
2026-09-08T23:00:09.4157528+00:00 Information System.Net.Http.HttpClient.MinecraftRuntimeManager.LogicalHandler End processing HTTP request after 429.274ms - 200
2026-09-08T23:00:09.4259553+00:00 Information System.Net.Http.HttpClient.MinecraftRuntimeManager.LogicalHandler Start processing HTTP request GET https://resources.download.minecraft.net/87/873f73538c8ea67b86f5edf642db8a1c8bbfadd0
2026-09-08T23:00:09.4262268+00:00 Information System.Net.Http.HttpClient.MinecraftRuntimeManager.ClientHandler Sending HTTP request GET https://resources.download.minecraft.net/87/873f73538c8ea67b86f5edf642db8a1c8bbfadd0
2026-09-08T23:00:09.8689129+00:00 Information System.Net.Http.HttpClient.MinecraftRuntimeManager.ClientHandler Received HTTP response headers after 442.2767ms - 200
2026-09-08T23:00:09.8694422+00:00 Information System.Net.Http.HttpClient.MinecraftRuntimeManager.LogicalHandler End processing HTTP request after 443.5676ms - 200
2026-09-08T23:00:09.8813092+00:00 Information System.Net.Http.HttpClient.MinecraftRuntimeManager.LogicalHandler Start processing HTTP request GET https://resources.download.minecraft.net/85/85b43aa402a60adf087632be25d35a4e3c354ca3
2026-09-08T23:00:09.8815615+00:00 Information System.Net.Http.HttpClient.MinecraftRuntimeManager.ClientHandler Sending HTTP request GET https://resources.download.minecraft.net/85/85b43aa402a60adf087632be25d35a4e3c354ca3
2026-09-08T23:00:10.3321600+00:00 Information System.Net.Http.HttpClient.MinecraftRuntimeManager.ClientHandler Received HTTP response headers after 450.2311ms - 200
2026-09-08T23:00:10.3325435+00:00 Information System.Net.Http.HttpClient.MinecraftRuntimeManager.LogicalHandler End processing HTTP request after 451.2648ms - 200
2026-09-08T23:00:10.3425394+00:00 Information System.Net.Http.HttpClient.MinecraftRuntimeManager.LogicalHandler Start processing HTTP request GET https://resources.download.minecraft.net/f1/f1143e5adcd07dc885ed44d949886ce6fd870398
2026-09-08T23:00:10.3428344+00:00 Information System.Net.Http.HttpClient.MinecraftRuntimeManager.ClientHandler Sending HTTP request GET https://resources.download.minecraft.net/f1/f1143e5adcd07dc885ed44d949886ce6fd870398
2026-09-08T23:00:10.7568201+00:00 Information System.Net.Http.HttpClient.MinecraftRuntimeManager.ClientHandler Received HTTP response headers after 413.5276ms - 200
2026-09-08T23:00:10.7572714+00:00 Information System.Net.Http.HttpClient.MinecraftRuntimeManager.LogicalHandler End processing HTTP request after 414.7765ms - 200
2026-09-08T23:00:10.7733004+00:00 Information System.Net.Http.HttpClient.MinecraftRuntimeManager.LogicalHandler Start processing HTTP request GET https://resources.download.minecraft.net/f6/f69923d3997e201e375daa99449249eab23fa123
2026-09-08T23:00:10.7735704+00:00 Information System.Net.Http.HttpClient.MinecraftRuntimeManager.ClientHandler Sending HTTP request GET https://resources.download.minecraft.net/f6/f69923d3997e201e375daa99449249eab23fa123
2026-09-08T23:00:11.2169883+00:00 Information System.Net.Http.HttpClient.MinecraftRuntimeManager.ClientHandler Received HTTP response headers after 443.0687ms - 200
2026-09-08T23:00:11.2174469+00:00 Information System.Net.Http.HttpClient.MinecraftRuntimeManager.LogicalHandler End processing HTTP request after 444.1495ms - 200
2026-09-08T23:00:11.2273368+00:00 Information System.Net.Http.HttpClient.MinecraftRuntimeManager.LogicalHandler Start processing HTTP request GET https://resources.download.minecraft.net/24/241e9041f3af4d599a093d66599823f27a7c9c7c
2026-09-08T23:00:11.2276264+00:00 Information System.Net.Http.HttpClient.MinecraftRuntimeManager.ClientHandler Sending HTTP request GET https://resources.download.minecraft.net/24/241e9041f3af4d599a093d66599823f27a7c9c7c
2026-09-08T23:00:11.6782725+00:00 Information System.Net.Http.HttpClient.MinecraftRuntimeManager.ClientHandler Received HTTP response headers after 450.2929ms - 200
2026-09-08T23:00:11.6787335+00:00 Information System.Net.Http.HttpClient.MinecraftRuntimeManager.LogicalHandler End processing HTTP request after 451.384ms - 200
2026-09-08T23:00:11.6878097+00:00 Information System.Net.Http.HttpClient.MinecraftRuntimeManager.LogicalHandler Start processing HTTP request GET https://resources.download.minecraft.net/15/157693bffdf434eca79edc0688e8bfbc3e2c85f1
2026-09-08T23:00:11.6882156+00:00 Information System.Net.Http.HttpClient.MinecraftRuntimeManager.ClientHandler Sending HTTP request GET https://resources.download.minecraft.net/15/157693bffdf434eca79edc0688e8bfbc3e2c85f1
2026-09-08T23:00:12.0552150+00:00 Information System.Net.Http.HttpClient.MinecraftRuntimeManager.ClientHandler Received HTTP response headers after 366.5865ms - 200
2026-09-08T23:00:12.0556462+00:00 Information System.Net.Http.HttpClient.MinecraftRuntimeManager.LogicalHandler End processing HTTP request after 367.9079ms - 200
2026-09-08T23:00:12.0659719+00:00 Information System.Net.Http.HttpClient.MinecraftRuntimeManager.LogicalHandler Start processing HTTP request GET https://resources.download.minecraft.net/cd/cdf49946c33481ce4cc5210c6e22d26ed2a6cbc6
2026-09-08T23:00:12.0662650+00:00 Information System.Net.Http.HttpClient.MinecraftRuntimeManager.ClientHandler Sending HTTP request GET https://resources.download.minecraft.net/cd/cdf49946c33481ce4cc5210c6e22d26ed2a6cbc6
2026-09-08T23:00:12.4480421+00:00 Information System.Net.Http.HttpClient.MinecraftRuntimeManager.ClientHandler Received HTTP response headers after 381.4393ms - 200
2026-09-08T23:00:12.4484559+00:00 Information System.Net.Http.HttpClient.MinecraftRuntimeManager.LogicalHandler End processing HTTP request after 382.5033ms - 200
2026-09-08T23:00:12.4596160+00:00 Information System.Net.Http.HttpClient.MinecraftRuntimeManager.LogicalHandler Start processing HTTP request GET https://resources.download.minecraft.net/97/971452802a989bb7da353fc9b1bee56453f654ba
2026-09-08T23:00:12.4600409+00:00 Information System.Net.Http.HttpClient.MinecraftRuntimeManager.ClientHandler Sending HTTP request GET https://resources.download.minecraft.net/97/971452802a989bb7da353fc9b1bee56453f654ba
2026-09-08T23:00:12.8746060+00:00 Information System.Net.Http.HttpClient.MinecraftRuntimeManager.ClientHandler Received HTTP response headers after 414.1591ms - 200
2026-09-08T23:00:12.8752115+00:00 Information System.Net.Http.HttpClient.MinecraftRuntimeManager.LogicalHandler End processing HTTP request after 415.7227ms - 200
2026-09-08T23:00:12.8859627+00:00 Information System.Net.Http.HttpClient.MinecraftRuntimeManager.LogicalHandler Start processing HTTP request GET https://resources.download.minecraft.net/d0/d0cf47229e35ca91c2c70e8cdef1f1f842a1a0c9
2026-09-08T23:00:12.8862849+00:00 Information System.Net.Http.HttpClient.MinecraftRuntimeManager.ClientHandler Sending HTTP request GET https://resources.download.minecraft.net/d0/d0cf47229e35ca91c2c70e8cdef1f1f842a1a0c9
2026-09-08T23:00:13.3937755+00:00 Information System.Net.Http.HttpClient.MinecraftRuntimeManager.ClientHandler Received HTTP response headers after 507.0743ms - 200
2026-09-08T23:00:13.3942371+00:00 Information System.Net.Http.HttpClient.MinecraftRuntimeManager.LogicalHandler End processing HTTP request after 508.2857ms - 200
2026-09-08T23:00:13.4028115+00:00 Information System.Net.Http.HttpClient.MinecraftRuntimeManager.LogicalHandler Start processing HTTP request GET https://resources.download.minecraft.net/1a/1a07b76ea50a3e33b63cfccbb51a12492c9bad8b
2026-09-08T23:00:13.4030704+00:00 Information System.Net.Http.HttpClient.MinecraftRuntimeManager.ClientHandler Sending HTTP request GET https://resources.download.minecraft.net/1a/1a07b76ea50a3e33b63cfccbb51a12492c9bad8b
2026-09-08T23:00:13.8054880+00:00 Information System.Net.Http.HttpClient.MinecraftRuntimeManager.ClientHandler Received HTTP response headers after 402.0664ms - 200
2026-09-08T23:00:13.8059466+00:00 Information System.Net.Http.HttpClient.MinecraftRuntimeManager.LogicalHandler End processing HTTP request after 403.1269ms - 200
2026-09-08T23:00:13.8158311+00:00 Information System.Net.Http.HttpClient.MinecraftRuntimeManager.LogicalHandler Start processing HTTP request GET https://resources.download.minecraft.net/5f/5fdb7dfaaead3fac114c06fe7079426fdff0172f
2026-09-08T23:00:13.8162190+00:00 Information System.Net.Http.HttpClient.MinecraftRuntimeManager.ClientHandler Sending HTTP request GET https://resources.download.minecraft.net/5f/5fdb7dfaaead3fac114c06fe7079426fdff0172f
2026-09-08T23:00:14.2679772+00:00 Information System.Net.Http.HttpClient.MinecraftRuntimeManager.ClientHandler Received HTTP response headers after 451.4117ms - 200
2026-09-08T23:00:14.2684341+00:00 Information System.Net.Http.HttpClient.MinecraftRuntimeManager.LogicalHandler End processing HTTP request after 452.7202ms - 200
2026-09-08T23:00:14.2776023+00:00 Information System.Net.Http.HttpClient.MinecraftRuntimeManager.LogicalHandler Start processing HTTP request GET https://resources.download.minecraft.net/32/328cb372f5cec2977d7c393c7005966d6eed9ac5
2026-09-08T23:00:14.2779712+00:00 Information System.Net.Http.HttpClient.MinecraftRuntimeManager.ClientHandler Sending HTTP request GET https://resources.download.minecraft.net/32/328cb372f5cec2977d7c393c7005966d6eed9ac5
2026-09-08T23:00:14.6607671+00:00 Information System.Net.Http.HttpClient.MinecraftRuntimeManager.ClientHandler Received HTTP response headers after 382.3572ms - 200
2026-09-08T23:00:14.6612647+00:00 Information System.Net.Http.HttpClient.MinecraftRuntimeManager.LogicalHandler End processing HTTP request after 383.6864ms - 200
2026-09-08T23:00:14.6718106+00:00 Information System.Net.Http.HttpClient.MinecraftRuntimeManager.LogicalHandler Start processing HTTP request GET https://resources.download.minecraft.net/c1/c1922dedcd1a38ae0b335d6685bf4cf3df1ec5d9
2026-09-08T23:00:14.6721818+00:00 Information System.Net.Http.HttpClient.MinecraftRuntimeManager.ClientHandler Sending HTTP request GET https://resources.download.minecraft.net/c1/c1922dedcd1a38ae0b335d6685bf4cf3df1ec5d9
2026-09-08T23:00:14.9810415+00:00 Information System.Net.Http.HttpClient.MinecraftRuntimeManager.ClientHandler Received HTTP response headers after 308.2529ms - 200
2026-09-08T23:00:14.9815950+00:00 Information System.Net.Http.HttpClient.MinecraftRuntimeManager.LogicalHandler End processing HTTP request after 309.8739ms - 200
2026-09-08T23:00:14.9909028+00:00 Information System.Net.Http.HttpClient.MinecraftRuntimeManager.LogicalHandler Start processing HTTP request GET https://resources.download.minecraft.net/46/46e3718a4a4bba759f372b81bdbfcb407354c1f4
2026-09-08T23:00:14.9911559+00:00 Information System.Net.Http.HttpClient.MinecraftRuntimeManager.ClientHandler Sending HTTP request GET https://resources.download.minecraft.net/46/46e3718a4a4bba759f372b81bdbfcb407354c1f4
2026-09-08T23:00:15.2996638+00:00 Information System.Net.Http.HttpClient.MinecraftRuntimeManager.ClientHandler Received HTTP response headers after 308.1078ms - 200
2026-09-08T23:00:15.3000208+00:00 Information System.Net.Http.HttpClient.MinecraftRuntimeManager.LogicalHandler End processing HTTP request after 309.1522ms - 200
2026-09-08T23:00:15.3085890+00:00 Information System.Net.Http.HttpClient.MinecraftRuntimeManager.LogicalHandler Start processing HTTP request GET https://resources.download.minecraft.net/3b/3b4d57ebb6fdeba68c0928049ffa5a2a6cf03a30
2026-09-08T23:00:15.3088670+00:00 Information System.Net.Http.HttpClient.MinecraftRuntimeManager.ClientHandler Sending HTTP request GET https://resources.download.minecraft.net/3b/3b4d57ebb6fdeba68c0928049ffa5a2a6cf03a30
2026-09-08T23:00:15.6460306+00:00 Information System.Net.Http.HttpClient.MinecraftRuntimeManager.ClientHandler Received HTTP response headers after 336.797ms - 200
2026-09-08T23:00:15.6464718+00:00 Information System.Net.Http.HttpClient.MinecraftRuntimeManager.LogicalHandler End processing HTTP request after 337.8999ms - 200
2026-09-08T23:00:15.6564618+00:00 Information System.Net.Http.HttpClient.MinecraftRuntimeManager.LogicalHandler Start processing HTTP request GET https://resources.download.minecraft.net/83/83a533615eb1fe15085cb0b4b9d835ea55406e35
2026-09-08T23:00:15.6567125+00:00 Information System.Net.Http.HttpClient.MinecraftRuntimeManager.ClientHandler Sending HTTP request GET https://resources.download.minecraft.net/83/83a533615eb1fe15085cb0b4b9d835ea55406e35
2026-09-08T23:00:16.0092382+00:00 Information System.Net.Http.HttpClient.MinecraftRuntimeManager.ClientHandler Received HTTP response headers after 352.1639ms - 200
2026-09-08T23:00:16.0096621+00:00 Information System.Net.Http.HttpClient.MinecraftRuntimeManager.LogicalHandler End processing HTTP request after 353.1962ms - 200
2026-09-08T23:00:16.0203767+00:00 Information System.Net.Http.HttpClient.MinecraftRuntimeManager.LogicalHandler Start processing HTTP request GET https://resources.download.minecraft.net/8a/8ac864916a37c5bf4e5c927a1182f1576ea7e94a
2026-09-08T23:00:16.0206645+00:00 Information System.Net.Http.HttpClient.MinecraftRuntimeManager.ClientHandler Sending HTTP request GET https://resources.download.minecraft.net/8a/8ac864916a37c5bf4e5c927a1182f1576ea7e94a
2026-09-08T23:00:16.3585778+00:00 Information System.Net.Http.HttpClient.MinecraftRuntimeManager.ClientHandler Received HTTP response headers after 337.5859ms - 200
2026-09-08T23:00:16.3592550+00:00 Information System.Net.Http.HttpClient.MinecraftRuntimeManager.LogicalHandler End processing HTTP request after 338.8264ms - 200
2026-09-08T23:00:16.3677039+00:00 Information System.Net.Http.HttpClient.MinecraftRuntimeManager.LogicalHandler Start processing HTTP request GET https://resources.download.minecraft.net/f8/f8807814d08f238929538d6ca640c75bbd387c65
2026-09-08T23:00:16.3679919+00:00 Information System.Net.Http.HttpClient.MinecraftRuntimeManager.ClientHandler Sending HTTP request GET https://resources.download.minecraft.net/f8/f8807814d08f238929538d6ca640c75bbd387c65
2026-09-08T23:00:16.7488640+00:00 Information System.Net.Http.HttpClient.MinecraftRuntimeManager.ClientHandler Received HTTP response headers after 380.5061ms - 200
2026-09-08T23:00:16.7493400+00:00 Information System.Net.Http.HttpClient.MinecraftRuntimeManager.LogicalHandler End processing HTTP request after 381.6659ms - 200
2026-09-08T23:00:16.7595186+00:00 Information System.Net.Http.HttpClient.MinecraftRuntimeManager.LogicalHandler Start processing HTTP request GET https://resources.download.minecraft.net/ab/abe2633a696ef636d7fa0231487ea4e750830a0d
2026-09-08T23:00:16.7599840+00:00 Information System.Net.Http.HttpClient.MinecraftRuntimeManager.ClientHandler Sending HTTP request GET https://resources.download.minecraft.net/ab/abe2633a696ef636d7fa0231487ea4e750830a0d
2026-09-08T23:00:17.1272971+00:00 Information System.Net.Http.HttpClient.MinecraftRuntimeManager.ClientHandler Received HTTP response headers after 366.8672ms - 200
2026-09-08T23:00:17.1276487+00:00 Information System.Net.Http.HttpClient.MinecraftRuntimeManager.LogicalHandler End processing HTTP request after 368.1512ms - 200
2026-09-08T23:00:17.1382540+00:00 Information System.Net.Http.HttpClient.MinecraftRuntimeManager.LogicalHandler Start processing HTTP request GET https://resources.download.minecraft.net/07/07d8464e662f96bb3b899dd50274774fd5943e5a
2026-09-08T23:00:17.1387110+00:00 Information System.Net.Http.HttpClient.MinecraftRuntimeManager.ClientHandler Sending HTTP request GET https://resources.download.minecraft.net/07/07d8464e662f96bb3b899dd50274774fd5943e5a
2026-09-08T23:00:17.4912260+00:00 Information System.Net.Http.HttpClient.MinecraftRuntimeManager.ClientHandler Received HTTP response headers after 352.1871ms - 200
2026-09-08T23:00:17.4915829+00:00 Information System.Net.Http.HttpClient.MinecraftRuntimeManager.LogicalHandler End processing HTTP request after 353.4273ms - 200
2026-09-08T23:00:17.5008787+00:00 Information System.Net.Http.HttpClient.MinecraftRuntimeManager.LogicalHandler Start processing HTTP request GET https://resources.download.minecraft.net/8a/8a240f9292a601d5e039bd602783f1f924287375
2026-09-08T23:00:17.5012632+00:00 Information System.Net.Http.HttpClient.MinecraftRuntimeManager.ClientHandler Sending HTTP request GET https://resources.download.minecraft.net/8a/8a240f9292a601d5e039bd602783f1f924287375
2026-09-08T23:00:17.8837450+00:00 Information System.Net.Http.HttpClient.MinecraftRuntimeManager.ClientHandler Received HTTP response headers after 382.0838ms - 200
2026-09-08T23:00:17.8841589+00:00 Information System.Net.Http.HttpClient.MinecraftRuntimeManager.LogicalHandler End processing HTTP request after 383.3467ms - 200
2026-09-08T23:00:17.8941749+00:00 Information System.Net.Http.HttpClient.MinecraftRuntimeManager.LogicalHandler Start processing HTTP request GET https://resources.download.minecraft.net/ac/aca745c870a8e3eb0c36fb0b63515a625752cc9c
2026-09-08T23:00:17.8944673+00:00 Information System.Net.Http.HttpClient.MinecraftRuntimeManager.ClientHandler Sending HTTP request GET https://resources.download.minecraft.net/ac/aca745c870a8e3eb0c36fb0b63515a625752cc9c
2026-09-08T23:00:18.3165527+00:00 Information System.Net.Http.HttpClient.MinecraftRuntimeManager.ClientHandler Received HTTP response headers after 421.665ms - 200
2026-09-08T23:00:18.3170730+00:00 Information System.Net.Http.HttpClient.MinecraftRuntimeManager.LogicalHandler End processing HTTP request after 422.8384ms - 200
2026-09-08T23:00:18.3254215+00:00 Information System.Net.Http.HttpClient.MinecraftRuntimeManager.LogicalHandler Start processing HTTP request GET https://resources.download.minecraft.net/b5/b56f19aae155a350799282fd0f0b9b813d7f945c
2026-09-08T23:00:18.3256880+00:00 Information System.Net.Http.HttpClient.MinecraftRuntimeManager.ClientHandler Sending HTTP request GET https://resources.download.minecraft.net/b5/b56f19aae155a350799282fd0f0b9b813d7f945c
2026-09-08T23:00:18.7065874+00:00 Information System.Net.Http.HttpClient.MinecraftRuntimeManager.ClientHandler Received HTTP response headers after 380.5672ms - 200
2026-09-08T23:00:18.7069548+00:00 Information System.Net.Http.HttpClient.MinecraftRuntimeManager.LogicalHandler End processing HTTP request after 381.5812ms - 200
2026-09-08T23:00:18.7162196+00:00 Information System.Net.Http.HttpClient.MinecraftRuntimeManager.LogicalHandler Start processing HTTP request GET https://resources.download.minecraft.net/70/707536e8e6beb5309db5cebda68963e9b36cdd24
2026-09-08T23:00:18.7167671+00:00 Information System.Net.Http.HttpClient.MinecraftRuntimeManager.ClientHandler Sending HTTP request GET https://resources.download.minecraft.net/70/707536e8e6beb5309db5cebda68963e9b36cdd24
2026-09-08T23:00:19.0247498+00:00 Information System.Net.Http.HttpClient.MinecraftRuntimeManager.ClientHandler Received HTTP response headers after 307.5015ms - 200
2026-09-08T23:00:19.0251850+00:00 Information System.Net.Http.HttpClient.MinecraftRuntimeManager.LogicalHandler End processing HTTP request after 309.1289ms - 200
2026-09-08T23:00:19.0336787+00:00 Information System.Net.Http.HttpClient.MinecraftRuntimeManager.LogicalHandler Start processing HTTP request GET https://resources.download.minecraft.net/50/50dc781ac900945b3e03fd265a835c1bd03ce04d
2026-09-08T23:00:19.0340194+00:00 Information System.Net.Http.HttpClient.MinecraftRuntimeManager.ClientHandler Sending HTTP request GET https://resources.download.minecraft.net/50/50dc781ac900945b3e03fd265a835c1bd03ce04d
2026-09-08T23:00:19.3414591+00:00 Information System.Net.Http.HttpClient.MinecraftRuntimeManager.ClientHandler Received HTTP response headers after 306.9387ms - 200
2026-09-08T23:00:19.3419955+00:00 Information System.Net.Http.HttpClient.MinecraftRuntimeManager.LogicalHandler End processing HTTP request after 308.2676ms - 200
2026-09-08T23:00:19.3495915+00:00 Information System.Net.Http.HttpClient.MinecraftRuntimeManager.LogicalHandler Start processing HTTP request GET https://resources.download.minecraft.net/01/01b151d31f674044b1c5cd455d00eb4e481ac686
2026-09-08T23:00:19.3499606+00:00 Information System.Net.Http.HttpClient.MinecraftRuntimeManager.ClientHandler Sending HTTP request GET https://resources.download.minecraft.net/01/01b151d31f674044b1c5cd455d00eb4e481ac686
2026-09-08T23:00:19.6858523+00:00 Information System.Net.Http.HttpClient.MinecraftRuntimeManager.ClientHandler Received HTTP response headers after 335.404ms - 200
2026-09-08T23:00:19.6862559+00:00 Information System.Net.Http.HttpClient.MinecraftRuntimeManager.LogicalHandler End processing HTTP request after 336.734ms - 200
2026-09-08T23:00:19.6968966+00:00 Information System.Net.Http.HttpClient.MinecraftRuntimeManager.LogicalHandler Start processing HTTP request GET https://resources.download.minecraft.net/a8/a8be4f7da981f6b2dd4f8274426db3ff95e48375
2026-09-08T23:00:19.6971570+00:00 Information System.Net.Http.HttpClient.MinecraftRuntimeManager.ClientHandler Sending HTTP request GET https://resources.download.minecraft.net/a8/a8be4f7da981f6b2dd4f8274426db3ff95e48375
2026-09-08T23:00:20.0635861+00:00 Information System.Net.Http.HttpClient.MinecraftRuntimeManager.ClientHandler Received HTTP response headers after 366.0327ms - 200
2026-09-08T23:00:20.0641696+00:00 Information System.Net.Http.HttpClient.MinecraftRuntimeManager.LogicalHandler End processing HTTP request after 367.2825ms - 200
2026-09-08T23:00:20.0727088+00:00 Information System.Net.Http.HttpClient.MinecraftRuntimeManager.LogicalHandler Start processing HTTP request GET https://resources.download.minecraft.net/5a/5a1746448c594e0a59941912bce82bb8fa0406ea
2026-09-08T23:00:20.0730353+00:00 Information System.Net.Http.HttpClient.MinecraftRuntimeManager.ClientHandler Sending HTTP request GET https://resources.download.minecraft.net/5a/5a1746448c594e0a59941912bce82bb8fa0406ea
2026-09-08T23:00:20.4248889+00:00 Information System.Net.Http.HttpClient.MinecraftRuntimeManager.ClientHandler Received HTTP response headers after 351.4296ms - 200
2026-09-08T23:00:20.4252833+00:00 Information System.Net.Http.HttpClient.MinecraftRuntimeManager.LogicalHandler End processing HTTP request after 352.588ms - 200
2026-09-08T23:00:20.4346749+00:00 Information System.Net.Http.HttpClient.MinecraftRuntimeManager.LogicalHandler Start processing HTTP request GET https://resources.download.minecraft.net/da/da49132061efbdacd64f9b9ae4800182a467b603
2026-09-08T23:00:20.4350896+00:00 Information System.Net.Http.HttpClient.MinecraftRuntimeManager.ClientHandler Sending HTTP request GET https://resources.download.minecraft.net/da/da49132061efbdacd64f9b9ae4800182a467b603
2026-09-08T23:00:20.8021194+00:00 Information System.Net.Http.HttpClient.MinecraftRuntimeManager.ClientHandler Received HTTP response headers after 366.6484ms - 200
2026-09-08T23:00:20.8024989+00:00 Information System.Net.Http.HttpClient.MinecraftRuntimeManager.LogicalHandler End processing HTTP request after 367.8753ms - 200
2026-09-08T23:00:20.8114976+00:00 Information System.Net.Http.HttpClient.MinecraftRuntimeManager.LogicalHandler Start processing HTTP request GET https://resources.download.minecraft.net/10/10c8d501eab26890772d6b8b89f1d925d03f3cd6
2026-09-08T23:00:20.8117568+00:00 Information System.Net.Http.HttpClient.MinecraftRuntimeManager.ClientHandler Sending HTTP request GET https://resources.download.minecraft.net/10/10c8d501eab26890772d6b8b89f1d925d03f3cd6
2026-09-08T23:00:21.1627861+00:00 Information System.Net.Http.HttpClient.MinecraftRuntimeManager.ClientHandler Received HTTP response headers after 350.6544ms - 200
2026-09-08T23:00:21.1633256+00:00 Information System.Net.Http.HttpClient.MinecraftRuntimeManager.LogicalHandler End processing HTTP request after 351.8363ms - 200
2026-09-08T23:00:21.1732345+00:00 Information System.Net.Http.HttpClient.MinecraftRuntimeManager.LogicalHandler Start processing HTTP request GET https://resources.download.minecraft.net/e3/e3c3d092c5ef080c6daf139118c9da725d2ee59c
2026-09-08T23:00:21.1734847+00:00 Information System.Net.Http.HttpClient.MinecraftRuntimeManager.ClientHandler Sending HTTP request GET https://resources.download.minecraft.net/e3/e3c3d092c5ef080c6daf139118c9da725d2ee59c
2026-09-08T23:00:21.5544463+00:00 Information System.Net.Http.HttpClient.MinecraftRuntimeManager.ClientHandler Received HTTP response headers after 380.6041ms - 200
2026-09-08T23:00:21.5550308+00:00 Information System.Net.Http.HttpClient.MinecraftRuntimeManager.LogicalHandler End processing HTTP request after 381.8261ms - 200
2026-09-08T23:00:21.5639014+00:00 Information System.Net.Http.HttpClient.MinecraftRuntimeManager.LogicalHandler Start processing HTTP request GET https://resources.download.minecraft.net/4d/4dde7bcaca14f997cd72c638c651ca293bf4411a
2026-09-08T23:00:21.5641668+00:00 Information System.Net.Http.HttpClient.MinecraftRuntimeManager.ClientHandler Sending HTTP request GET https://resources.download.minecraft.net/4d/4dde7bcaca14f997cd72c638c651ca293bf4411a
2026-09-08T23:00:21.8287928+00:00 Information System.Net.Http.HttpClient.MinecraftRuntimeManager.ClientHandler Received HTTP response headers after 264.2207ms - 200
2026-09-08T23:00:21.8291429+00:00 Information System.Net.Http.HttpClient.MinecraftRuntimeManager.LogicalHandler End processing HTTP request after 265.2853ms - 200
2026-09-08T23:00:21.8388409+00:00 Information System.Net.Http.HttpClient.MinecraftRuntimeManager.LogicalHandler Start processing HTTP request GET https://resources.download.minecraft.net/d4/d4d026beefbd60dde82c3ac8aa3230abe1ace1fc
2026-09-08T23:00:21.8391923+00:00 Information System.Net.Http.HttpClient.MinecraftRuntimeManager.ClientHandler Sending HTTP request GET https://resources.download.minecraft.net/d4/d4d026beefbd60dde82c3ac8aa3230abe1ace1fc
2026-09-08T23:00:22.2246987+00:00 Information System.Net.Http.HttpClient.MinecraftRuntimeManager.ClientHandler Received HTTP response headers after 385.032ms - 200
2026-09-08T23:00:22.2251001+00:00 Information System.Net.Http.HttpClient.MinecraftRuntimeManager.LogicalHandler End processing HTTP request after 386.3651ms - 200
2026-09-08T23:00:22.2355081+00:00 Information System.Net.Http.HttpClient.MinecraftRuntimeManager.LogicalHandler Start processing HTTP request GET https://resources.download.minecraft.net/91/91e90c476138ab63fd578477dd95f76ac14934a2
2026-09-08T23:00:22.2357673+00:00 Information System.Net.Http.HttpClient.MinecraftRuntimeManager.ClientHandler Sending HTTP request GET https://resources.download.minecraft.net/91/91e90c476138ab63fd578477dd95f76ac14934a2
2026-09-08T23:00:22.6056622+00:00 Information System.Net.Http.HttpClient.MinecraftRuntimeManager.ClientHandler Received HTTP response headers after 369.5855ms - 200
2026-09-08T23:00:22.6060229+00:00 Information System.Net.Http.HttpClient.MinecraftRuntimeManager.LogicalHandler End processing HTTP request after 370.5707ms - 200
2026-09-08T23:00:22.6163392+00:00 Information System.Net.Http.HttpClient.MinecraftRuntimeManager.LogicalHandler Start processing HTTP request GET https://resources.download.minecraft.net/cb/cb4173aa39e5c90134e569f456831a33e724cb09
2026-09-08T23:00:22.6166592+00:00 Information System.Net.Http.HttpClient.MinecraftRuntimeManager.ClientHandler Sending HTTP request GET https://resources.download.minecraft.net/cb/cb4173aa39e5c90134e569f456831a33e724cb09
2026-09-08T23:00:22.9719022+00:00 Information System.Net.Http.HttpClient.MinecraftRuntimeManager.ClientHandler Received HTTP response headers after 354.794ms - 200
2026-09-08T23:00:22.9723768+00:00 Information System.Net.Http.HttpClient.MinecraftRuntimeManager.LogicalHandler End processing HTTP request after 356.0432ms - 200
2026-09-08T23:00:22.9816883+00:00 Information System.Net.Http.HttpClient.MinecraftRuntimeManager.LogicalHandler Start processing HTTP request GET https://resources.download.minecraft.net/75/75c7b109405d04ff20e1f5750969b3899a590358
2026-09-08T23:00:22.9819454+00:00 Information System.Net.Http.HttpClient.MinecraftRuntimeManager.ClientHandler Sending HTTP request GET https://resources.download.minecraft.net/75/75c7b109405d04ff20e1f5750969b3899a590358
2026-09-08T23:00:23.3518637+00:00 Information System.Net.Http.HttpClient.MinecraftRuntimeManager.ClientHandler Received HTTP response headers after 369.5646ms - 200
2026-09-08T23:00:23.3522485+00:00 Information System.Net.Http.HttpClient.MinecraftRuntimeManager.LogicalHandler End processing HTTP request after 370.5404ms - 200
2026-09-08T23:00:23.3619658+00:00 Information System.Net.Http.HttpClient.MinecraftRuntimeManager.LogicalHandler Start processing HTTP request GET https://resources.download.minecraft.net/09/090697aa306d9bcba3793d3c61b66d417df7792a
2026-09-08T23:00:23.3623078+00:00 Information System.Net.Http.HttpClient.MinecraftRuntimeManager.ClientHandler Sending HTTP request GET https://resources.download.minecraft.net/09/090697aa306d9bcba3793d3c61b66d417df7792a
2026-09-08T23:00:23.7302523+00:00 Information System.Net.Http.HttpClient.MinecraftRuntimeManager.ClientHandler Received HTTP response headers after 367.5842ms - 200
2026-09-08T23:00:23.7307604+00:00 Information System.Net.Http.HttpClient.MinecraftRuntimeManager.LogicalHandler End processing HTTP request after 368.6878ms - 200
2026-09-08T23:00:23.7410038+00:00 Information System.Net.Http.HttpClient.MinecraftRuntimeManager.LogicalHandler Start processing HTTP request GET https://resources.download.minecraft.net/67/67ca27f41a2e0d9b43c711be34e62ec25ff1fb57
2026-09-08T23:00:23.7412700+00:00 Information System.Net.Http.HttpClient.MinecraftRuntimeManager.ClientHandler Sending HTTP request GET https://resources.download.minecraft.net/67/67ca27f41a2e0d9b43c711be34e62ec25ff1fb57
2026-09-08T23:00:24.0962274+00:00 Information System.Net.Http.HttpClient.MinecraftRuntimeManager.ClientHandler Received HTTP response headers after 354.5975ms - 200
2026-09-08T23:00:24.0967018+00:00 Information System.Net.Http.HttpClient.MinecraftRuntimeManager.LogicalHandler End processing HTTP request after 355.7276ms - 200
2026-09-08T23:00:24.1068812+00:00 Information System.Net.Http.HttpClient.MinecraftRuntimeManager.LogicalHandler Start processing HTTP request GET https://resources.download.minecraft.net/1c/1cead9b23c178f00cefdfa72028a1a8e11b0c226
2026-09-08T23:00:24.1072293+00:00 Information System.Net.Http.HttpClient.MinecraftRuntimeManager.ClientHandler Sending HTTP request GET https://resources.download.minecraft.net/1c/1cead9b23c178f00cefdfa72028a1a8e11b0c226
2026-09-08T23:00:24.4759534+00:00 Information System.Net.Http.HttpClient.MinecraftRuntimeManager.ClientHandler Received HTTP response headers after 368.3323ms - 200
2026-09-08T23:00:24.4763393+00:00 Information System.Net.Http.HttpClient.MinecraftRuntimeManager.LogicalHandler End processing HTTP request after 369.5301ms - 200
2026-09-08T23:00:24.4864140+00:00 Information System.Net.Http.HttpClient.MinecraftRuntimeManager.LogicalHandler Start processing HTTP request GET https://resources.download.minecraft.net/00/0013485e9449e914908ca89a8dc1369eff037a26
2026-09-08T23:00:24.4868464+00:00 Information System.Net.Http.HttpClient.MinecraftRuntimeManager.ClientHandler Sending HTTP request GET https://resources.download.minecraft.net/00/0013485e9449e914908ca89a8dc1369eff037a26
2026-09-08T23:00:24.8426671+00:00 Information System.Net.Http.HttpClient.MinecraftRuntimeManager.ClientHandler Received HTTP response headers after 355.3501ms - 200
2026-09-08T23:00:24.8430641+00:00 Information System.Net.Http.HttpClient.MinecraftRuntimeManager.LogicalHandler End processing HTTP request after 356.6663ms - 200
2026-09-08T23:00:24.8528352+00:00 Information System.Net.Http.HttpClient.MinecraftRuntimeManager.LogicalHandler Start processing HTTP request GET https://resources.download.minecraft.net/24/24de6468a71d73e4d139d71c8e2704b0db7e81f8
2026-09-08T23:00:24.8531178+00:00 Information System.Net.Http.HttpClient.MinecraftRuntimeManager.ClientHandler Sending HTTP request GET https://resources.download.minecraft.net/24/24de6468a71d73e4d139d71c8e2704b0db7e81f8
2026-09-08T23:00:25.2091680+00:00 Information System.Net.Http.HttpClient.MinecraftRuntimeManager.ClientHandler Received HTTP response headers after 355.67ms - 200
2026-09-08T23:00:25.2097033+00:00 Information System.Net.Http.HttpClient.MinecraftRuntimeManager.LogicalHandler End processing HTTP request after 357.2079ms - 200
2026-09-08T23:00:25.2192926+00:00 Information System.Net.Http.HttpClient.MinecraftRuntimeManager.LogicalHandler Start processing HTTP request GET https://resources.download.minecraft.net/21/2153a99ee979bea5121c8465cbaf905e1d1cb0ac
2026-09-08T23:00:25.2195915+00:00 Information System.Net.Http.HttpClient.MinecraftRuntimeManager.ClientHandler Sending HTTP request GET https://resources.download.minecraft.net/21/2153a99ee979bea5121c8465cbaf905e1d1cb0ac
2026-09-08T23:00:25.5013007+00:00 Information System.Net.Http.HttpClient.MinecraftRuntimeManager.ClientHandler Received HTTP response headers after 281.2855ms - 200
2026-09-08T23:00:25.5017908+00:00 Information System.Net.Http.HttpClient.MinecraftRuntimeManager.LogicalHandler End processing HTTP request after 282.5206ms - 200
2026-09-08T23:00:25.6362772+00:00 Information System.Net.Http.HttpClient.MinecraftRuntimeManager.LogicalHandler Start processing HTTP request GET https://resources.download.minecraft.net/ed/eddb25d126a93fd0dd26e0dd9ac1c0ef094b79f6
2026-09-08T23:00:25.6365492+00:00 Information System.Net.Http.HttpClient.MinecraftRuntimeManager.ClientHandler Sending HTTP request GET https://resources.download.minecraft.net/ed/eddb25d126a93fd0dd26e0dd9ac1c0ef094b79f6
2026-09-08T23:00:26.0063149+00:00 Information System.Net.Http.HttpClient.MinecraftRuntimeManager.ClientHandler Received HTTP response headers after 369.2474ms - 200
2026-09-08T23:00:26.0068876+00:00 Information System.Net.Http.HttpClient.MinecraftRuntimeManager.LogicalHandler End processing HTTP request after 370.5001ms - 200
2026-09-08T23:00:26.0167503+00:00 Information System.Net.Http.HttpClient.MinecraftRuntimeManager.LogicalHandler Start processing HTTP request GET https://resources.download.minecraft.net/85/8524cf7e2b56d165a1ff6e3a219d3d8c406e90b3
2026-09-08T23:00:26.0170109+00:00 Information System.Net.Http.HttpClient.MinecraftRuntimeManager.ClientHandler Sending HTTP request GET https://resources.download.minecraft.net/85/8524cf7e2b56d165a1ff6e3a219d3d8c406e90b3
2026-09-08T23:00:26.4015260+00:00 Information System.Net.Http.HttpClient.MinecraftRuntimeManager.ClientHandler Received HTTP response headers after 384.1522ms - 200
2026-09-08T23:00:26.4019050+00:00 Information System.Net.Http.HttpClient.MinecraftRuntimeManager.LogicalHandler End processing HTTP request after 385.1846ms - 200
2026-09-08T23:00:26.4105068+00:00 Information System.Net.Http.HttpClient.MinecraftRuntimeManager.LogicalHandler Start processing HTTP request GET https://resources.download.minecraft.net/19/19786806146a50a06d8dbd36a033aefbb8fefd8a
2026-09-08T23:00:26.4109024+00:00 Information System.Net.Http.HttpClient.MinecraftRuntimeManager.ClientHandler Sending HTTP request GET https://resources.download.minecraft.net/19/19786806146a50a06d8dbd36a033aefbb8fefd8a
2026-09-08T23:00:26.7685789+00:00 Information System.Net.Http.HttpClient.MinecraftRuntimeManager.ClientHandler Received HTTP response headers after 357.226ms - 200
2026-09-08T23:00:26.7690163+00:00 Information System.Net.Http.HttpClient.MinecraftRuntimeManager.LogicalHandler End processing HTTP request after 358.6349ms - 200
2026-09-08T23:00:26.7796723+00:00 Information System.Net.Http.HttpClient.MinecraftRuntimeManager.LogicalHandler Start processing HTTP request GET https://resources.download.minecraft.net/87/871634413de37a092d0e5fe7844a37917c27bbf2
2026-09-08T23:00:26.7799909+00:00 Information System.Net.Http.HttpClient.MinecraftRuntimeManager.ClientHandler Sending HTTP request GET https://resources.download.minecraft.net/87/871634413de37a092d0e5fe7844a37917c27bbf2
2026-09-08T23:00:27.0219059+00:00 Information System.Net.Http.HttpClient.MinecraftRuntimeManager.ClientHandler Received HTTP response headers after 241.4659ms - 200
2026-09-08T23:00:27.0225192+00:00 Information System.Net.Http.HttpClient.MinecraftRuntimeManager.LogicalHandler End processing HTTP request after 242.7897ms - 200
2026-09-08T23:00:27.0315289+00:00 Information System.Net.Http.HttpClient.MinecraftRuntimeManager.LogicalHandler Start processing HTTP request GET https://resources.download.minecraft.net/f9/f993dbcc8cdde669020b9f988f091d997006ce8b
2026-09-08T23:00:27.0318436+00:00 Information System.Net.Http.HttpClient.MinecraftRuntimeManager.ClientHandler Sending HTTP request GET https://resources.download.minecraft.net/f9/f993dbcc8cdde669020b9f988f091d997006ce8b
2026-09-08T23:00:27.2988507+00:00 Information System.Net.Http.HttpClient.MinecraftRuntimeManager.ClientHandler Received HTTP response headers after 266.6161ms - 200
2026-09-08T23:00:27.2994842+00:00 Information System.Net.Http.HttpClient.MinecraftRuntimeManager.LogicalHandler End processing HTTP request after 267.8661ms - 200
2026-09-08T23:00:27.3108563+00:00 Information System.Net.Http.HttpClient.MinecraftRuntimeManager.LogicalHandler Start processing HTTP request GET https://resources.download.minecraft.net/4e/4ed1f29f3e1378811f7fcc49db743400b8e3284f
2026-09-08T23:00:27.3111525+00:00 Information System.Net.Http.HttpClient.MinecraftRuntimeManager.ClientHandler Sending HTTP request GET https://resources.download.minecraft.net/4e/4ed1f29f3e1378811f7fcc49db743400b8e3284f
2026-09-08T23:00:27.5629144+00:00 Information System.Net.Http.HttpClient.MinecraftRuntimeManager.ClientHandler Received HTTP response headers after 251.3924ms - 200
2026-09-08T23:00:27.5634267+00:00 Information System.Net.Http.HttpClient.MinecraftRuntimeManager.LogicalHandler End processing HTTP request after 252.5602ms - 200
2026-09-08T23:00:27.5728805+00:00 Information System.Net.Http.HttpClient.MinecraftRuntimeManager.LogicalHandler Start processing HTTP request GET https://resources.download.minecraft.net/22/220e698dd673ceccb25cc9e7428fb2ab76c01ddb
2026-09-08T23:00:27.5732604+00:00 Information System.Net.Http.HttpClient.MinecraftRuntimeManager.ClientHandler Sending HTTP request GET https://resources.download.minecraft.net/22/220e698dd673ceccb25cc9e7428fb2ab76c01ddb
2026-09-08T23:00:27.9455724+00:00 Information System.Net.Http.HttpClient.MinecraftRuntimeManager.ClientHandler Received HTTP response headers after 371.8816ms - 200
2026-09-08T23:00:27.9463673+00:00 Information System.Net.Http.HttpClient.MinecraftRuntimeManager.LogicalHandler End processing HTTP request after 373.3265ms - 200
2026-09-08T23:00:27.9555090+00:00 Information System.Net.Http.HttpClient.MinecraftRuntimeManager.LogicalHandler Start processing HTTP request GET https://resources.download.minecraft.net/8e/8e5a70a320c58d1ff09270c13b0fa9d5b776f272
2026-09-08T23:00:27.9557778+00:00 Information System.Net.Http.HttpClient.MinecraftRuntimeManager.ClientHandler Sending HTTP request GET https://resources.download.minecraft.net/8e/8e5a70a320c58d1ff09270c13b0fa9d5b776f272
2026-09-08T23:00:28.4434948+00:00 Information System.Net.Http.HttpClient.MinecraftRuntimeManager.ClientHandler Received HTTP response headers after 487.3857ms - 200
2026-09-08T23:00:28.4439019+00:00 Information System.Net.Http.HttpClient.MinecraftRuntimeManager.LogicalHandler End processing HTTP request after 488.408ms - 200
2026-09-08T23:00:28.4521013+00:00 Information System.Net.Http.HttpClient.MinecraftRuntimeManager.LogicalHandler Start processing HTTP request GET https://resources.download.minecraft.net/97/97c5a5b02bdf99e4b3d478423b85491f49876c68
2026-09-08T23:00:28.4526757+00:00 Information System.Net.Http.HttpClient.MinecraftRuntimeManager.ClientHandler Sending HTTP request GET https://resources.download.minecraft.net/97/97c5a5b02bdf99e4b3d478423b85491f49876c68
2026-09-08T23:00:28.9758364+00:00 Information System.Net.Http.HttpClient.MinecraftRuntimeManager.ClientHandler Received HTTP response headers after 522.717ms - 200
2026-09-08T23:00:28.9762222+00:00 Information System.Net.Http.HttpClient.MinecraftRuntimeManager.LogicalHandler End processing HTTP request after 524.2131ms - 200
2026-09-08T23:00:28.9860140+00:00 Information System.Net.Http.HttpClient.MinecraftRuntimeManager.LogicalHandler Start processing HTTP request GET https://resources.download.minecraft.net/fd/fdaaa018976eb3350c7aab42fe060b190f2eaf4d
2026-09-08T23:00:28.9862732+00:00 Information System.Net.Http.HttpClient.MinecraftRuntimeManager.ClientHandler Sending HTTP request GET https://resources.download.minecraft.net/fd/fdaaa018976eb3350c7aab42fe060b190f2eaf4d
2026-09-08T23:00:29.3565993+00:00 Information System.Net.Http.HttpClient.MinecraftRuntimeManager.ClientHandler Received HTTP response headers after 370.0123ms - 200
2026-09-08T23:00:29.3569784+00:00 Information System.Net.Http.HttpClient.MinecraftRuntimeManager.LogicalHandler End processing HTTP request after 371.0498ms - 200
2026-09-08T23:00:29.3670695+00:00 Information System.Net.Http.HttpClient.MinecraftRuntimeManager.LogicalHandler Start processing HTTP request GET https://resources.download.minecraft.net/57/575f63a30d3e0c623b3d9a5c34eadd73ec7558b3
2026-09-08T23:00:29.3673430+00:00 Information System.Net.Http.HttpClient.MinecraftRuntimeManager.ClientHandler Sending HTTP request GET https://resources.download.minecraft.net/57/575f63a30d3e0c623b3d9a5c34eadd73ec7558b3
2026-09-08T23:00:29.7390598+00:00 Information System.Net.Http.HttpClient.MinecraftRuntimeManager.ClientHandler Received HTTP response headers after 371.3188ms - 200
2026-09-08T23:00:29.7397748+00:00 Information System.Net.Http.HttpClient.MinecraftRuntimeManager.LogicalHandler End processing HTTP request after 372.6317ms - 200
2026-09-08T23:00:29.7472417+00:00 Information System.Net.Http.HttpClient.MinecraftRuntimeManager.LogicalHandler Start processing HTTP request GET https://resources.download.minecraft.net/33/33c5c4052513683b12fee7adf9720f8501107c3d
2026-09-08T23:00:29.7475026+00:00 Information System.Net.Http.HttpClient.MinecraftRuntimeManager.ClientHandler Sending HTTP request GET https://resources.download.minecraft.net/33/33c5c4052513683b12fee7adf9720f8501107c3d
2026-09-08T23:00:30.1193616+00:00 Information System.Net.Http.HttpClient.MinecraftRuntimeManager.ClientHandler Received HTTP response headers after 371.4704ms - 200
2026-09-08T23:00:30.1196916+00:00 Information System.Net.Http.HttpClient.MinecraftRuntimeManager.LogicalHandler End processing HTTP request after 372.4837ms - 200
2026-09-08T23:00:30.1282593+00:00 Information System.Net.Http.HttpClient.MinecraftRuntimeManager.LogicalHandler Start processing HTTP request GET https://resources.download.minecraft.net/92/922d1220c168dcc899672b6b26bbbbd3662507bb
2026-09-08T23:00:30.1285496+00:00 Information System.Net.Http.HttpClient.MinecraftRuntimeManager.ClientHandler Sending HTTP request GET https://resources.download.minecraft.net/92/922d1220c168dcc899672b6b26bbbbd3662507bb
2026-09-08T23:00:30.4712291+00:00 Information System.Net.Http.HttpClient.MinecraftRuntimeManager.ClientHandler Received HTTP response headers after 342.3297ms - 200
2026-09-08T23:00:30.4718611+00:00 Information System.Net.Http.HttpClient.MinecraftRuntimeManager.LogicalHandler End processing HTTP request after 343.6111ms - 200
2026-09-08T23:00:30.4807256+00:00 Information System.Net.Http.HttpClient.MinecraftRuntimeManager.LogicalHandler Start processing HTTP request GET https://resources.download.minecraft.net/d4/d422688a19eb4e943b40c28d38f7b7b6f51f9332
2026-09-08T23:00:30.4810054+00:00 Information System.Net.Http.HttpClient.MinecraftRuntimeManager.ClientHandler Sending HTTP request GET https://resources.download.minecraft.net/d4/d422688a19eb4e943b40c28d38f7b7b6f51f9332
2026-09-08T23:00:30.8306526+00:00 Information System.Net.Http.HttpClient.MinecraftRuntimeManager.ClientHandler Received HTTP response headers after 349.1445ms - 200
2026-09-08T23:00:30.8312160+00:00 Information System.Net.Http.HttpClient.MinecraftRuntimeManager.LogicalHandler End processing HTTP request after 350.4745ms - 200
2026-09-08T23:00:30.8392292+00:00 Information System.Net.Http.HttpClient.MinecraftRuntimeManager.LogicalHandler Start processing HTTP request GET https://resources.download.minecraft.net/8e/8ea84646d64a6a45e53b9f648ca3fae7c825ef34
2026-09-08T23:00:30.8394888+00:00 Information System.Net.Http.HttpClient.MinecraftRuntimeManager.ClientHandler Sending HTTP request GET https://resources.download.minecraft.net/8e/8ea84646d64a6a45e53b9f648ca3fae7c825ef34
2026-09-08T23:00:31.1497853+00:00 Information System.Net.Http.HttpClient.MinecraftRuntimeManager.ClientHandler Received HTTP response headers after 309.9775ms - 200
2026-09-08T23:00:31.1500858+00:00 Information System.Net.Http.HttpClient.MinecraftRuntimeManager.LogicalHandler End processing HTTP request after 310.8963ms - 200
2026-09-08T23:00:31.1593840+00:00 Information System.Net.Http.HttpClient.MinecraftRuntimeManager.LogicalHandler Start processing HTTP request GET https://resources.download.minecraft.net/5c/5cf323a496d65365dbcc7eb219a4fcc0bb5f57a1
2026-09-08T23:00:31.1596614+00:00 Information System.Net.Http.HttpClient.MinecraftRuntimeManager.ClientHandler Sending HTTP request GET https://resources.download.minecraft.net/5c/5cf323a496d65365dbcc7eb219a4fcc0bb5f57a1
2026-09-08T23:00:31.5011377+00:00 Information System.Net.Http.HttpClient.MinecraftRuntimeManager.ClientHandler Received HTTP response headers after 341.1073ms - 200
2026-09-08T23:00:31.5016040+00:00 Information System.Net.Http.HttpClient.MinecraftRuntimeManager.LogicalHandler End processing HTTP request after 342.2484ms - 200
2026-09-08T23:00:31.5106515+00:00 Information System.Net.Http.HttpClient.MinecraftRuntimeManager.LogicalHandler Start processing HTTP request GET https://resources.download.minecraft.net/21/2106f2509f5c64a2e7d26990295d6162a8f6026a
2026-09-08T23:00:31.5109586+00:00 Information System.Net.Http.HttpClient.MinecraftRuntimeManager.ClientHandler Sending HTTP request GET https://resources.download.minecraft.net/21/2106f2509f5c64a2e7d26990295d6162a8f6026a
2026-09-08T23:00:31.9456895+00:00 Information System.Net.Http.HttpClient.MinecraftRuntimeManager.ClientHandler Received HTTP response headers after 434.2461ms - 200
2026-09-08T23:00:31.9461129+00:00 Information System.Net.Http.HttpClient.MinecraftRuntimeManager.LogicalHandler End processing HTTP request after 435.4638ms - 200
2026-09-08T23:00:31.9552352+00:00 Information System.Net.Http.HttpClient.MinecraftRuntimeManager.LogicalHandler Start processing HTTP request GET https://resources.download.minecraft.net/56/5679fb4fd184e9e3e4199ade7d03c64465bbe4bd
2026-09-08T23:00:31.9555396+00:00 Information System.Net.Http.HttpClient.MinecraftRuntimeManager.ClientHandler Sending HTTP request GET https://resources.download.minecraft.net/56/5679fb4fd184e9e3e4199ade7d03c64465bbe4bd
2026-09-08T23:00:32.3543467+00:00 Information System.Net.Http.HttpClient.MinecraftRuntimeManager.ClientHandler Received HTTP response headers after 398.4784ms - 200
2026-09-08T23:00:32.3548716+00:00 Information System.Net.Http.HttpClient.MinecraftRuntimeManager.LogicalHandler End processing HTTP request after 399.612ms - 200
2026-09-08T23:00:32.3649679+00:00 Information System.Net.Http.HttpClient.MinecraftRuntimeManager.LogicalHandler Start processing HTTP request GET https://resources.download.minecraft.net/b6/b6e09e210d9150d6a96b38c07bddb22f5734a05f
2026-09-08T23:00:32.3653988+00:00 Information System.Net.Http.HttpClient.MinecraftRuntimeManager.ClientHandler Sending HTTP request GET https://resources.download.minecraft.net/b6/b6e09e210d9150d6a96b38c07bddb22f5734a05f
2026-09-08T23:00:32.7724408+00:00 Information System.Net.Http.HttpClient.MinecraftRuntimeManager.ClientHandler Received HTTP response headers after 406.505ms - 200
2026-09-08T23:00:32.7728501+00:00 Information System.Net.Http.HttpClient.MinecraftRuntimeManager.LogicalHandler End processing HTTP request after 407.9092ms - 200
2026-09-08T23:00:32.7816542+00:00 Information System.Net.Http.HttpClient.MinecraftRuntimeManager.LogicalHandler Start processing HTTP request GET https://resources.download.minecraft.net/58/586aaa54702dbad12becc220b9142970a6cf783b
2026-09-08T23:00:32.7819097+00:00 Information System.Net.Http.HttpClient.MinecraftRuntimeManager.ClientHandler Sending HTTP request GET https://resources.download.minecraft.net/58/586aaa54702dbad12becc220b9142970a6cf783b
2026-09-08T23:00:33.1982769+00:00 Information System.Net.Http.HttpClient.MinecraftRuntimeManager.ClientHandler Received HTTP response headers after 416.0181ms - 200
2026-09-08T23:00:33.1987512+00:00 Information System.Net.Http.HttpClient.MinecraftRuntimeManager.LogicalHandler End processing HTTP request after 417.0955ms - 200
2026-09-08T23:00:33.2097105+00:00 Information System.Net.Http.HttpClient.MinecraftRuntimeManager.LogicalHandler Start processing HTTP request GET https://resources.download.minecraft.net/98/989f136de03972f34055b0674ed7499440158c0e
2026-09-08T23:00:33.2100007+00:00 Information System.Net.Http.HttpClient.MinecraftRuntimeManager.ClientHandler Sending HTTP request GET https://resources.download.minecraft.net/98/989f136de03972f34055b0674ed7499440158c0e
2026-09-08T23:00:33.5333026+00:00 Information System.Net.Http.HttpClient.MinecraftRuntimeManager.ClientHandler Received HTTP response headers after 322.9749ms - 200
2026-09-08T23:00:33.5336104+00:00 Information System.Net.Http.HttpClient.MinecraftRuntimeManager.LogicalHandler End processing HTTP request after 323.998ms - 200
2026-09-08T23:00:33.6887659+00:00 Information System.Net.Http.HttpClient.MinecraftRuntimeManager.LogicalHandler Start processing HTTP request GET https://resources.download.minecraft.net/44/442fcb0cd57d4b570a17712e0cccaadb8fa8f598
2026-09-08T23:00:33.6890796+00:00 Information System.Net.Http.HttpClient.MinecraftRuntimeManager.ClientHandler Sending HTTP request GET https://resources.download.minecraft.net/44/442fcb0cd57d4b570a17712e0cccaadb8fa8f598
2026-09-08T23:00:34.0405010+00:00 Information System.Net.Http.HttpClient.MinecraftRuntimeManager.ClientHandler Received HTTP response headers after 351.0521ms - 200
2026-09-08T23:00:34.0409212+00:00 Information System.Net.Http.HttpClient.MinecraftRuntimeManager.LogicalHandler End processing HTTP request after 352.208ms - 200
2026-09-08T23:00:34.0500950+00:00 Information System.Net.Http.HttpClient.MinecraftRuntimeManager.LogicalHandler Start processing HTTP request GET https://resources.download.minecraft.net/96/96757629d4b9d285f639257c6a30452cd7e79b0f
2026-09-08T23:00:34.0503575+00:00 Information System.Net.Http.HttpClient.MinecraftRuntimeManager.ClientHandler Sending HTTP request GET https://resources.download.minecraft.net/96/96757629d4b9d285f639257c6a30452cd7e79b0f
2026-09-08T23:00:34.4014551+00:00 Information System.Net.Http.HttpClient.MinecraftRuntimeManager.ClientHandler Received HTTP response headers after 350.7679ms - 200
2026-09-08T23:00:34.4017957+00:00 Information System.Net.Http.HttpClient.MinecraftRuntimeManager.LogicalHandler End processing HTTP request after 351.7216ms - 200
2026-09-08T23:00:34.4098759+00:00 Information System.Net.Http.HttpClient.MinecraftRuntimeManager.LogicalHandler Start processing HTTP request GET https://resources.download.minecraft.net/2e/2e3cb35243d6fed155618c3b0b26c2c6fb80bced
2026-09-08T23:00:34.4104134+00:00 Information System.Net.Http.HttpClient.MinecraftRuntimeManager.ClientHandler Sending HTTP request GET https://resources.download.minecraft.net/2e/2e3cb35243d6fed155618c3b0b26c2c6fb80bced
2026-09-08T23:00:34.8092183+00:00 Information System.Net.Http.HttpClient.MinecraftRuntimeManager.ClientHandler Received HTTP response headers after 398.3877ms - 200
2026-09-08T23:00:34.8095375+00:00 Information System.Net.Http.HttpClient.MinecraftRuntimeManager.LogicalHandler End processing HTTP request after 399.7346ms - 200
2026-09-08T23:00:34.8198828+00:00 Information System.Net.Http.HttpClient.MinecraftRuntimeManager.LogicalHandler Start processing HTTP request GET https://resources.download.minecraft.net/13/1387c1334885ce091f0397ac2f13f8bf3867ac46
2026-09-08T23:00:34.8202593+00:00 Information System.Net.Http.HttpClient.MinecraftRuntimeManager.ClientHandler Sending HTTP request GET https://resources.download.minecraft.net/13/1387c1334885ce091f0397ac2f13f8bf3867ac46
2026-09-08T23:00:35.2084061+00:00 Information System.Net.Http.HttpClient.MinecraftRuntimeManager.ClientHandler Received HTTP response headers after 387.7431ms - 200
2026-09-08T23:00:35.2089244+00:00 Information System.Net.Http.HttpClient.MinecraftRuntimeManager.LogicalHandler End processing HTTP request after 389.0506ms - 200
2026-09-08T23:00:35.2184429+00:00 Information System.Net.Http.HttpClient.MinecraftRuntimeManager.LogicalHandler Start processing HTTP request GET https://resources.download.minecraft.net/7e/7efcfedf902dfb5e85a4779899bed3e934fed432
2026-09-08T23:00:35.2186901+00:00 Information System.Net.Http.HttpClient.MinecraftRuntimeManager.ClientHandler Sending HTTP request GET https://resources.download.minecraft.net/7e/7efcfedf902dfb5e85a4779899bed3e934fed432
2026-09-08T23:00:35.6264399+00:00 Information System.Net.Http.HttpClient.MinecraftRuntimeManager.ClientHandler Received HTTP response headers after 407.2484ms - 200
2026-09-08T23:00:35.6269919+00:00 Information System.Net.Http.HttpClient.MinecraftRuntimeManager.LogicalHandler End processing HTTP request after 408.5104ms - 200
2026-09-08T23:00:35.6381581+00:00 Information System.Net.Http.HttpClient.MinecraftRuntimeManager.LogicalHandler Start processing HTTP request GET https://resources.download.minecraft.net/8d/8d887ffeeefdd8e3049ebfc459f2a87d8bb155b6
2026-09-08T23:00:35.6384730+00:00 Information System.Net.Http.HttpClient.MinecraftRuntimeManager.ClientHandler Sending HTTP request GET https://resources.download.minecraft.net/8d/8d887ffeeefdd8e3049ebfc459f2a87d8bb155b6
2026-09-08T23:00:35.9982199+00:00 Information System.Net.Http.HttpClient.MinecraftRuntimeManager.ClientHandler Received HTTP response headers after 359.3499ms - 200
2026-09-08T23:00:35.9987203+00:00 Information System.Net.Http.HttpClient.MinecraftRuntimeManager.LogicalHandler End processing HTTP request after 360.5481ms - 200
2026-09-08T23:00:36.0112054+00:00 Information System.Net.Http.HttpClient.MinecraftRuntimeManager.LogicalHandler Start processing HTTP request GET https://resources.download.minecraft.net/2a/2a398cf76da4b3eff88ac96cc54911dab466e16f
2026-09-08T23:00:36.0116250+00:00 Information System.Net.Http.HttpClient.MinecraftRuntimeManager.ClientHandler Sending HTTP request GET https://resources.download.minecraft.net/2a/2a398cf76da4b3eff88ac96cc54911dab466e16f
2026-09-08T23:00:36.3702788+00:00 Information System.Net.Http.HttpClient.MinecraftRuntimeManager.ClientHandler Received HTTP response headers after 358.1962ms - 200
2026-09-08T23:00:36.3707022+00:00 Information System.Net.Http.HttpClient.MinecraftRuntimeManager.LogicalHandler End processing HTTP request after 359.4938ms - 200
2026-09-08T23:00:36.3799398+00:00 Information System.Net.Http.HttpClient.MinecraftRuntimeManager.LogicalHandler Start processing HTTP request GET https://resources.download.minecraft.net/83/83e7358c1825cf061caf4e9fd21dcb39dd90dc39
2026-09-08T23:00:36.3801968+00:00 Information System.Net.Http.HttpClient.MinecraftRuntimeManager.ClientHandler Sending HTTP request GET https://resources.download.minecraft.net/83/83e7358c1825cf061caf4e9fd21dcb39dd90dc39
2026-09-08T23:00:36.7392178+00:00 Information System.Net.Http.HttpClient.MinecraftRuntimeManager.ClientHandler Received HTTP response headers after 358.4668ms - 200
2026-09-08T23:00:36.7396932+00:00 Information System.Net.Http.HttpClient.MinecraftRuntimeManager.LogicalHandler End processing HTTP request after 359.735ms - 200
2026-09-08T23:00:36.7478491+00:00 Information System.Net.Http.HttpClient.MinecraftRuntimeManager.LogicalHandler Start processing HTTP request GET https://resources.download.minecraft.net/2c/2c2c121d63188be0e841c5d38fcae269d48a47a4
2026-09-08T23:00:36.7482707+00:00 Information System.Net.Http.HttpClient.MinecraftRuntimeManager.ClientHandler Sending HTTP request GET https://resources.download.minecraft.net/2c/2c2c121d63188be0e841c5d38fcae269d48a47a4
2026-09-08T23:00:37.1198778+00:00 Information System.Net.Http.HttpClient.MinecraftRuntimeManager.ClientHandler Received HTTP response headers after 371.2215ms - 200
2026-09-08T23:00:37.1203262+00:00 Information System.Net.Http.HttpClient.MinecraftRuntimeManager.LogicalHandler End processing HTTP request after 372.5154ms - 200
2026-09-08T23:00:37.1304430+00:00 Information System.Net.Http.HttpClient.MinecraftRuntimeManager.LogicalHandler Start processing HTTP request GET https://resources.download.minecraft.net/c0/c0e4e7cc2b604f0aef85d20390b468e07102f6c2
2026-09-08T23:00:37.1307274+00:00 Information System.Net.Http.HttpClient.MinecraftRuntimeManager.ClientHandler Sending HTTP request GET https://resources.download.minecraft.net/c0/c0e4e7cc2b604f0aef85d20390b468e07102f6c2
2026-09-08T23:00:37.5339041+00:00 Information System.Net.Http.HttpClient.MinecraftRuntimeManager.ClientHandler Received HTTP response headers after 402.7992ms - 200
2026-09-08T23:00:37.5342418+00:00 Information System.Net.Http.HttpClient.MinecraftRuntimeManager.LogicalHandler End processing HTTP request after 403.8761ms - 200
2026-09-08T23:00:37.5442459+00:00 Information System.Net.Http.HttpClient.MinecraftRuntimeManager.LogicalHandler Start processing HTTP request GET https://resources.download.minecraft.net/fa/fad694e6c37b2b2369046ce88cddcad4b86a1c55
2026-09-08T23:00:37.5444910+00:00 Information System.Net.Http.HttpClient.MinecraftRuntimeManager.ClientHandler Sending HTTP request GET https://resources.download.minecraft.net/fa/fad694e6c37b2b2369046ce88cddcad4b86a1c55
2026-09-08T23:00:37.8722838+00:00 Information System.Net.Http.HttpClient.MinecraftRuntimeManager.ClientHandler Received HTTP response headers after 327.4166ms - 200
2026-09-08T23:00:37.8727236+00:00 Information System.Net.Http.HttpClient.MinecraftRuntimeManager.LogicalHandler End processing HTTP request after 328.4803ms - 200
2026-09-08T23:00:37.8814774+00:00 Information System.Net.Http.HttpClient.MinecraftRuntimeManager.LogicalHandler Start processing HTTP request GET https://resources.download.minecraft.net/64/64ea3da2bfe8f994308140c734ca81a6fed4d4a7
2026-09-08T23:00:37.8818188+00:00 Information System.Net.Http.HttpClient.MinecraftRuntimeManager.ClientHandler Sending HTTP request GET https://resources.download.minecraft.net/64/64ea3da2bfe8f994308140c734ca81a6fed4d4a7
2026-09-08T23:00:38.2104322+00:00 Information System.Net.Http.HttpClient.MinecraftRuntimeManager.ClientHandler Received HTTP response headers after 328.0579ms - 200
2026-09-08T23:00:38.2109309+00:00 Information System.Net.Http.HttpClient.MinecraftRuntimeManager.LogicalHandler End processing HTTP request after 329.4798ms - 200
2026-09-08T23:00:38.2211271+00:00 Information System.Net.Http.HttpClient.MinecraftRuntimeManager.LogicalHandler Start processing HTTP request GET https://resources.download.minecraft.net/aa/aa10d6c0b4941f35b7129ee0b9905536826f2422
2026-09-08T23:00:38.2214627+00:00 Information System.Net.Http.HttpClient.MinecraftRuntimeManager.ClientHandler Sending HTTP request GET https://resources.download.minecraft.net/aa/aa10d6c0b4941f35b7129ee0b9905536826f2422
2026-09-08T23:00:38.4851096+00:00 Information System.Net.Http.HttpClient.MinecraftRuntimeManager.ClientHandler Received HTTP response headers after 263.2974ms - 200
2026-09-08T23:00:38.4856475+00:00 Information System.Net.Http.HttpClient.MinecraftRuntimeManager.LogicalHandler End processing HTTP request after 264.5344ms - 200
2026-09-08T23:00:38.4947146+00:00 Information System.Net.Http.HttpClient.MinecraftRuntimeManager.LogicalHandler Start processing HTTP request GET https://resources.download.minecraft.net/07/07373cce0250d335443998231c8a9e3ef7531e9f
2026-09-08T23:00:38.4951507+00:00 Information System.Net.Http.HttpClient.MinecraftRuntimeManager.ClientHandler Sending HTTP request GET https://resources.download.minecraft.net/07/07373cce0250d335443998231c8a9e3ef7531e9f
2026-09-08T23:00:38.7989731+00:00 Information System.Net.Http.HttpClient.MinecraftRuntimeManager.ClientHandler Received HTTP response headers after 302.8827ms - 200
2026-09-08T23:00:38.7996625+00:00 Information System.Net.Http.HttpClient.MinecraftRuntimeManager.LogicalHandler End processing HTTP request after 304.9314ms - 200
2026-09-08T23:00:38.8077669+00:00 Information System.Net.Http.HttpClient.MinecraftRuntimeManager.LogicalHandler Start processing HTTP request GET https://resources.download.minecraft.net/f2/f23941bd42028d6fac79a142cb913522f05998c2
2026-09-08T23:00:38.8080236+00:00 Information System.Net.Http.HttpClient.MinecraftRuntimeManager.ClientHandler Sending HTTP request GET https://resources.download.minecraft.net/f2/f23941bd42028d6fac79a142cb913522f05998c2
2026-09-08T23:00:39.1229885+00:00 Information System.Net.Http.HttpClient.MinecraftRuntimeManager.ClientHandler Received HTTP response headers after 314.5539ms - 200
2026-09-08T23:00:39.1234623+00:00 Information System.Net.Http.HttpClient.MinecraftRuntimeManager.LogicalHandler End processing HTTP request after 315.6523ms - 200
2026-09-08T23:00:39.1352455+00:00 Information System.Net.Http.HttpClient.MinecraftRuntimeManager.LogicalHandler Start processing HTTP request GET https://resources.download.minecraft.net/7e/7e163e93b0799fc8373baa3fdbf44bffcbe540b4
2026-09-08T23:00:39.1355367+00:00 Information System.Net.Http.HttpClient.MinecraftRuntimeManager.ClientHandler Sending HTTP request GET https://resources.download.minecraft.net/7e/7e163e93b0799fc8373baa3fdbf44bffcbe540b4
2026-09-08T23:00:39.4755385+00:00 Information System.Net.Http.HttpClient.MinecraftRuntimeManager.ClientHandler Received HTTP response headers after 339.6564ms - 200
2026-09-08T23:00:39.4759631+00:00 Information System.Net.Http.HttpClient.MinecraftRuntimeManager.LogicalHandler End processing HTTP request after 340.7098ms - 200
2026-09-08T23:00:39.4853232+00:00 Information System.Net.Http.HttpClient.MinecraftRuntimeManager.LogicalHandler Start processing HTTP request GET https://resources.download.minecraft.net/a2/a2c1116d40b879a0abccc2f02c0471be91bb6b30
2026-09-08T23:00:39.4856331+00:00 Information System.Net.Http.HttpClient.MinecraftRuntimeManager.ClientHandler Sending HTTP request GET https://resources.download.minecraft.net/a2/a2c1116d40b879a0abccc2f02c0471be91bb6b30
2026-09-08T23:00:39.7881551+00:00 Information System.Net.Http.HttpClient.MinecraftRuntimeManager.ClientHandler Received HTTP response headers after 302.0579ms - 200
2026-09-08T23:00:39.7885427+00:00 Information System.Net.Http.HttpClient.MinecraftRuntimeManager.LogicalHandler End processing HTTP request after 303.2483ms - 200
2026-09-08T23:00:39.7986012+00:00 Information System.Net.Http.HttpClient.MinecraftRuntimeManager.LogicalHandler Start processing HTTP request GET https://resources.download.minecraft.net/dc/dc9fca5c84d47e4de613cb3f90ef6369ab070b11
2026-09-08T23:00:39.7988777+00:00 Information System.Net.Http.HttpClient.MinecraftRuntimeManager.ClientHandler Sending HTTP request GET https://resources.download.minecraft.net/dc/dc9fca5c84d47e4de613cb3f90ef6369ab070b11
2026-09-08T23:00:40.1990310+00:00 Information System.Net.Http.HttpClient.MinecraftRuntimeManager.ClientHandler Received HTTP response headers after 399.7076ms - 200
2026-09-08T23:00:40.1996652+00:00 Information System.Net.Http.HttpClient.MinecraftRuntimeManager.LogicalHandler End processing HTTP request after 401.0213ms - 200
2026-09-08T23:00:40.2093732+00:00 Information System.Net.Http.HttpClient.MinecraftRuntimeManager.LogicalHandler Start processing HTTP request GET https://resources.download.minecraft.net/2e/2ee314ed953458720e3163bccb97b88f08649f52
2026-09-08T23:00:40.2096653+00:00 Information System.Net.Http.HttpClient.MinecraftRuntimeManager.ClientHandler Sending HTTP request GET https://resources.download.minecraft.net/2e/2ee314ed953458720e3163bccb97b88f08649f52
2026-09-08T23:00:40.6055327+00:00 Information System.Net.Http.HttpClient.MinecraftRuntimeManager.ClientHandler Received HTTP response headers after 395.4204ms - 200
2026-09-08T23:00:40.6059693+00:00 Information System.Net.Http.HttpClient.MinecraftRuntimeManager.LogicalHandler End processing HTTP request after 396.679ms - 200
2026-09-08T23:00:40.6158739+00:00 Information System.Net.Http.HttpClient.MinecraftRuntimeManager.LogicalHandler Start processing HTTP request GET https://resources.download.minecraft.net/14/14a69acea92b011aefde17452179a290815de170
2026-09-08T23:00:40.6161586+00:00 Information System.Net.Http.HttpClient.MinecraftRuntimeManager.ClientHandler Sending HTTP request GET https://resources.download.minecraft.net/14/14a69acea92b011aefde17452179a290815de170
2026-09-08T23:00:40.9762203+00:00 Information System.Net.Http.HttpClient.MinecraftRuntimeManager.ClientHandler Received HTTP response headers after 359.714ms - 200
2026-09-08T23:00:40.9765518+00:00 Information System.Net.Http.HttpClient.MinecraftRuntimeManager.LogicalHandler End processing HTTP request after 360.764ms - 200
2026-09-08T23:00:40.9849396+00:00 Information System.Net.Http.HttpClient.MinecraftRuntimeManager.LogicalHandler Start processing HTTP request GET https://resources.download.minecraft.net/df/df58a02eab54f8105c40ee6f97b698c2ff203462
2026-09-08T23:00:40.9852459+00:00 Information System.Net.Http.HttpClient.MinecraftRuntimeManager.ClientHandler Sending HTTP request GET https://resources.download.minecraft.net/df/df58a02eab54f8105c40ee6f97b698c2ff203462
2026-09-08T23:00:41.3580902+00:00 Information System.Net.Http.HttpClient.MinecraftRuntimeManager.ClientHandler Received HTTP response headers after 372.4968ms - 200
2026-09-08T23:00:41.3585003+00:00 Information System.Net.Http.HttpClient.MinecraftRuntimeManager.LogicalHandler End processing HTTP request after 373.5831ms - 200
2026-09-08T23:00:41.3668170+00:00 Information System.Net.Http.HttpClient.MinecraftRuntimeManager.LogicalHandler Start processing HTTP request GET https://resources.download.minecraft.net/42/421214a72c9a67bf92f66a26d78f058a39f57a4c
2026-09-08T23:00:41.3671062+00:00 Information System.Net.Http.HttpClient.MinecraftRuntimeManager.ClientHandler Sending HTTP request GET https://resources.download.minecraft.net/42/421214a72c9a67bf92f66a26d78f058a39f57a4c
2026-09-08T23:00:41.7381753+00:00 Information System.Net.Http.HttpClient.MinecraftRuntimeManager.ClientHandler Received HTTP response headers after 370.7094ms - 200
2026-09-08T23:00:41.7385891+00:00 Information System.Net.Http.HttpClient.MinecraftRuntimeManager.LogicalHandler End processing HTTP request after 371.7881ms - 200
2026-09-08T23:00:41.7497074+00:00 Information System.Net.Http.HttpClient.MinecraftRuntimeManager.LogicalHandler Start processing HTTP request GET https://resources.download.minecraft.net/5a/5a01ef120c2b29f2f4bfabc5febf25fbe38620bc
2026-09-08T23:00:41.7499606+00:00 Information System.Net.Http.HttpClient.MinecraftRuntimeManager.ClientHandler Sending HTTP request GET https://resources.download.minecraft.net/5a/5a01ef120c2b29f2f4bfabc5febf25fbe38620bc
2026-09-08T23:00:42.0854457+00:00 Information System.Net.Http.HttpClient.MinecraftRuntimeManager.ClientHandler Received HTTP response headers after 335.1512ms - 200
2026-09-08T23:00:42.0858203+00:00 Information System.Net.Http.HttpClient.MinecraftRuntimeManager.LogicalHandler End processing HTTP request after 336.1622ms - 200
2026-09-08T23:00:42.0942195+00:00 Information System.Net.Http.HttpClient.MinecraftRuntimeManager.LogicalHandler Start processing HTTP request GET https://resources.download.minecraft.net/5c/5c4ae57d8ff29ed4adfc3f5f5b2a685acc41d168
2026-09-08T23:00:42.0946015+00:00 Information System.Net.Http.HttpClient.MinecraftRuntimeManager.ClientHandler Sending HTTP request GET https://resources.download.minecraft.net/5c/5c4ae57d8ff29ed4adfc3f5f5b2a685acc41d168
2026-09-08T23:00:42.3939786+00:00 Information System.Net.Http.HttpClient.MinecraftRuntimeManager.ClientHandler Received HTTP response headers after 298.9576ms - 200
2026-09-08T23:00:42.3944504+00:00 Information System.Net.Http.HttpClient.MinecraftRuntimeManager.LogicalHandler End processing HTTP request after 300.1726ms - 200
2026-09-08T23:00:42.4045986+00:00 Information System.Net.Http.HttpClient.MinecraftRuntimeManager.LogicalHandler Start processing HTTP request GET https://resources.download.minecraft.net/70/70a56b0f1157165689343b2307b67bc973716cd8
2026-09-08T23:00:42.4049419+00:00 Information System.Net.Http.HttpClient.MinecraftRuntimeManager.ClientHandler Sending HTTP request GET https://resources.download.minecraft.net/70/70a56b0f1157165689343b2307b67bc973716cd8
2026-09-08T23:00:42.7043484+00:00 Information System.Net.Http.HttpClient.MinecraftRuntimeManager.ClientHandler Received HTTP response headers after 298.9668ms - 200
2026-09-08T23:00:42.7049099+00:00 Information System.Net.Http.HttpClient.MinecraftRuntimeManager.LogicalHandler End processing HTTP request after 300.3557ms - 200
2026-09-08T23:00:42.7131772+00:00 Information System.Net.Http.HttpClient.MinecraftRuntimeManager.LogicalHandler Start processing HTTP request GET https://resources.download.minecraft.net/fe/fe0338d5ad76a7f122ea4736c14d6150e4de4a8e
2026-09-08T23:00:42.7135140+00:00 Information System.Net.Http.HttpClient.MinecraftRuntimeManager.ClientHandler Sending HTTP request GET https://resources.download.minecraft.net/fe/fe0338d5ad76a7f122ea4736c14d6150e4de4a8e
2026-09-08T23:00:43.0002642+00:00 Information System.Net.Http.HttpClient.MinecraftRuntimeManager.ClientHandler Received HTTP response headers after 286.3117ms - 200
2026-09-08T23:00:43.0012749+00:00 Information System.Net.Http.HttpClient.MinecraftRuntimeManager.LogicalHandler End processing HTTP request after 288.1683ms - 200
2026-09-08T23:00:43.0229513+00:00 Information System.Net.Http.HttpClient.MinecraftRuntimeManager.LogicalHandler Start processing HTTP request GET https://resources.download.minecraft.net/16/1652eefa61aa315e59b608188343417c3e303ebb
2026-09-08T23:00:43.0233000+00:00 Information System.Net.Http.HttpClient.MinecraftRuntimeManager.ClientHandler Sending HTTP request GET https://resources.download.minecraft.net/16/1652eefa61aa315e59b608188343417c3e303ebb
2026-09-08T23:00:43.3095473+00:00 Information System.Net.Http.HttpClient.MinecraftRuntimeManager.ClientHandler Received HTTP response headers after 285.8314ms - 200
2026-09-08T23:00:43.3100825+00:00 Information System.Net.Http.HttpClient.MinecraftRuntimeManager.LogicalHandler End processing HTTP request after 287.1648ms - 200
2026-09-08T23:00:43.3211056+00:00 Information System.Net.Http.HttpClient.MinecraftRuntimeManager.LogicalHandler Start processing HTTP request GET https://resources.download.minecraft.net/54/54bec018a6299995d114c41638fbf90dab400102
2026-09-08T23:00:43.3215734+00:00 Information System.Net.Http.HttpClient.MinecraftRuntimeManager.ClientHandler Sending HTTP request GET https://resources.download.minecraft.net/54/54bec018a6299995d114c41638fbf90dab400102
2026-09-08T23:00:43.6326762+00:00 Information System.Net.Http.HttpClient.MinecraftRuntimeManager.ClientHandler Received HTTP response headers after 310.7094ms - 200
2026-09-08T23:00:43.6334558+00:00 Information System.Net.Http.HttpClient.MinecraftRuntimeManager.LogicalHandler End processing HTTP request after 312.3117ms - 200
2026-09-08T23:00:43.6430044+00:00 Information System.Net.Http.HttpClient.MinecraftRuntimeManager.LogicalHandler Start processing HTTP request GET https://resources.download.minecraft.net/d8/d87f3255f33071b4dc131e4e5bcfd0394db82b17
2026-09-08T23:00:43.6433016+00:00 Information System.Net.Http.HttpClient.MinecraftRuntimeManager.ClientHandler Sending HTTP request GET https://resources.download.minecraft.net/d8/d87f3255f33071b4dc131e4e5bcfd0394db82b17
2026-09-08T23:00:43.9435157+00:00 Information System.Net.Http.HttpClient.MinecraftRuntimeManager.ClientHandler Received HTTP response headers after 299.6566ms - 200
2026-09-08T23:00:43.9440536+00:00 Information System.Net.Http.HttpClient.MinecraftRuntimeManager.LogicalHandler End processing HTTP request after 300.9905ms - 200
2026-09-08T23:00:43.9524273+00:00 Information System.Net.Http.HttpClient.MinecraftRuntimeManager.LogicalHandler Start processing HTTP request GET https://resources.download.minecraft.net/b9/b97899f3c27ab46d7bab3edd0d1d73fecf5469e3
2026-09-08T23:00:43.9527840+00:00 Information System.Net.Http.HttpClient.MinecraftRuntimeManager.ClientHandler Sending HTTP request GET https://resources.download.minecraft.net/b9/b97899f3c27ab46d7bab3edd0d1d73fecf5469e3
2026-09-08T23:00:44.2277365+00:00 Information System.Net.Http.HttpClient.MinecraftRuntimeManager.ClientHandler Received HTTP response headers after 274.5797ms - 200
2026-09-08T23:00:44.2282316+00:00 Information System.Net.Http.HttpClient.MinecraftRuntimeManager.LogicalHandler End processing HTTP request after 275.8209ms - 200
2026-09-08T23:00:44.2395083+00:00 Information System.Net.Http.HttpClient.MinecraftRuntimeManager.LogicalHandler Start processing HTTP request GET https://resources.download.minecraft.net/77/77109350e5cf7cfaa0cc1543294dde3d76324645
2026-09-08T23:00:44.2398448+00:00 Information System.Net.Http.HttpClient.MinecraftRuntimeManager.ClientHandler Sending HTTP request GET https://resources.download.minecraft.net/77/77109350e5cf7cfaa0cc1543294dde3d76324645
2026-09-08T23:00:44.5146841+00:00 Information System.Net.Http.HttpClient.MinecraftRuntimeManager.ClientHandler Received HTTP response headers after 274.4479ms - 200
2026-09-08T23:00:44.5153914+00:00 Information System.Net.Http.HttpClient.MinecraftRuntimeManager.LogicalHandler End processing HTTP request after 276.0335ms - 200
2026-09-08T23:00:44.5234603+00:00 Information System.Net.Http.HttpClient.MinecraftRuntimeManager.LogicalHandler Start processing HTTP request GET https://resources.download.minecraft.net/e7/e76c482f23201967692b2b8442dd0a52aac48701
2026-09-08T23:00:44.5237334+00:00 Information System.Net.Http.HttpClient.MinecraftRuntimeManager.ClientHandler Sending HTTP request GET https://resources.download.minecraft.net/e7/e76c482f23201967692b2b8442dd0a52aac48701
2026-09-08T23:00:44.8104263+00:00 Information System.Net.Http.HttpClient.MinecraftRuntimeManager.ClientHandler Received HTTP response headers after 286.3436ms - 200
2026-09-08T23:00:44.8108831+00:00 Information System.Net.Http.HttpClient.MinecraftRuntimeManager.LogicalHandler End processing HTTP request after 287.4197ms - 200
2026-09-08T23:00:44.8219519+00:00 Information System.Net.Http.HttpClient.MinecraftRuntimeManager.LogicalHandler Start processing HTTP request GET https://resources.download.minecraft.net/4b/4b9469a8a151cba0d28f14d87723244d8de74950
2026-09-08T23:00:44.8221994+00:00 Information System.Net.Http.HttpClient.MinecraftRuntimeManager.ClientHandler Sending HTTP request GET https://resources.download.minecraft.net/4b/4b9469a8a151cba0d28f14d87723244d8de74950
2026-09-08T23:00:45.3274310+00:00 Information System.Net.Http.HttpClient.MinecraftRuntimeManager.ClientHandler Received HTTP response headers after 504.6848ms - 200
2026-09-08T23:00:45.3278209+00:00 Information System.Net.Http.HttpClient.MinecraftRuntimeManager.LogicalHandler End processing HTTP request after 505.8926ms - 200
2026-09-08T23:00:45.3374815+00:00 Information System.Net.Http.HttpClient.MinecraftRuntimeManager.LogicalHandler Start processing HTTP request GET https://resources.download.minecraft.net/8a/8a930adbadfc8fe0168595302c03d3117dc60e0e
2026-09-08T23:00:45.3379017+00:00 Information System.Net.Http.HttpClient.MinecraftRuntimeManager.ClientHandler Sending HTTP request GET https://resources.download.minecraft.net/8a/8a930adbadfc8fe0168595302c03d3117dc60e0e
2026-09-08T23:00:47.0576405+00:00 Information System.Net.Http.HttpClient.MinecraftRuntimeManager.ClientHandler Received HTTP response headers after 1719.2589ms - 200
2026-09-08T23:00:47.0581867+00:00 Information System.Net.Http.HttpClient.MinecraftRuntimeManager.LogicalHandler End processing HTTP request after 1720.7611ms - 200
2026-09-08T23:00:47.0687188+00:00 Information System.Net.Http.HttpClient.MinecraftRuntimeManager.LogicalHandler Start processing HTTP request GET https://resources.download.minecraft.net/0c/0c6bb010b1b50f592881a1f858d5db5f0a181f22
2026-09-08T23:00:47.0689937+00:00 Information System.Net.Http.HttpClient.MinecraftRuntimeManager.ClientHandler Sending HTTP request GET https://resources.download.minecraft.net/0c/0c6bb010b1b50f592881a1f858d5db5f0a181f22
2026-09-08T23:00:48.4643778+00:00 Information System.Net.Http.HttpClient.MinecraftRuntimeManager.ClientHandler Received HTTP response headers after 1395.018ms - 200
2026-09-08T23:00:48.4648455+00:00 Information System.Net.Http.HttpClient.MinecraftRuntimeManager.LogicalHandler End processing HTTP request after 1396.1459ms - 200
2026-09-08T23:00:48.4761780+00:00 Information System.Net.Http.HttpClient.MinecraftRuntimeManager.LogicalHandler Start processing HTTP request GET https://resources.download.minecraft.net/9a/9afc4d2fafd6dc6d779dd8cbf4b23bb50c165dc4
2026-09-08T23:00:48.4765462+00:00 Information System.Net.Http.HttpClient.MinecraftRuntimeManager.ClientHandler Sending HTTP request GET https://resources.download.minecraft.net/9a/9afc4d2fafd6dc6d779dd8cbf4b23bb50c165dc4
2026-09-08T23:00:49.6310415+00:00 Information System.Net.Http.HttpClient.MinecraftRuntimeManager.ClientHandler Received HTTP response headers after 1154.1707ms - 200
2026-09-08T23:00:49.6314012+00:00 Information System.Net.Http.HttpClient.MinecraftRuntimeManager.LogicalHandler End processing HTTP request after 1155.2302ms - 200
2026-09-08T23:00:49.6412394+00:00 Information System.Net.Http.HttpClient.MinecraftRuntimeManager.LogicalHandler Start processing HTTP request GET https://resources.download.minecraft.net/4b/4b736a9adb36eda550acc630b51f32c5ddbca76f
2026-09-08T23:00:49.6415045+00:00 Information System.Net.Http.HttpClient.MinecraftRuntimeManager.ClientHandler Sending HTTP request GET https://resources.download.minecraft.net/4b/4b736a9adb36eda550acc630b51f32c5ddbca76f
2026-09-08T23:00:50.7350088+00:00 Information System.Net.Http.HttpClient.MinecraftRuntimeManager.ClientHandler Received HTTP response headers after 1093.1409ms - 200
2026-09-08T23:00:50.7354058+00:00 Information System.Net.Http.HttpClient.MinecraftRuntimeManager.LogicalHandler End processing HTTP request after 1094.1848ms - 200
2026-09-08T23:00:50.7446181+00:00 Information System.Net.Http.HttpClient.MinecraftRuntimeManager.LogicalHandler Start processing HTTP request GET https://resources.download.minecraft.net/3a/3aafe51655104d95dcf41b55de9731622db1845f
2026-09-08T23:00:50.7448799+00:00 Information System.Net.Http.HttpClient.MinecraftRuntimeManager.ClientHandler Sending HTTP request GET https://resources.download.minecraft.net/3a/3aafe51655104d95dcf41b55de9731622db1845f
2026-09-08T23:00:51.6754794+00:00 Information System.Net.Http.HttpClient.MinecraftRuntimeManager.ClientHandler Received HTTP response headers after 930.2575ms - 200
2026-09-08T23:00:51.6758319+00:00 Information System.Net.Http.HttpClient.MinecraftRuntimeManager.LogicalHandler End processing HTTP request after 931.2395ms - 200
2026-09-08T23:00:51.6853751+00:00 Information System.Net.Http.HttpClient.MinecraftRuntimeManager.LogicalHandler Start processing HTTP request GET https://resources.download.minecraft.net/d8/d82a2dfe9007742a19637fb82256c8b3bb2248ef
2026-09-08T23:00:51.6856211+00:00 Information System.Net.Http.HttpClient.MinecraftRuntimeManager.ClientHandler Sending HTTP request GET https://resources.download.minecraft.net/d8/d82a2dfe9007742a19637fb82256c8b3bb2248ef
2026-09-08T23:00:52.4835685+00:00 Information System.Net.Http.HttpClient.MinecraftRuntimeManager.ClientHandler Received HTTP response headers after 797.6003ms - 200
2026-09-08T23:00:52.4840315+00:00 Information System.Net.Http.HttpClient.MinecraftRuntimeManager.LogicalHandler End processing HTTP request after 798.6304ms - 200
2026-09-08T23:00:52.4922513+00:00 Information System.Net.Http.HttpClient.MinecraftRuntimeManager.LogicalHandler Start processing HTTP request GET https://resources.download.minecraft.net/b2/b21d524d15e9bf9007bb959ec13640033f06e939
2026-09-08T23:00:52.4925059+00:00 Information System.Net.Http.HttpClient.MinecraftRuntimeManager.ClientHandler Sending HTTP request GET https://resources.download.minecraft.net/b2/b21d524d15e9bf9007bb959ec13640033f06e939
2026-09-08T23:00:53.1881655+00:00 Information System.Net.Http.HttpClient.MinecraftRuntimeManager.ClientHandler Received HTTP response headers after 695.3116ms - 200
2026-09-08T23:00:53.1887172+00:00 Information System.Net.Http.HttpClient.MinecraftRuntimeManager.LogicalHandler End processing HTTP request after 696.4365ms - 200
2026-09-08T23:00:53.1971961+00:00 Information System.Net.Http.HttpClient.MinecraftRuntimeManager.LogicalHandler Start processing HTTP request GET https://resources.download.minecraft.net/fe/feb0871002430ce84966f81c0a019a2c51be794f
2026-09-08T23:00:53.1974752+00:00 Information System.Net.Http.HttpClient.MinecraftRuntimeManager.ClientHandler Sending HTTP request GET https://resources.download.minecraft.net/fe/feb0871002430ce84966f81c0a019a2c51be794f
2026-09-08T23:00:54.1894658+00:00 Information System.Net.Http.HttpClient.MinecraftRuntimeManager.ClientHandler Received HTTP response headers after 991.6125ms - 200
2026-09-08T23:00:54.1900236+00:00 Information System.Net.Http.HttpClient.MinecraftRuntimeManager.LogicalHandler End processing HTTP request after 992.8433ms - 200
2026-09-08T23:00:54.1979533+00:00 Information System.Net.Http.HttpClient.MinecraftRuntimeManager.LogicalHandler Start processing HTTP request GET https://resources.download.minecraft.net/9f/9f0f729bb824c7220788403a331c2c90ae126f23
2026-09-08T23:00:54.1983440+00:00 Information System.Net.Http.HttpClient.MinecraftRuntimeManager.ClientHandler Sending HTTP request GET https://resources.download.minecraft.net/9f/9f0f729bb824c7220788403a331c2c90ae126f23
2026-09-08T23:00:54.8685478+00:00 Information System.Net.Http.HttpClient.MinecraftRuntimeManager.ClientHandler Received HTTP response headers after 669.7864ms - 200
2026-09-08T23:00:54.8690466+00:00 Information System.Net.Http.HttpClient.MinecraftRuntimeManager.LogicalHandler End processing HTTP request after 671.123ms - 200
2026-09-08T23:00:54.8778026+00:00 Information System.Net.Http.HttpClient.MinecraftRuntimeManager.LogicalHandler Start processing HTTP request GET https://resources.download.minecraft.net/70/7017e094d989c29d8759d726382df34301c16a85
2026-09-08T23:00:54.8780679+00:00 Information System.Net.Http.HttpClient.MinecraftRuntimeManager.ClientHandler Sending HTTP request GET https://resources.download.minecraft.net/70/7017e094d989c29d8759d726382df34301c16a85
2026-09-08T23:00:55.4780426+00:00 Information System.Net.Http.HttpClient.MinecraftRuntimeManager.ClientHandler Received HTTP response headers after 599.5973ms - 200
2026-09-08T23:00:55.4783445+00:00 Information System.Net.Http.HttpClient.MinecraftRuntimeManager.LogicalHandler End processing HTTP request after 600.5657ms - 200
2026-09-08T23:00:55.4890734+00:00 Information System.Net.Http.HttpClient.MinecraftRuntimeManager.LogicalHandler Start processing HTTP request GET https://resources.download.minecraft.net/9c/9c55aa1efbb74527aecb5009cd0e658d7978234c
2026-09-08T23:00:55.4893263+00:00 Information System.Net.Http.HttpClient.MinecraftRuntimeManager.ClientHandler Sending HTTP request GET https://resources.download.minecraft.net/9c/9c55aa1efbb74527aecb5009cd0e658d7978234c
2026-09-08T23:00:56.1008387+00:00 Information System.Net.Http.HttpClient.MinecraftRuntimeManager.ClientHandler Received HTTP response headers after 611.2016ms - 200
2026-09-08T23:00:56.1012415+00:00 Information System.Net.Http.HttpClient.MinecraftRuntimeManager.LogicalHandler End processing HTTP request after 612.1767ms - 200
2026-09-08T23:00:56.1302438+00:00 Information System.Net.Http.HttpClient.MinecraftRuntimeManager.LogicalHandler Start processing HTTP request GET https://resources.download.minecraft.net/c1/c126f80ecb54d09630455873cde3143590fa70f9
2026-09-08T23:00:56.1305627+00:00 Information System.Net.Http.HttpClient.MinecraftRuntimeManager.ClientHandler Sending HTTP request GET https://resources.download.minecraft.net/c1/c126f80ecb54d09630455873cde3143590fa70f9
2026-09-08T23:00:56.6909748+00:00 Information System.Net.Http.HttpClient.MinecraftRuntimeManager.ClientHandler Received HTTP response headers after 559.9802ms - 200
2026-09-08T23:00:56.6912723+00:00 Information System.Net.Http.HttpClient.MinecraftRuntimeManager.LogicalHandler End processing HTTP request after 561.0903ms - 200
2026-09-08T23:00:56.8451722+00:00 Information System.Net.Http.HttpClient.MinecraftRuntimeManager.LogicalHandler Start processing HTTP request GET https://resources.download.minecraft.net/67/671d9e39c2cba136acb965e55686603ad5869ecf
2026-09-08T23:00:56.8454114+00:00 Information System.Net.Http.HttpClient.MinecraftRuntimeManager.ClientHandler Sending HTTP request GET https://resources.download.minecraft.net/67/671d9e39c2cba136acb965e55686603ad5869ecf
2026-09-08T23:00:57.3324051+00:00 Information System.Net.Http.HttpClient.MinecraftRuntimeManager.ClientHandler Received HTTP response headers after 486.6579ms - 200
2026-09-08T23:00:57.3327617+00:00 Information System.Net.Http.HttpClient.MinecraftRuntimeManager.LogicalHandler End processing HTTP request after 487.5998ms - 200
2026-09-08T23:00:57.6497358+00:00 Information System.Net.Http.HttpClient.MinecraftRuntimeManager.LogicalHandler Start processing HTTP request GET https://resources.download.minecraft.net/5b/5b77ff327bbd130a9263391cb49c3a47511a88be
2026-09-08T23:00:57.6499834+00:00 Information System.Net.Http.HttpClient.MinecraftRuntimeManager.ClientHandler Sending HTTP request GET https://resources.download.minecraft.net/5b/5b77ff327bbd130a9263391cb49c3a47511a88be
2026-09-08T23:00:58.0195725+00:00 Information System.Net.Http.HttpClient.MinecraftRuntimeManager.ClientHandler Received HTTP response headers after 369.2111ms - 200
2026-09-08T23:00:58.0199649+00:00 Information System.Net.Http.HttpClient.MinecraftRuntimeManager.LogicalHandler End processing HTTP request after 370.2392ms - 200
2026-09-08T23:00:58.2732151+00:00 Information System.Net.Http.HttpClient.MinecraftRuntimeManager.LogicalHandler Start processing HTTP request GET https://resources.download.minecraft.net/9f/9fbbbe483a0560a14c633404858048367d8ba037
2026-09-08T23:00:58.2735151+00:00 Information System.Net.Http.HttpClient.MinecraftRuntimeManager.ClientHandler Sending HTTP request GET https://resources.download.minecraft.net/9f/9fbbbe483a0560a14c633404858048367d8ba037
2026-09-08T23:00:58.5271122+00:00 Information System.Net.Http.HttpClient.MinecraftRuntimeManager.ClientHandler Received HTTP response headers after 253.2169ms - 200
2026-09-08T23:00:58.5276490+00:00 Information System.Net.Http.HttpClient.MinecraftRuntimeManager.LogicalHandler End processing HTTP request after 254.3549ms - 200
2026-09-08T23:00:58.7668764+00:00 Information System.Net.Http.HttpClient.MinecraftRuntimeManager.LogicalHandler Start processing HTTP request GET https://resources.download.minecraft.net/88/8833c5c7886f8e270be50178acb4e42c8af5d04c
2026-09-08T23:00:58.7672654+00:00 Information System.Net.Http.HttpClient.MinecraftRuntimeManager.ClientHandler Sending HTTP request GET https://resources.download.minecraft.net/88/8833c5c7886f8e270be50178acb4e42c8af5d04c
2026-09-08T23:00:59.0131140+00:00 Information System.Net.Http.HttpClient.MinecraftRuntimeManager.ClientHandler Received HTTP response headers after 245.4063ms - 200
2026-09-08T23:00:59.0136541+00:00 Information System.Net.Http.HttpClient.MinecraftRuntimeManager.LogicalHandler End processing HTTP request after 246.7898ms - 200
2026-09-08T23:00:59.2745499+00:00 Information System.Net.Http.HttpClient.MinecraftRuntimeManager.LogicalHandler Start processing HTTP request GET https://resources.download.minecraft.net/47/47b90cea6e64d6f5ea8f21ec00a760f2ab16b7b2
2026-09-08T23:00:59.2749261+00:00 Information System.Net.Http.HttpClient.MinecraftRuntimeManager.ClientHandler Sending HTTP request GET https://resources.download.minecraft.net/47/47b90cea6e64d6f5ea8f21ec00a760f2ab16b7b2
2026-09-08T23:00:59.5111564+00:00 Information System.Net.Http.HttpClient.MinecraftRuntimeManager.ClientHandler Received HTTP response headers after 235.8704ms - 200
2026-09-08T23:00:59.5115239+00:00 Information System.Net.Http.HttpClient.MinecraftRuntimeManager.LogicalHandler End processing HTTP request after 236.9863ms - 200
2026-09-08T23:00:59.7327551+00:00 Information System.Net.Http.HttpClient.MinecraftRuntimeManager.LogicalHandler Start processing HTTP request GET https://resources.download.minecraft.net/d3/d394f6d4ea7e03bf7cc6997a598c475e0fb39e23
2026-09-08T23:00:59.7330599+00:00 Information System.Net.Http.HttpClient.MinecraftRuntimeManager.ClientHandler Sending HTTP request GET https://resources.download.minecraft.net/d3/d394f6d4ea7e03bf7cc6997a598c475e0fb39e23
2026-09-08T23:00:59.9624864+00:00 Information System.Net.Http.HttpClient.MinecraftRuntimeManager.ClientHandler Received HTTP response headers after 229.0103ms - 200
2026-09-08T23:00:59.9630469+00:00 Information System.Net.Http.HttpClient.MinecraftRuntimeManager.LogicalHandler End processing HTTP request after 230.1523ms - 200
2026-09-08T23:01:00.1129755+00:00 Information System.Net.Http.HttpClient.MinecraftRuntimeManager.LogicalHandler Start processing HTTP request GET https://resources.download.minecraft.net/a3/a3d856f0f917e3aaed354a4f158ff6a007845ae5
2026-09-08T23:01:00.1133446+00:00 Information System.Net.Http.HttpClient.MinecraftRuntimeManager.ClientHandler Sending HTTP request GET https://resources.download.minecraft.net/a3/a3d856f0f917e3aaed354a4f158ff6a007845ae5
2026-09-08T23:01:00.3445188+00:00 Information System.Net.Http.HttpClient.MinecraftRuntimeManager.ClientHandler Received HTTP response headers after 230.7678ms - 200
2026-09-08T23:01:00.3449549+00:00 Information System.Net.Http.HttpClient.MinecraftRuntimeManager.LogicalHandler End processing HTTP request after 231.9842ms - 200
2026-09-08T23:01:00.4094526+00:00 Information System.Net.Http.HttpClient.MinecraftRuntimeManager.LogicalHandler Start processing HTTP request GET https://resources.download.minecraft.net/d0/d01c51baf960c16ea384ccd47d6a4f705a3a2c9f
2026-09-08T23:01:00.4098549+00:00 Information System.Net.Http.HttpClient.MinecraftRuntimeManager.ClientHandler Sending HTTP request GET https://resources.download.minecraft.net/d0/d01c51baf960c16ea384ccd47d6a4f705a3a2c9f
2026-09-08T23:01:00.6441127+00:00 Information System.Net.Http.HttpClient.MinecraftRuntimeManager.ClientHandler Received HTTP response headers after 233.7221ms - 200
2026-09-08T23:01:00.6445266+00:00 Information System.Net.Http.HttpClient.MinecraftRuntimeManager.LogicalHandler End processing HTTP request after 235.0846ms - 200
2026-09-08T23:01:00.7645741+00:00 Information System.Net.Http.HttpClient.MinecraftRuntimeManager.LogicalHandler Start processing HTTP request GET https://resources.download.minecraft.net/01/0126c686db6b87431d9a9b31dbafc31af8f6a716
2026-09-08T23:01:00.7648780+00:00 Information System.Net.Http.HttpClient.MinecraftRuntimeManager.ClientHandler Sending HTTP request GET https://resources.download.minecraft.net/01/0126c686db6b87431d9a9b31dbafc31af8f6a716
2026-09-08T23:01:00.9942265+00:00 Information System.Net.Http.HttpClient.MinecraftRuntimeManager.ClientHandler Received HTTP response headers after 228.9324ms - 200
2026-09-08T23:01:00.9947251+00:00 Information System.Net.Http.HttpClient.MinecraftRuntimeManager.LogicalHandler End processing HTTP request after 230.1343ms - 200
2026-09-08T23:01:01.1319236+00:00 Information System.Net.Http.HttpClient.MinecraftRuntimeManager.LogicalHandler Start processing HTTP request GET https://resources.download.minecraft.net/d3/d32516a12a2939dffecb3dc419b345e1143e8afa
2026-09-08T23:01:01.1322872+00:00 Information System.Net.Http.HttpClient.MinecraftRuntimeManager.ClientHandler Sending HTTP request GET https://resources.download.minecraft.net/d3/d32516a12a2939dffecb3dc419b345e1143e8afa
2026-09-08T23:01:01.3612118+00:00 Information System.Net.Http.HttpClient.MinecraftRuntimeManager.ClientHandler Received HTTP response headers after 228.2938ms - 200
2026-09-08T23:01:01.3618559+00:00 Information System.Net.Http.HttpClient.MinecraftRuntimeManager.LogicalHandler End processing HTTP request after 229.8988ms - 200
2026-09-08T23:01:01.4570506+00:00 Information System.Net.Http.HttpClient.MinecraftRuntimeManager.LogicalHandler Start processing HTTP request GET https://resources.download.minecraft.net/75/75ce59351f679dcaf44a6db7b3c741c574fa3d99
2026-09-08T23:01:01.4574004+00:00 Information System.Net.Http.HttpClient.MinecraftRuntimeManager.ClientHandler Sending HTTP request GET https://resources.download.minecraft.net/75/75ce59351f679dcaf44a6db7b3c741c574fa3d99
2026-09-08T23:01:01.6854077+00:00 Information System.Net.Http.HttpClient.MinecraftRuntimeManager.ClientHandler Received HTTP response headers after 227.6063ms - 200
2026-09-08T23:01:01.6858389+00:00 Information System.Net.Http.HttpClient.MinecraftRuntimeManager.LogicalHandler End processing HTTP request after 228.8156ms - 200
2026-09-08T23:01:01.8256890+00:00 Information System.Net.Http.HttpClient.MinecraftRuntimeManager.LogicalHandler Start processing HTTP request GET https://resources.download.minecraft.net/07/0799c5f2fa436ea112c0e049d5aaa182d54caeb2
2026-09-08T23:01:01.8260636+00:00 Information System.Net.Http.HttpClient.MinecraftRuntimeManager.ClientHandler Sending HTTP request GET https://resources.download.minecraft.net/07/0799c5f2fa436ea112c0e049d5aaa182d54caeb2
2026-09-08T23:01:02.0570260+00:00 Information System.Net.Http.HttpClient.MinecraftRuntimeManager.ClientHandler Received HTTP response headers after 230.5466ms - 200
2026-09-08T23:01:02.0573718+00:00 Information System.Net.Http.HttpClient.MinecraftRuntimeManager.LogicalHandler End processing HTTP request after 231.7627ms - 200
2026-09-08T23:01:02.1821687+00:00 Information System.Net.Http.HttpClient.MinecraftRuntimeManager.LogicalHandler Start processing HTTP request GET https://resources.download.minecraft.net/5d/5d77fee9d07fedef9495297214a71ba626856023
2026-09-08T23:01:02.1824501+00:00 Information System.Net.Http.HttpClient.MinecraftRuntimeManager.ClientHandler Sending HTTP request GET https://resources.download.minecraft.net/5d/5d77fee9d07fedef9495297214a71ba626856023
2026-09-08T23:01:02.4123178+00:00 Information System.Net.Http.HttpClient.MinecraftRuntimeManager.ClientHandler Received HTTP response headers after 229.4939ms - 200
2026-09-08T23:01:02.4127873+00:00 Information System.Net.Http.HttpClient.MinecraftRuntimeManager.LogicalHandler End processing HTTP request after 230.6071ms - 200
2026-09-08T23:01:02.5598110+00:00 Information System.Net.Http.HttpClient.MinecraftRuntimeManager.LogicalHandler Start processing HTTP request GET https://resources.download.minecraft.net/74/743c62a34e566cd44ef4d2af8d46ee97ca27b8bd
2026-09-08T23:01:02.5601240+00:00 Information System.Net.Http.HttpClient.MinecraftRuntimeManager.ClientHandler Sending HTTP request GET https://resources.download.minecraft.net/74/743c62a34e566cd44ef4d2af8d46ee97ca27b8bd
2026-09-08T23:01:02.7890764+00:00 Information System.Net.Http.HttpClient.MinecraftRuntimeManager.ClientHandler Received HTTP response headers after 228.5656ms - 200
2026-09-08T23:01:02.7896155+00:00 Information System.Net.Http.HttpClient.MinecraftRuntimeManager.LogicalHandler End processing HTTP request after 229.7548ms - 200
2026-09-08T23:01:02.9269649+00:00 Information System.Net.Http.HttpClient.MinecraftRuntimeManager.LogicalHandler Start processing HTTP request GET https://resources.download.minecraft.net/ea/ea1c8d3e12caad4fffae0d696e12ea35863a7f0e
2026-09-08T23:01:02.9273776+00:00 Information System.Net.Http.HttpClient.MinecraftRuntimeManager.ClientHandler Sending HTTP request GET https://resources.download.minecraft.net/ea/ea1c8d3e12caad4fffae0d696e12ea35863a7f0e
2026-09-08T23:01:03.1596641+00:00 Information System.Net.Http.HttpClient.MinecraftRuntimeManager.ClientHandler Received HTTP response headers after 231.7627ms - 200
2026-09-08T23:01:03.1602291+00:00 Information System.Net.Http.HttpClient.MinecraftRuntimeManager.LogicalHandler End processing HTTP request after 233.234ms - 200
2026-09-08T23:01:03.1826403+00:00 Information System.Net.Http.HttpClient.MinecraftRuntimeManager.LogicalHandler Start processing HTTP request GET https://resources.download.minecraft.net/74/747e06241f0959846b50cd4dd2309903f57e694f
2026-09-08T23:01:03.1831095+00:00 Information System.Net.Http.HttpClient.MinecraftRuntimeManager.ClientHandler Sending HTTP request GET https://resources.download.minecraft.net/74/747e06241f0959846b50cd4dd2309903f57e694f
2026-09-08T23:01:03.4127014+00:00 Information System.Net.Http.HttpClient.MinecraftRuntimeManager.ClientHandler Received HTTP response headers after 229.1294ms - 200
2026-09-08T23:01:03.4131845+00:00 Information System.Net.Http.HttpClient.MinecraftRuntimeManager.LogicalHandler End processing HTTP request after 230.5567ms - 200
2026-09-08T23:01:03.4320616+00:00 Information System.Net.Http.HttpClient.MinecraftRuntimeManager.LogicalHandler Start processing HTTP request GET https://resources.download.minecraft.net/4a/4a17b1adbdd910de67e2d812fcbad87f00a69912
2026-09-08T23:01:03.4324336+00:00 Information System.Net.Http.HttpClient.MinecraftRuntimeManager.ClientHandler Sending HTTP request GET https://resources.download.minecraft.net/4a/4a17b1adbdd910de67e2d812fcbad87f00a69912
2026-09-08T23:01:03.6609147+00:00 Information System.Net.Http.HttpClient.MinecraftRuntimeManager.ClientHandler Received HTTP response headers after 227.9757ms - 200
2026-09-08T23:01:03.6615076+00:00 Information System.Net.Http.HttpClient.MinecraftRuntimeManager.LogicalHandler End processing HTTP request after 229.353ms - 200
2026-09-08T23:01:03.6699694+00:00 Information System.Net.Http.HttpClient.MinecraftRuntimeManager.LogicalHandler Start processing HTTP request GET https://resources.download.minecraft.net/b7/b721be4b544ac26e19a254830ffb6954cb40f67d
2026-09-08T23:01:03.6703051+00:00 Information System.Net.Http.HttpClient.MinecraftRuntimeManager.ClientHandler Sending HTTP request GET https://resources.download.minecraft.net/b7/b721be4b544ac26e19a254830ffb6954cb40f67d
2026-09-08T23:01:03.8989614+00:00 Information System.Net.Http.HttpClient.MinecraftRuntimeManager.ClientHandler Received HTTP response headers after 228.2258ms - 200
2026-09-08T23:01:03.8994337+00:00 Information System.Net.Http.HttpClient.MinecraftRuntimeManager.LogicalHandler End processing HTTP request after 229.4459ms - 200
2026-09-08T23:01:03.9100637+00:00 Information System.Net.Http.HttpClient.MinecraftRuntimeManager.LogicalHandler Start processing HTTP request GET https://resources.download.minecraft.net/a3/a37ad944694b98075cb5fc00b12da6bbcc600fc5
2026-09-08T23:01:03.9104482+00:00 Information System.Net.Http.HttpClient.MinecraftRuntimeManager.ClientHandler Sending HTTP request GET https://resources.download.minecraft.net/a3/a37ad944694b98075cb5fc00b12da6bbcc600fc5
2026-09-08T23:01:04.1389192+00:00 Information System.Net.Http.HttpClient.MinecraftRuntimeManager.ClientHandler Received HTTP response headers after 228.0623ms - 200
2026-09-08T23:01:04.1395867+00:00 Information System.Net.Http.HttpClient.MinecraftRuntimeManager.LogicalHandler End processing HTTP request after 229.5349ms - 200
2026-09-08T23:01:04.1700457+00:00 Information System.Net.Http.HttpClient.MinecraftRuntimeManager.LogicalHandler Start processing HTTP request GET https://resources.download.minecraft.net/d8/d87ff5f9736c6b86f3445faccfdd20c595eadb32
2026-09-08T23:01:04.1704356+00:00 Information System.Net.Http.HttpClient.MinecraftRuntimeManager.ClientHandler Sending HTTP request GET https://resources.download.minecraft.net/d8/d87ff5f9736c6b86f3445faccfdd20c595eadb32
2026-09-08T23:01:04.3976953+00:00 Information System.Net.Http.HttpClient.MinecraftRuntimeManager.ClientHandler Received HTTP response headers after 226.6691ms - 200
2026-09-08T23:01:04.3980204+00:00 Information System.Net.Http.HttpClient.MinecraftRuntimeManager.LogicalHandler End processing HTTP request after 228.0202ms - 200
2026-09-08T23:01:04.4177310+00:00 Information System.Net.Http.HttpClient.MinecraftRuntimeManager.LogicalHandler Start processing HTTP request GET https://resources.download.minecraft.net/0a/0abfb8f19f7bdc0dd211f4a46e392ca1dac2d531
2026-09-08T23:01:04.4182620+00:00 Information System.Net.Http.HttpClient.MinecraftRuntimeManager.ClientHandler Sending HTTP request GET https://resources.download.minecraft.net/0a/0abfb8f19f7bdc0dd211f4a46e392ca1dac2d531
2026-09-08T23:01:04.6478095+00:00 Information System.Net.Http.HttpClient.MinecraftRuntimeManager.ClientHandler Received HTTP response headers after 229.1126ms - 200
2026-09-08T23:01:04.6483665+00:00 Information System.Net.Http.HttpClient.MinecraftRuntimeManager.LogicalHandler End processing HTTP request after 230.5633ms - 200
2026-09-08T23:01:04.6672271+00:00 Information System.Net.Http.HttpClient.MinecraftRuntimeManager.LogicalHandler Start processing HTTP request GET https://resources.download.minecraft.net/ce/ce467337da42a96332befcdf961e2981e1c61682
2026-09-08T23:01:04.6676708+00:00 Information System.Net.Http.HttpClient.MinecraftRuntimeManager.ClientHandler Sending HTTP request GET https://resources.download.minecraft.net/ce/ce467337da42a96332befcdf961e2981e1c61682
2026-09-08T23:01:04.8968235+00:00 Information System.Net.Http.HttpClient.MinecraftRuntimeManager.ClientHandler Received HTTP response headers after 228.4707ms - 200
2026-09-08T23:01:04.8974011+00:00 Information System.Net.Http.HttpClient.MinecraftRuntimeManager.LogicalHandler End processing HTTP request after 230.1436ms - 200
2026-09-08T23:01:04.9176410+00:00 Information System.Net.Http.HttpClient.MinecraftRuntimeManager.LogicalHandler Start processing HTTP request GET https://resources.download.minecraft.net/85/85ac3c677b8cba25063bf0c9575eea4dcd669d8e
2026-09-08T23:01:04.9181021+00:00 Information System.Net.Http.HttpClient.MinecraftRuntimeManager.ClientHandler Sending HTTP request GET https://resources.download.minecraft.net/85/85ac3c677b8cba25063bf0c9575eea4dcd669d8e
2026-09-08T23:01:05.1477498+00:00 Information System.Net.Http.HttpClient.MinecraftRuntimeManager.ClientHandler Received HTTP response headers after 229.0915ms - 200
2026-09-08T23:01:05.1484461+00:00 Information System.Net.Http.HttpClient.MinecraftRuntimeManager.LogicalHandler End processing HTTP request after 230.8407ms - 200
2026-09-08T23:01:05.1880206+00:00 Information System.Net.Http.HttpClient.MinecraftRuntimeManager.LogicalHandler Start processing HTTP request GET https://resources.download.minecraft.net/63/63417f028c4720bd91b1974ef67c93546ac4f3b6
2026-09-08T23:01:05.1884114+00:00 Information System.Net.Http.HttpClient.MinecraftRuntimeManager.ClientHandler Sending HTTP request GET https://resources.download.minecraft.net/63/63417f028c4720bd91b1974ef67c93546ac4f3b6
2026-09-08T23:01:05.4187740+00:00 Information System.Net.Http.HttpClient.MinecraftRuntimeManager.ClientHandler Received HTTP response headers after 229.8777ms - 200
2026-09-08T23:01:05.4192402+00:00 Information System.Net.Http.HttpClient.MinecraftRuntimeManager.LogicalHandler End processing HTTP request after 231.2306ms - 200
2026-09-08T23:01:05.4497450+00:00 Information System.Net.Http.HttpClient.MinecraftRuntimeManager.LogicalHandler Start processing HTTP request GET https://resources.download.minecraft.net/10/10b623aa5b21f3eebd19b0ad6cc6703c5ac4e9d1
2026-09-08T23:01:05.4501396+00:00 Information System.Net.Http.HttpClient.MinecraftRuntimeManager.ClientHandler Sending HTTP request GET https://resources.download.minecraft.net/10/10b623aa5b21f3eebd19b0ad6cc6703c5ac4e9d1
2026-09-08T23:01:05.6573355+00:00 Information System.Net.Http.HttpClient.MinecraftRuntimeManager.ClientHandler Received HTTP response headers after 206.815ms - 200
2026-09-08T23:01:05.6578404+00:00 Information System.Net.Http.HttpClient.MinecraftRuntimeManager.LogicalHandler End processing HTTP request after 208.0891ms - 200
2026-09-08T23:01:05.6663094+00:00 Information System.Net.Http.HttpClient.MinecraftRuntimeManager.LogicalHandler Start processing HTTP request GET https://resources.download.minecraft.net/43/43d226ad60714e32737509567d016fd5a675eb57
2026-09-08T23:01:05.6666756+00:00 Information System.Net.Http.HttpClient.MinecraftRuntimeManager.ClientHandler Sending HTTP request GET https://resources.download.minecraft.net/43/43d226ad60714e32737509567d016fd5a675eb57
2026-09-08T23:01:05.8736402+00:00 Information System.Net.Http.HttpClient.MinecraftRuntimeManager.ClientHandler Received HTTP response headers after 206.4707ms - 200
2026-09-08T23:01:05.8741092+00:00 Information System.Net.Http.HttpClient.MinecraftRuntimeManager.LogicalHandler End processing HTTP request after 207.8215ms - 200
2026-09-08T23:01:05.8833708+00:00 Information System.Net.Http.HttpClient.MinecraftRuntimeManager.LogicalHandler Start processing HTTP request GET https://resources.download.minecraft.net/0f/0fec721082e69afd88f9be89e4831e1d266fd2a7
2026-09-08T23:01:05.8837927+00:00 Information System.Net.Http.HttpClient.MinecraftRuntimeManager.ClientHandler Sending HTTP request GET https://resources.download.minecraft.net/0f/0fec721082e69afd88f9be89e4831e1d266fd2a7
2026-09-08T23:01:06.0906144+00:00 Information System.Net.Http.HttpClient.MinecraftRuntimeManager.ClientHandler Received HTTP response headers after 206.309ms - 200
2026-09-08T23:01:06.0910607+00:00 Information System.Net.Http.HttpClient.MinecraftRuntimeManager.LogicalHandler End processing HTTP request after 207.7633ms - 200
2026-09-08T23:01:06.1004405+00:00 Information System.Net.Http.HttpClient.MinecraftRuntimeManager.LogicalHandler Start processing HTTP request GET https://resources.download.minecraft.net/82/826f002c21ee2c9a51ca9280ac3f5bdd855c662d
2026-09-08T23:01:06.1008009+00:00 Information System.Net.Http.HttpClient.MinecraftRuntimeManager.ClientHandler Sending HTTP request GET https://resources.download.minecraft.net/82/826f002c21ee2c9a51ca9280ac3f5bdd855c662d
2026-09-08T23:01:06.3193423+00:00 Information System.Net.Http.HttpClient.MinecraftRuntimeManager.ClientHandler Received HTTP response headers after 218.1043ms - 200
2026-09-08T23:01:06.3199209+00:00 Information System.Net.Http.HttpClient.MinecraftRuntimeManager.LogicalHandler End processing HTTP request after 219.4675ms - 200
2026-09-08T23:01:06.3288113+00:00 Information System.Net.Http.HttpClient.MinecraftRuntimeManager.LogicalHandler Start processing HTTP request GET https://resources.download.minecraft.net/84/8430e3673038b169b61935adc98f3473621cca80
2026-09-08T23:01:06.3291464+00:00 Information System.Net.Http.HttpClient.MinecraftRuntimeManager.ClientHandler Sending HTTP request GET https://resources.download.minecraft.net/84/8430e3673038b169b61935adc98f3473621cca80
2026-09-08T23:01:06.5265164+00:00 Information System.Net.Http.HttpClient.MinecraftRuntimeManager.ClientHandler Received HTTP response headers after 196.9231ms - 200
2026-09-08T23:01:06.5269046+00:00 Information System.Net.Http.HttpClient.MinecraftRuntimeManager.LogicalHandler End processing HTTP request after 198.1236ms - 200
2026-09-08T23:01:06.5372670+00:00 Information System.Net.Http.HttpClient.MinecraftRuntimeManager.LogicalHandler Start processing HTTP request GET https://resources.download.minecraft.net/7d/7df37f33cfd6d060b944f8ffa7ba801c811711aa
2026-09-08T23:01:06.5377180+00:00 Information System.Net.Http.HttpClient.MinecraftRuntimeManager.ClientHandler Sending HTTP request GET https://resources.download.minecraft.net/7d/7df37f33cfd6d060b944f8ffa7ba801c811711aa
2026-09-08T23:01:06.7348283+00:00 Information System.Net.Http.HttpClient.MinecraftRuntimeManager.ClientHandler Received HTTP response headers after 196.5538ms - 200
2026-09-08T23:01:06.7353585+00:00 Information System.Net.Http.HttpClient.MinecraftRuntimeManager.LogicalHandler End processing HTTP request after 198.1269ms - 200
2026-09-08T23:01:06.7440974+00:00 Information System.Net.Http.HttpClient.MinecraftRuntimeManager.LogicalHandler Start processing HTTP request GET https://resources.download.minecraft.net/0f/0fcb21c89b90384789ea4a54ef1eb8256c3df4ab
2026-09-08T23:01:06.7444396+00:00 Information System.Net.Http.HttpClient.MinecraftRuntimeManager.ClientHandler Sending HTTP request GET https://resources.download.minecraft.net/0f/0fcb21c89b90384789ea4a54ef1eb8256c3df4ab
2026-09-08T23:01:06.9407045+00:00 Information System.Net.Http.HttpClient.MinecraftRuntimeManager.ClientHandler Received HTTP response headers after 195.7647ms - 200
2026-09-08T23:01:06.9411172+00:00 Information System.Net.Http.HttpClient.MinecraftRuntimeManager.LogicalHandler End processing HTTP request after 197.0367ms - 200
2026-09-08T23:01:06.9499727+00:00 Information System.Net.Http.HttpClient.MinecraftRuntimeManager.LogicalHandler Start processing HTTP request GET https://resources.download.minecraft.net/3d/3dedbbbb6ecfbebcf98d854b44da4e55c9196852
2026-09-08T23:01:06.9503601+00:00 Information System.Net.Http.HttpClient.MinecraftRuntimeManager.ClientHandler Sending HTTP request GET https://resources.download.minecraft.net/3d/3dedbbbb6ecfbebcf98d854b44da4e55c9196852
2026-09-08T23:01:07.1447231+00:00 Information System.Net.Http.HttpClient.MinecraftRuntimeManager.ClientHandler Received HTTP response headers after 193.9286ms - 200
2026-09-08T23:01:07.1451838+00:00 Information System.Net.Http.HttpClient.MinecraftRuntimeManager.LogicalHandler End processing HTTP request after 195.1988ms - 200
2026-09-08T23:01:07.1550840+00:00 Information System.Net.Http.HttpClient.MinecraftRuntimeManager.LogicalHandler Start processing HTTP request GET https://resources.download.minecraft.net/6e/6e80458f40be727bcf5f64c653326e0a0d522977
2026-09-08T23:01:07.1553864+00:00 Information System.Net.Http.HttpClient.MinecraftRuntimeManager.ClientHandler Sending HTTP request GET https://resources.download.minecraft.net/6e/6e80458f40be727bcf5f64c653326e0a0d522977
2026-09-08T23:01:07.3519594+00:00 Information System.Net.Http.HttpClient.MinecraftRuntimeManager.ClientHandler Received HTTP response headers after 196.1009ms - 200
2026-09-08T23:01:07.3524315+00:00 Information System.Net.Http.HttpClient.MinecraftRuntimeManager.LogicalHandler End processing HTTP request after 197.4124ms - 200
2026-09-08T23:01:07.3620088+00:00 Information System.Net.Http.HttpClient.MinecraftRuntimeManager.LogicalHandler Start processing HTTP request GET https://resources.download.minecraft.net/c6/c63105ce3c8e64d4fbf95b51713903af4e05d0db
2026-09-08T23:01:07.3624041+00:00 Information System.Net.Http.HttpClient.MinecraftRuntimeManager.ClientHandler Sending HTTP request GET https://resources.download.minecraft.net/c6/c63105ce3c8e64d4fbf95b51713903af4e05d0db
2026-09-08T23:01:07.5698939+00:00 Information System.Net.Http.HttpClient.MinecraftRuntimeManager.ClientHandler Received HTTP response headers after 207.0815ms - 200
2026-09-08T23:01:07.5703380+00:00 Information System.Net.Http.HttpClient.MinecraftRuntimeManager.LogicalHandler End processing HTTP request after 208.3392ms - 200
2026-09-08T23:01:07.5788826+00:00 Information System.Net.Http.HttpClient.MinecraftRuntimeManager.LogicalHandler Start processing HTTP request GET https://resources.download.minecraft.net/0b/0b790ee239b6c7153a94f124a0abcbb7a0597706
2026-09-08T23:01:07.5792124+00:00 Information System.Net.Http.HttpClient.MinecraftRuntimeManager.ClientHandler Sending HTTP request GET https://resources.download.minecraft.net/0b/0b790ee239b6c7153a94f124a0abcbb7a0597706
2026-09-08T23:01:07.7871847+00:00 Information System.Net.Http.HttpClient.MinecraftRuntimeManager.ClientHandler Received HTTP response headers after 207.2957ms - 200
2026-09-08T23:01:07.7875521+00:00 Information System.Net.Http.HttpClient.MinecraftRuntimeManager.LogicalHandler End processing HTTP request after 208.6936ms - 200
2026-09-08T23:01:07.7971487+00:00 Information System.Net.Http.HttpClient.MinecraftRuntimeManager.LogicalHandler Start processing HTTP request GET https://resources.download.minecraft.net/8a/8ac3774edb98da4a3494f8b8dfb73f8e4e6d2536
2026-09-08T23:01:07.7975007+00:00 Information System.Net.Http.HttpClient.MinecraftRuntimeManager.ClientHandler Sending HTTP request GET https://resources.download.minecraft.net/8a/8ac3774edb98da4a3494f8b8dfb73f8e4e6d2536
2026-09-08T23:01:07.9981477+00:00 Information System.Net.Http.HttpClient.MinecraftRuntimeManager.ClientHandler Received HTTP response headers after 200.2322ms - 200
2026-09-08T23:01:07.9987790+00:00 Information System.Net.Http.HttpClient.MinecraftRuntimeManager.LogicalHandler End processing HTTP request after 201.5868ms - 200
2026-09-08T23:01:08.0090631+00:00 Information System.Net.Http.HttpClient.MinecraftRuntimeManager.LogicalHandler Start processing HTTP request GET https://resources.download.minecraft.net/a7/a7d5bf52fdf2132de5347310a0a7d69cd9c7b016
2026-09-08T23:01:08.0094589+00:00 Information System.Net.Http.HttpClient.MinecraftRuntimeManager.ClientHandler Sending HTTP request GET https://resources.download.minecraft.net/a7/a7d5bf52fdf2132de5347310a0a7d69cd9c7b016
2026-09-08T23:01:08.2163226+00:00 Information System.Net.Http.HttpClient.MinecraftRuntimeManager.ClientHandler Received HTTP response headers after 206.329ms - 200
2026-09-08T23:01:08.2167273+00:00 Information System.Net.Http.HttpClient.MinecraftRuntimeManager.LogicalHandler End processing HTTP request after 207.7236ms - 200
2026-09-08T23:01:08.2255734+00:00 Information System.Net.Http.HttpClient.MinecraftRuntimeManager.LogicalHandler Start processing HTTP request GET https://resources.download.minecraft.net/01/01e7eb96475342f7418a19c2a274632bdea17d98
2026-09-08T23:01:08.2259647+00:00 Information System.Net.Http.HttpClient.MinecraftRuntimeManager.ClientHandler Sending HTTP request GET https://resources.download.minecraft.net/01/01e7eb96475342f7418a19c2a274632bdea17d98
2026-09-08T23:01:08.4221606+00:00 Information System.Net.Http.HttpClient.MinecraftRuntimeManager.ClientHandler Received HTTP response headers after 195.8019ms - 200
2026-09-08T23:01:08.4226842+00:00 Information System.Net.Http.HttpClient.MinecraftRuntimeManager.LogicalHandler End processing HTTP request after 197.105ms - 200
2026-09-08T23:01:08.4337704+00:00 Information System.Net.Http.HttpClient.MinecraftRuntimeManager.LogicalHandler Start processing HTTP request GET https://resources.download.minecraft.net/0d/0d32a999e36b54b3d1ff2e6c8f9e7d7cb0db4cc4
2026-09-08T23:01:08.4341543+00:00 Information System.Net.Http.HttpClient.MinecraftRuntimeManager.ClientHandler Sending HTTP request GET https://resources.download.minecraft.net/0d/0d32a999e36b54b3d1ff2e6c8f9e7d7cb0db4cc4
2026-09-08T23:01:08.6197987+00:00 Information System.Net.Http.HttpClient.MinecraftRuntimeManager.ClientHandler Received HTTP response headers after 185.2772ms - 200
2026-09-08T23:01:08.6202440+00:00 Information System.Net.Http.HttpClient.MinecraftRuntimeManager.LogicalHandler End processing HTTP request after 186.4818ms - 200
2026-09-08T23:01:08.6284901+00:00 Information System.Net.Http.HttpClient.MinecraftRuntimeManager.LogicalHandler Start processing HTTP request GET https://resources.download.minecraft.net/a8/a8ea19293307367c50bc099f4996e8de1605f46f
2026-09-08T23:01:08.6288212+00:00 Information System.Net.Http.HttpClient.MinecraftRuntimeManager.ClientHandler Sending HTTP request GET https://resources.download.minecraft.net/a8/a8ea19293307367c50bc099f4996e8de1605f46f
2026-09-08T23:01:08.8569861+00:00 Information System.Net.Http.HttpClient.MinecraftRuntimeManager.ClientHandler Received HTTP response headers after 227.8086ms - 200
2026-09-08T23:01:08.8574052+00:00 Information System.Net.Http.HttpClient.MinecraftRuntimeManager.LogicalHandler End processing HTTP request after 228.9221ms - 200
2026-09-08T23:01:08.8750423+00:00 Information System.Net.Http.HttpClient.MinecraftRuntimeManager.LogicalHandler Start processing HTTP request GET https://resources.download.minecraft.net/bc/bccb2d97e5255caa98b2991bb1de8cea3f92d1a1
2026-09-08T23:01:08.8754649+00:00 Information System.Net.Http.HttpClient.MinecraftRuntimeManager.ClientHandler Sending HTTP request GET https://resources.download.minecraft.net/bc/bccb2d97e5255caa98b2991bb1de8cea3f92d1a1
2026-09-08T23:01:09.1043499+00:00 Information System.Net.Http.HttpClient.MinecraftRuntimeManager.ClientHandler Received HTTP response headers after 228.4221ms - 200
2026-09-08T23:01:09.1050194+00:00 Information System.Net.Http.HttpClient.MinecraftRuntimeManager.LogicalHandler End processing HTTP request after 229.9325ms - 200
2026-09-08T23:01:09.1464850+00:00 Information System.Net.Http.HttpClient.MinecraftRuntimeManager.LogicalHandler Start processing HTTP request GET https://resources.download.minecraft.net/14/149fe2032b2da16b1afe7f20f2dd417f00b19661
2026-09-08T23:01:09.1468441+00:00 Information System.Net.Http.HttpClient.MinecraftRuntimeManager.ClientHandler Sending HTTP request GET https://resources.download.minecraft.net/14/149fe2032b2da16b1afe7f20f2dd417f00b19661
2026-09-08T23:01:09.3757866+00:00 Information System.Net.Http.HttpClient.MinecraftRuntimeManager.ClientHandler Received HTTP response headers after 228.4411ms - 200
2026-09-08T23:01:09.3763560+00:00 Information System.Net.Http.HttpClient.MinecraftRuntimeManager.LogicalHandler End processing HTTP request after 229.9456ms - 200
2026-09-08T23:01:09.3938691+00:00 Information System.Net.Http.HttpClient.MinecraftRuntimeManager.LogicalHandler Start processing HTTP request GET https://resources.download.minecraft.net/41/41a66147f1fa43c6662fa5d32421bc7c5df1351c
2026-09-08T23:01:09.3941785+00:00 Information System.Net.Http.HttpClient.MinecraftRuntimeManager.ClientHandler Sending HTTP request GET https://resources.download.minecraft.net/41/41a66147f1fa43c6662fa5d32421bc7c5df1351c
2026-09-08T23:01:09.6227351+00:00 Information System.Net.Http.HttpClient.MinecraftRuntimeManager.ClientHandler Received HTTP response headers after 228.1811ms - 200
2026-09-08T23:01:09.6231650+00:00 Information System.Net.Http.HttpClient.MinecraftRuntimeManager.LogicalHandler End processing HTTP request after 229.3035ms - 200
2026-09-08T23:01:09.6520946+00:00 Information System.Net.Http.HttpClient.MinecraftRuntimeManager.LogicalHandler Start processing HTTP request GET https://resources.download.minecraft.net/4a/4a17f13123024ae444e0d38cb414de1d32de674f
2026-09-08T23:01:09.6524075+00:00 Information System.Net.Http.HttpClient.MinecraftRuntimeManager.ClientHandler Sending HTTP request GET https://resources.download.minecraft.net/4a/4a17f13123024ae444e0d38cb414de1d32de674f
2026-09-08T23:01:10.4450329+00:00 Information System.Net.Http.HttpClient.MinecraftRuntimeManager.ClientHandler Received HTTP response headers after 792.2223ms - 200
2026-09-08T23:01:10.4456879+00:00 Information System.Net.Http.HttpClient.MinecraftRuntimeManager.LogicalHandler End processing HTTP request after 793.4258ms - 200
2026-09-08T23:01:10.4563400+00:00 Information System.Net.Http.HttpClient.MinecraftRuntimeManager.LogicalHandler Start processing HTTP request GET https://resources.download.minecraft.net/40/4035b48a2202e98cf546f6b4c6d3152416cc65b8
2026-09-08T23:01:10.4566849+00:00 Information System.Net.Http.HttpClient.MinecraftRuntimeManager.ClientHandler Sending HTTP request GET https://resources.download.minecraft.net/40/4035b48a2202e98cf546f6b4c6d3152416cc65b8
2026-09-08T23:01:10.7025195+00:00 Information System.Net.Http.HttpClient.MinecraftRuntimeManager.ClientHandler Received HTTP response headers after 245.4721ms - 200
2026-09-08T23:01:10.7030181+00:00 Information System.Net.Http.HttpClient.MinecraftRuntimeManager.LogicalHandler End processing HTTP request after 246.6819ms - 200
2026-09-08T23:01:10.7355974+00:00 Information System.Net.Http.HttpClient.MinecraftRuntimeManager.LogicalHandler Start processing HTTP request GET https://resources.download.minecraft.net/7e/7ea9c737250ddc0ce2591dd772d0c163c867a83a
2026-09-08T23:01:10.7358778+00:00 Information System.Net.Http.HttpClient.MinecraftRuntimeManager.ClientHandler Sending HTTP request GET https://resources.download.minecraft.net/7e/7ea9c737250ddc0ce2591dd772d0c163c867a83a
2026-09-08T23:01:10.9984349+00:00 Information System.Net.Http.HttpClient.MinecraftRuntimeManager.ClientHandler Received HTTP response headers after 262.1498ms - 200
2026-09-08T23:01:10.9989994+00:00 Information System.Net.Http.HttpClient.MinecraftRuntimeManager.LogicalHandler End processing HTTP request after 263.3576ms - 200
2026-09-08T23:01:11.0268609+00:00 Information System.Net.Http.HttpClient.MinecraftRuntimeManager.LogicalHandler Start processing HTTP request GET https://resources.download.minecraft.net/55/5561e168924657cd67edfd095725cf4f00c92e62
2026-09-08T23:01:11.0272361+00:00 Information System.Net.Http.HttpClient.MinecraftRuntimeManager.ClientHandler Sending HTTP request GET https://resources.download.minecraft.net/55/5561e168924657cd67edfd095725cf4f00c92e62
2026-09-08T23:01:11.2659637+00:00 Information System.Net.Http.HttpClient.MinecraftRuntimeManager.ClientHandler Received HTTP response headers after 238.3939ms - 200
2026-09-08T23:01:11.2664370+00:00 Information System.Net.Http.HttpClient.MinecraftRuntimeManager.LogicalHandler End processing HTTP request after 239.5818ms - 200
2026-09-08T23:01:11.2962315+00:00 Information System.Net.Http.HttpClient.MinecraftRuntimeManager.LogicalHandler Start processing HTTP request GET https://resources.download.minecraft.net/1f/1f218dcb6948bbbabc47d389e278bd6cb0a5c9e1
2026-09-08T23:01:11.2965970+00:00 Information System.Net.Http.HttpClient.MinecraftRuntimeManager.ClientHandler Sending HTTP request GET https://resources.download.minecraft.net/1f/1f218dcb6948bbbabc47d389e278bd6cb0a5c9e1
2026-09-08T23:01:11.5450848+00:00 Information System.Net.Http.HttpClient.MinecraftRuntimeManager.ClientHandler Received HTTP response headers after 248.1235ms - 200
2026-09-08T23:01:11.5455344+00:00 Information System.Net.Http.HttpClient.MinecraftRuntimeManager.LogicalHandler End processing HTTP request after 249.2938ms - 200
2026-09-08T23:01:11.5795206+00:00 Information System.Net.Http.HttpClient.MinecraftRuntimeManager.LogicalHandler Start processing HTTP request GET https://resources.download.minecraft.net/a7/a76c13da1853f03a4c4eb0d90bbd141b7542f644
2026-09-08T23:01:11.5797883+00:00 Information System.Net.Http.HttpClient.MinecraftRuntimeManager.ClientHandler Sending HTTP request GET https://resources.download.minecraft.net/a7/a76c13da1853f03a4c4eb0d90bbd141b7542f644
2026-09-08T23:01:11.8341470+00:00 Information System.Net.Http.HttpClient.MinecraftRuntimeManager.ClientHandler Received HTTP response headers after 253.8469ms - 200
2026-09-08T23:01:11.8345682+00:00 Information System.Net.Http.HttpClient.MinecraftRuntimeManager.LogicalHandler End processing HTTP request after 255.0628ms - 200
2026-09-08T23:01:11.8532954+00:00 Information System.Net.Http.HttpClient.MinecraftRuntimeManager.LogicalHandler Start processing HTTP request GET https://resources.download.minecraft.net/cb/cbe94d52bad4fef747930aa6b0091e305e9a4b3f
2026-09-08T23:01:11.8536272+00:00 Information System.Net.Http.HttpClient.MinecraftRuntimeManager.ClientHandler Sending HTTP request GET https://resources.download.minecraft.net/cb/cbe94d52bad4fef747930aa6b0091e305e9a4b3f
2026-09-08T23:01:12.0860408+00:00 Information System.Net.Http.HttpClient.MinecraftRuntimeManager.ClientHandler Received HTTP response headers after 231.981ms - 200
2026-09-08T23:01:12.0865341+00:00 Information System.Net.Http.HttpClient.MinecraftRuntimeManager.LogicalHandler End processing HTTP request after 233.1792ms - 200
2026-09-08T23:01:12.1135504+00:00 Information System.Net.Http.HttpClient.MinecraftRuntimeManager.LogicalHandler Start processing HTTP request GET https://resources.download.minecraft.net/48/48d6cf4b8b1621ef0310e1f26551234c086b42d8
2026-09-08T23:01:12.1138730+00:00 Information System.Net.Http.HttpClient.MinecraftRuntimeManager.ClientHandler Sending HTTP request GET https://resources.download.minecraft.net/48/48d6cf4b8b1621ef0310e1f26551234c086b42d8
2026-09-08T23:01:12.3457794+00:00 Information System.Net.Http.HttpClient.MinecraftRuntimeManager.ClientHandler Received HTTP response headers after 231.506ms - 200
2026-09-08T23:01:12.3462784+00:00 Information System.Net.Http.HttpClient.MinecraftRuntimeManager.LogicalHandler End processing HTTP request after 232.6812ms - 200
2026-09-08T23:01:12.3641592+00:00 Information System.Net.Http.HttpClient.MinecraftRuntimeManager.LogicalHandler Start processing HTTP request GET https://resources.download.minecraft.net/ab/abfac9a19a1858c70c0888f88642b69c4e7b26e8
2026-09-08T23:01:12.3645894+00:00 Information System.Net.Http.HttpClient.MinecraftRuntimeManager.ClientHandler Sending HTTP request GET https://resources.download.minecraft.net/ab/abfac9a19a1858c70c0888f88642b69c4e7b26e8
2026-09-08T23:01:12.5769159+00:00 Information System.Net.Http.HttpClient.MinecraftRuntimeManager.ClientHandler Received HTTP response headers after 211.9435ms - 200
2026-09-08T23:01:12.5775151+00:00 Information System.Net.Http.HttpClient.MinecraftRuntimeManager.LogicalHandler End processing HTTP request after 213.3153ms - 200
2026-09-08T23:01:12.5881430+00:00 Information System.Net.Http.HttpClient.MinecraftRuntimeManager.LogicalHandler Start processing HTTP request GET https://resources.download.minecraft.net/65/654ad210a1b5d7509ff3522bc884c00820ebe87e
2026-09-08T23:01:12.5885182+00:00 Information System.Net.Http.HttpClient.MinecraftRuntimeManager.ClientHandler Sending HTTP request GET https://resources.download.minecraft.net/65/654ad210a1b5d7509ff3522bc884c00820ebe87e
2026-09-08T23:01:12.7936957+00:00 Information System.Net.Http.HttpClient.MinecraftRuntimeManager.ClientHandler Received HTTP response headers after 204.778ms - 200
2026-09-08T23:01:12.7940769+00:00 Information System.Net.Http.HttpClient.MinecraftRuntimeManager.LogicalHandler End processing HTTP request after 205.9868ms - 200
2026-09-08T23:01:12.8042325+00:00 Information System.Net.Http.HttpClient.MinecraftRuntimeManager.LogicalHandler Start processing HTTP request GET https://resources.download.minecraft.net/3e/3ef60857a51b2e76ca6b12e7668edb28bd474c8d
2026-09-08T23:01:12.8045159+00:00 Information System.Net.Http.HttpClient.MinecraftRuntimeManager.ClientHandler Sending HTTP request GET https://resources.download.minecraft.net/3e/3ef60857a51b2e76ca6b12e7668edb28bd474c8d
2026-09-08T23:01:13.0062704+00:00 Information System.Net.Http.HttpClient.MinecraftRuntimeManager.ClientHandler Received HTTP response headers after 201.3568ms - 200
2026-09-08T23:01:13.0067175+00:00 Information System.Net.Http.HttpClient.MinecraftRuntimeManager.LogicalHandler End processing HTTP request after 202.5091ms - 200
2026-09-08T23:01:13.0183865+00:00 Information System.Net.Http.HttpClient.MinecraftRuntimeManager.LogicalHandler Start processing HTTP request GET https://resources.download.minecraft.net/bc/bc4bc17fc30b2ac970ed15f0902b30ce9c5f2f98
2026-09-08T23:01:13.0187955+00:00 Information System.Net.Http.HttpClient.MinecraftRuntimeManager.ClientHandler Sending HTTP request GET https://resources.download.minecraft.net/bc/bc4bc17fc30b2ac970ed15f0902b30ce9c5f2f98
2026-09-08T23:01:13.2194786+00:00 Information System.Net.Http.HttpClient.MinecraftRuntimeManager.ClientHandler Received HTTP response headers after 200.1716ms - 200
2026-09-08T23:01:13.2199922+00:00 Information System.Net.Http.HttpClient.MinecraftRuntimeManager.LogicalHandler End processing HTTP request after 201.6862ms - 200
2026-09-08T23:01:13.2288574+00:00 Information System.Net.Http.HttpClient.MinecraftRuntimeManager.LogicalHandler Start processing HTTP request GET https://resources.download.minecraft.net/44/44cc77afa1a45e4fc254a2a9660acc2464bbda73
2026-09-08T23:01:13.2291932+00:00 Information System.Net.Http.HttpClient.MinecraftRuntimeManager.ClientHandler Sending HTTP request GET https://resources.download.minecraft.net/44/44cc77afa1a45e4fc254a2a9660acc2464bbda73
2026-09-08T23:01:13.4295246+00:00 Information System.Net.Http.HttpClient.MinecraftRuntimeManager.ClientHandler Received HTTP response headers after 199.8829ms - 200
2026-09-08T23:01:13.4301286+00:00 Information System.Net.Http.HttpClient.MinecraftRuntimeManager.LogicalHandler End processing HTTP request after 201.2412ms - 200
2026-09-08T23:01:13.4391969+00:00 Information System.Net.Http.HttpClient.MinecraftRuntimeManager.LogicalHandler Start processing HTTP request GET https://resources.download.minecraft.net/40/40a534629cc459cfe6bb104843e92a132c922046
2026-09-08T23:01:13.4395967+00:00 Information System.Net.Http.HttpClient.MinecraftRuntimeManager.ClientHandler Sending HTTP request GET https://resources.download.minecraft.net/40/40a534629cc459cfe6bb104843e92a132c922046
2026-09-08T23:01:13.6524700+00:00 Information System.Net.Http.HttpClient.MinecraftRuntimeManager.ClientHandler Received HTTP response headers after 212.4128ms - 200
2026-09-08T23:01:13.6528782+00:00 Information System.Net.Http.HttpClient.MinecraftRuntimeManager.LogicalHandler End processing HTTP request after 213.7716ms - 200
2026-09-08T23:01:13.6622988+00:00 Information System.Net.Http.HttpClient.MinecraftRuntimeManager.LogicalHandler Start processing HTTP request GET https://resources.download.minecraft.net/60/606b100c5dc4c965c5714bc6d02a68eda6b3c902
2026-09-08T23:01:13.6626192+00:00 Information System.Net.Http.HttpClient.MinecraftRuntimeManager.ClientHandler Sending HTTP request GET https://resources.download.minecraft.net/60/606b100c5dc4c965c5714bc6d02a68eda6b3c902
2026-09-08T23:01:13.8747375+00:00 Information System.Net.Http.HttpClient.MinecraftRuntimeManager.ClientHandler Received HTTP response headers after 211.6513ms - 200
2026-09-08T23:01:13.8752485+00:00 Information System.Net.Http.HttpClient.MinecraftRuntimeManager.LogicalHandler End processing HTTP request after 212.9196ms - 200
2026-09-08T23:01:13.8846039+00:00 Information System.Net.Http.HttpClient.MinecraftRuntimeManager.LogicalHandler Start processing HTTP request GET https://resources.download.minecraft.net/0b/0b1b76e9d84bc193ec7d9aa11027a3b1e40f4d24
2026-09-08T23:01:13.8849320+00:00 Information System.Net.Http.HttpClient.MinecraftRuntimeManager.ClientHandler Sending HTTP request GET https://resources.download.minecraft.net/0b/0b1b76e9d84bc193ec7d9aa11027a3b1e40f4d24
2026-09-08T23:01:14.0988204+00:00 Information System.Net.Http.HttpClient.MinecraftRuntimeManager.ClientHandler Received HTTP response headers after 213.5258ms - 200
2026-09-08T23:01:14.0992637+00:00 Information System.Net.Http.HttpClient.MinecraftRuntimeManager.LogicalHandler End processing HTTP request after 214.6813ms - 200
2026-09-08T23:01:14.1078684+00:00 Information System.Net.Http.HttpClient.MinecraftRuntimeManager.LogicalHandler Start processing HTTP request GET https://resources.download.minecraft.net/a7/a7c7b14d8c561a8ebeb04b9becd5bf9b8e587c51
2026-09-08T23:01:14.1081608+00:00 Information System.Net.Http.HttpClient.MinecraftRuntimeManager.ClientHandler Sending HTTP request GET https://resources.download.minecraft.net/a7/a7c7b14d8c561a8ebeb04b9becd5bf9b8e587c51
2026-09-08T23:01:14.3123648+00:00 Information System.Net.Http.HttpClient.MinecraftRuntimeManager.ClientHandler Received HTTP response headers after 203.7748ms - 200
2026-09-08T23:01:14.3128487+00:00 Information System.Net.Http.HttpClient.MinecraftRuntimeManager.LogicalHandler End processing HTTP request after 204.9319ms - 200
2026-09-08T23:01:14.3226190+00:00 Information System.Net.Http.HttpClient.MinecraftRuntimeManager.LogicalHandler Start processing HTTP request GET https://resources.download.minecraft.net/c2/c2d3d32316d7692a54cc7a72b0dff6f668cef4c1
2026-09-08T23:01:14.3230273+00:00 Information System.Net.Http.HttpClient.MinecraftRuntimeManager.ClientHandler Sending HTTP request GET https://resources.download.minecraft.net/c2/c2d3d32316d7692a54cc7a72b0dff6f668cef4c1
2026-09-08T23:01:14.5251930+00:00 Information System.Net.Http.HttpClient.MinecraftRuntimeManager.ClientHandler Received HTTP response headers after 201.7852ms - 200
2026-09-08T23:01:14.5256206+00:00 Information System.Net.Http.HttpClient.MinecraftRuntimeManager.LogicalHandler End processing HTTP request after 203.0168ms - 200
2026-09-08T23:01:14.5355239+00:00 Information System.Net.Http.HttpClient.MinecraftRuntimeManager.LogicalHandler Start processing HTTP request GET https://resources.download.minecraft.net/eb/eb04db6e76530e39f99d9a8b56dcf0cdc51933a9
2026-09-08T23:01:14.5359360+00:00 Information System.Net.Http.HttpClient.MinecraftRuntimeManager.ClientHandler Sending HTTP request GET https://resources.download.minecraft.net/eb/eb04db6e76530e39f99d9a8b56dcf0cdc51933a9
2026-09-08T23:01:14.7477845+00:00 Information System.Net.Http.HttpClient.MinecraftRuntimeManager.ClientHandler Received HTTP response headers after 211.4074ms - 200
2026-09-08T23:01:14.7483087+00:00 Information System.Net.Http.HttpClient.MinecraftRuntimeManager.LogicalHandler End processing HTTP request after 212.8575ms - 200
2026-09-08T23:01:14.7579438+00:00 Information System.Net.Http.HttpClient.MinecraftRuntimeManager.LogicalHandler Start processing HTTP request GET https://resources.download.minecraft.net/04/046116cb8bae23fb9ccd08664bea0ea1e6fa5b8c
2026-09-08T23:01:14.7583041+00:00 Information System.Net.Http.HttpClient.MinecraftRuntimeManager.ClientHandler Sending HTTP request GET https://resources.download.minecraft.net/04/046116cb8bae23fb9ccd08664bea0ea1e6fa5b8c
2026-09-08T23:01:14.9698860+00:00 Information System.Net.Http.HttpClient.MinecraftRuntimeManager.ClientHandler Received HTTP response headers after 211.1472ms - 200
2026-09-08T23:01:14.9702516+00:00 Information System.Net.Http.HttpClient.MinecraftRuntimeManager.LogicalHandler End processing HTTP request after 212.3684ms - 200
2026-09-08T23:01:14.9798054+00:00 Information System.Net.Http.HttpClient.MinecraftRuntimeManager.LogicalHandler Start processing HTTP request GET https://resources.download.minecraft.net/8b/8bea2393e701b61d9f2d197b6fe2d64d870ce69f
2026-09-08T23:01:14.9804594+00:00 Information System.Net.Http.HttpClient.MinecraftRuntimeManager.ClientHandler Sending HTTP request GET https://resources.download.minecraft.net/8b/8bea2393e701b61d9f2d197b6fe2d64d870ce69f
2026-09-08T23:01:15.1913599+00:00 Information System.Net.Http.HttpClient.MinecraftRuntimeManager.ClientHandler Received HTTP response headers after 210.4606ms - 200
2026-09-08T23:01:15.1917733+00:00 Information System.Net.Http.HttpClient.MinecraftRuntimeManager.LogicalHandler End processing HTTP request after 212.0702ms - 200
2026-09-08T23:01:15.2025395+00:00 Information System.Net.Http.HttpClient.MinecraftRuntimeManager.LogicalHandler Start processing HTTP request GET https://resources.download.minecraft.net/5d/5df3937b1dc42801133faa7db0777993001a0e6c
2026-09-08T23:01:15.2028852+00:00 Information System.Net.Http.HttpClient.MinecraftRuntimeManager.ClientHandler Sending HTTP request GET https://resources.download.minecraft.net/5d/5df3937b1dc42801133faa7db0777993001a0e6c
2026-09-08T23:01:15.4091327+00:00 Information System.Net.Http.HttpClient.MinecraftRuntimeManager.ClientHandler Received HTTP response headers after 205.8304ms - 200
2026-09-08T23:01:15.4100423+00:00 Information System.Net.Http.HttpClient.MinecraftRuntimeManager.LogicalHandler End processing HTTP request after 207.1545ms - 200
2026-09-08T23:01:15.4203917+00:00 Information System.Net.Http.HttpClient.MinecraftRuntimeManager.LogicalHandler Start processing HTTP request GET https://resources.download.minecraft.net/12/12bd95f693faa4c5992bb3fc622d447d5e15cd8b
2026-09-08T23:01:15.4207316+00:00 Information System.Net.Http.HttpClient.MinecraftRuntimeManager.ClientHandler Sending HTTP request GET https://resources.download.minecraft.net/12/12bd95f693faa4c5992bb3fc622d447d5e15cd8b
2026-09-08T23:01:15.6311862+00:00 Information System.Net.Http.HttpClient.MinecraftRuntimeManager.ClientHandler Received HTTP response headers after 210.0645ms - 200
2026-09-08T23:01:15.6316341+00:00 Information System.Net.Http.HttpClient.MinecraftRuntimeManager.LogicalHandler End processing HTTP request after 211.2635ms - 200
2026-09-08T23:01:15.6413361+00:00 Information System.Net.Http.HttpClient.MinecraftRuntimeManager.LogicalHandler Start processing HTTP request GET https://resources.download.minecraft.net/fd/fdae34c44ad48989b28d90188ea926292e994d68
2026-09-08T23:01:15.6416651+00:00 Information System.Net.Http.HttpClient.MinecraftRuntimeManager.ClientHandler Sending HTTP request GET https://resources.download.minecraft.net/fd/fdae34c44ad48989b28d90188ea926292e994d68
2026-09-08T23:01:15.8747875+00:00 Information System.Net.Http.HttpClient.MinecraftRuntimeManager.ClientHandler Received HTTP response headers after 232.7019ms - 200
2026-09-08T23:01:15.8753374+00:00 Information System.Net.Http.HttpClient.MinecraftRuntimeManager.LogicalHandler End processing HTTP request after 233.9089ms - 200
2026-09-08T23:01:15.8856923+00:00 Information System.Net.Http.HttpClient.MinecraftRuntimeManager.LogicalHandler Start processing HTTP request GET https://resources.download.minecraft.net/33/335dd7a03f2a9e96de2b70a6c437b9d7e478e057
2026-09-08T23:01:15.8860804+00:00 Information System.Net.Http.HttpClient.MinecraftRuntimeManager.ClientHandler Sending HTTP request GET https://resources.download.minecraft.net/33/335dd7a03f2a9e96de2b70a6c437b9d7e478e057
2026-09-08T23:01:16.1187329+00:00 Information System.Net.Http.HttpClient.MinecraftRuntimeManager.ClientHandler Received HTTP response headers after 232.2333ms - 200
2026-09-08T23:01:16.1192558+00:00 Information System.Net.Http.HttpClient.MinecraftRuntimeManager.LogicalHandler End processing HTTP request after 233.5264ms - 200
2026-09-08T23:01:16.1300114+00:00 Information System.Net.Http.HttpClient.MinecraftRuntimeManager.LogicalHandler Start processing HTTP request GET https://resources.download.minecraft.net/32/32932435c2ff25af10f51f3900164ba650baf264
2026-09-08T23:01:16.1303319+00:00 Information System.Net.Http.HttpClient.MinecraftRuntimeManager.ClientHandler Sending HTTP request GET https://resources.download.minecraft.net/32/32932435c2ff25af10f51f3900164ba650baf264
2026-09-08T23:01:16.3653263+00:00 Information System.Net.Http.HttpClient.MinecraftRuntimeManager.ClientHandler Received HTTP response headers after 234.5592ms - 200
2026-09-08T23:01:16.3656891+00:00 Information System.Net.Http.HttpClient.MinecraftRuntimeManager.LogicalHandler End processing HTTP request after 235.7294ms - 200
2026-09-08T23:01:16.3762881+00:00 Information System.Net.Http.HttpClient.MinecraftRuntimeManager.LogicalHandler Start processing HTTP request GET https://resources.download.minecraft.net/c5/c5c6fc4088ca077f78f610ba6818f53b44ac8b18
2026-09-08T23:01:16.3766825+00:00 Information System.Net.Http.HttpClient.MinecraftRuntimeManager.ClientHandler Sending HTTP request GET https://resources.download.minecraft.net/c5/c5c6fc4088ca077f78f610ba6818f53b44ac8b18
2026-09-08T23:01:16.6087258+00:00 Information System.Net.Http.HttpClient.MinecraftRuntimeManager.ClientHandler Received HTTP response headers after 231.6693ms - 200
2026-09-08T23:01:16.6090691+00:00 Information System.Net.Http.HttpClient.MinecraftRuntimeManager.LogicalHandler End processing HTTP request after 232.8793ms - 200
2026-09-08T23:01:16.6290369+00:00 Information System.Net.Http.HttpClient.MinecraftRuntimeManager.LogicalHandler Start processing HTTP request GET https://resources.download.minecraft.net/e6/e6c07deee281fc48ec09ae5b46cc7f4f6025e34f
2026-09-08T23:01:16.6294286+00:00 Information System.Net.Http.HttpClient.MinecraftRuntimeManager.ClientHandler Sending HTTP request GET https://resources.download.minecraft.net/e6/e6c07deee281fc48ec09ae5b46cc7f4f6025e34f
2026-09-08T23:01:16.8627817+00:00 Information System.Net.Http.HttpClient.MinecraftRuntimeManager.ClientHandler Received HTTP response headers after 232.8727ms - 200
2026-09-08T23:01:16.8631666+00:00 Information System.Net.Http.HttpClient.MinecraftRuntimeManager.LogicalHandler End processing HTTP request after 234.1357ms - 200
2026-09-08T23:01:16.8850135+00:00 Information System.Net.Http.HttpClient.MinecraftRuntimeManager.LogicalHandler Start processing HTTP request GET https://resources.download.minecraft.net/62/62d22654ef2de2e990eec0871030e41ea0ea41d9
2026-09-08T23:01:16.8854058+00:00 Information System.Net.Http.HttpClient.MinecraftRuntimeManager.ClientHandler Sending HTTP request GET https://resources.download.minecraft.net/62/62d22654ef2de2e990eec0871030e41ea0ea41d9
2026-09-08T23:01:17.1186817+00:00 Information System.Net.Http.HttpClient.MinecraftRuntimeManager.ClientHandler Received HTTP response headers after 232.8329ms - 200
2026-09-08T23:01:17.1192944+00:00 Information System.Net.Http.HttpClient.MinecraftRuntimeManager.LogicalHandler End processing HTTP request after 234.1804ms - 200
2026-09-08T23:01:17.1471853+00:00 Information System.Net.Http.HttpClient.MinecraftRuntimeManager.LogicalHandler Start processing HTTP request GET https://resources.download.minecraft.net/d2/d2fcc19ba39f8cc7ca4e780c1b6a8a500d9e8862
2026-09-08T23:01:17.1475956+00:00 Information System.Net.Http.HttpClient.MinecraftRuntimeManager.ClientHandler Sending HTTP request GET https://resources.download.minecraft.net/d2/d2fcc19ba39f8cc7ca4e780c1b6a8a500d9e8862
2026-09-08T23:01:17.3786716+00:00 Information System.Net.Http.HttpClient.MinecraftRuntimeManager.ClientHandler Received HTTP response headers after 230.6297ms - 200
2026-09-08T23:01:17.3791484+00:00 Information System.Net.Http.HttpClient.MinecraftRuntimeManager.LogicalHandler End processing HTTP request after 231.9403ms - 200
2026-09-08T23:01:17.4068226+00:00 Information System.Net.Http.HttpClient.MinecraftRuntimeManager.LogicalHandler Start processing HTTP request GET https://resources.download.minecraft.net/cd/cda36c2c0cc4428cb7c8fd3857f1597ae906c35b
2026-09-08T23:01:17.4070893+00:00 Information System.Net.Http.HttpClient.MinecraftRuntimeManager.ClientHandler Sending HTTP request GET https://resources.download.minecraft.net/cd/cda36c2c0cc4428cb7c8fd3857f1597ae906c35b
2026-09-08T23:01:17.6379644+00:00 Information System.Net.Http.HttpClient.MinecraftRuntimeManager.ClientHandler Received HTTP response headers after 230.4721ms - 200
2026-09-08T23:01:17.6384474+00:00 Information System.Net.Http.HttpClient.MinecraftRuntimeManager.LogicalHandler End processing HTTP request after 231.5632ms - 200
2026-09-08T23:01:17.6641721+00:00 Information System.Net.Http.HttpClient.MinecraftRuntimeManager.LogicalHandler Start processing HTTP request GET https://resources.download.minecraft.net/5f/5faa68db1a4b77ed66a0a7e412d6b26156fba2b7
2026-09-08T23:01:17.6644859+00:00 Information System.Net.Http.HttpClient.MinecraftRuntimeManager.ClientHandler Sending HTTP request GET https://resources.download.minecraft.net/5f/5faa68db1a4b77ed66a0a7e412d6b26156fba2b7
2026-09-08T23:01:17.8951495+00:00 Information System.Net.Http.HttpClient.MinecraftRuntimeManager.ClientHandler Received HTTP response headers after 230.2623ms - 200
2026-09-08T23:01:17.8956886+00:00 Information System.Net.Http.HttpClient.MinecraftRuntimeManager.LogicalHandler End processing HTTP request after 231.4164ms - 200
2026-09-08T23:01:17.9253933+00:00 Information System.Net.Http.HttpClient.MinecraftRuntimeManager.LogicalHandler Start processing HTTP request GET https://resources.download.minecraft.net/da/da34d96320ca548f68ccb08b8b6fead88f678184
2026-09-08T23:01:17.9262205+00:00 Information System.Net.Http.HttpClient.MinecraftRuntimeManager.ClientHandler Sending HTTP request GET https://resources.download.minecraft.net/da/da34d96320ca548f68ccb08b8b6fead88f678184
2026-09-08T23:01:18.1584338+00:00 Information System.Net.Http.HttpClient.MinecraftRuntimeManager.ClientHandler Received HTTP response headers after 231.7739ms - 200
2026-09-08T23:01:18.1588395+00:00 Information System.Net.Http.HttpClient.MinecraftRuntimeManager.LogicalHandler End processing HTTP request after 233.469ms - 200
2026-09-08T23:01:18.1824901+00:00 Information System.Net.Http.HttpClient.MinecraftRuntimeManager.LogicalHandler Start processing HTTP request GET https://resources.download.minecraft.net/49/49aaa18e07b554c4760aa82ed3b87fcd8bc000fb
2026-09-08T23:01:18.1828750+00:00 Information System.Net.Http.HttpClient.MinecraftRuntimeManager.ClientHandler Sending HTTP request GET https://resources.download.minecraft.net/49/49aaa18e07b554c4760aa82ed3b87fcd8bc000fb
2026-09-08T23:01:18.3941798+00:00 Information System.Net.Http.HttpClient.MinecraftRuntimeManager.ClientHandler Received HTTP response headers after 210.8777ms - 200
2026-09-08T23:01:18.3945439+00:00 Information System.Net.Http.HttpClient.MinecraftRuntimeManager.LogicalHandler End processing HTTP request after 212.0366ms - 200
2026-09-08T23:01:18.4043565+00:00 Information System.Net.Http.HttpClient.MinecraftRuntimeManager.LogicalHandler Start processing HTTP request GET https://resources.download.minecraft.net/1c/1c6a079997bb8f67a55378e1917c23e45c08b055
2026-09-08T23:01:18.4047053+00:00 Information System.Net.Http.HttpClient.MinecraftRuntimeManager.ClientHandler Sending HTTP request GET https://resources.download.minecraft.net/1c/1c6a079997bb8f67a55378e1917c23e45c08b055
2026-09-08T23:01:18.6267351+00:00 Information System.Net.Http.HttpClient.MinecraftRuntimeManager.ClientHandler Received HTTP response headers after 221.5105ms - 200
2026-09-08T23:01:18.6271270+00:00 Information System.Net.Http.HttpClient.MinecraftRuntimeManager.LogicalHandler End processing HTTP request after 222.8833ms - 200
2026-09-08T23:01:18.6352633+00:00 Information System.Net.Http.HttpClient.MinecraftRuntimeManager.LogicalHandler Start processing HTTP request GET https://resources.download.minecraft.net/2e/2e14fecfe60ce332a014da7508c59b8f05710532
2026-09-08T23:01:18.6355987+00:00 Information System.Net.Http.HttpClient.MinecraftRuntimeManager.ClientHandler Sending HTTP request GET https://resources.download.minecraft.net/2e/2e14fecfe60ce332a014da7508c59b8f05710532
2026-09-08T23:01:18.8552567+00:00 Information System.Net.Http.HttpClient.MinecraftRuntimeManager.ClientHandler Received HTTP response headers after 219.151ms - 200
2026-09-08T23:01:18.8558406+00:00 Information System.Net.Http.HttpClient.MinecraftRuntimeManager.LogicalHandler End processing HTTP request after 220.5409ms - 200
2026-09-08T23:01:18.8646802+00:00 Information System.Net.Http.HttpClient.MinecraftRuntimeManager.LogicalHandler Start processing HTTP request GET https://resources.download.minecraft.net/ff/ff5aa6b98b27f989cf147d518303e335ef405e15
2026-09-08T23:01:18.8650952+00:00 Information System.Net.Http.HttpClient.MinecraftRuntimeManager.ClientHandler Sending HTTP request GET https://resources.download.minecraft.net/ff/ff5aa6b98b27f989cf147d518303e335ef405e15
2026-09-08T23:01:19.0861266+00:00 Information System.Net.Http.HttpClient.MinecraftRuntimeManager.ClientHandler Received HTTP response headers after 220.5663ms - 200
2026-09-08T23:01:19.0866262+00:00 Information System.Net.Http.HttpClient.MinecraftRuntimeManager.LogicalHandler End processing HTTP request after 222.0024ms - 200
2026-09-08T23:01:19.0968348+00:00 Information System.Net.Http.HttpClient.MinecraftRuntimeManager.LogicalHandler Start processing HTTP request GET https://resources.download.minecraft.net/ff/ff5a345dc979cc817c1ac87221abb372a3b87a5c
2026-09-08T23:01:19.0972741+00:00 Information System.Net.Http.HttpClient.MinecraftRuntimeManager.ClientHandler Sending HTTP request GET https://resources.download.minecraft.net/ff/ff5a345dc979cc817c1ac87221abb372a3b87a5c
2026-09-08T23:01:19.3179666+00:00 Information System.Net.Http.HttpClient.MinecraftRuntimeManager.ClientHandler Received HTTP response headers after 220.1451ms - 200
2026-09-08T23:01:19.3184424+00:00 Information System.Net.Http.HttpClient.MinecraftRuntimeManager.LogicalHandler End processing HTTP request after 221.628ms - 200
2026-09-08T23:01:19.3295067+00:00 Information System.Net.Http.HttpClient.MinecraftRuntimeManager.LogicalHandler Start processing HTTP request GET https://resources.download.minecraft.net/bb/bb709bbfde582e0b261b4f8d01e10e35ee41e63b
2026-09-08T23:01:19.3300416+00:00 Information System.Net.Http.HttpClient.MinecraftRuntimeManager.ClientHandler Sending HTTP request GET https://resources.download.minecraft.net/bb/bb709bbfde582e0b261b4f8d01e10e35ee41e63b
2026-09-08T23:01:19.7589311+00:00 Information System.Net.Http.HttpClient.MinecraftRuntimeManager.ClientHandler Received HTTP response headers after 428.3516ms - 200
2026-09-08T23:01:19.7594069+00:00 Information System.Net.Http.HttpClient.MinecraftRuntimeManager.LogicalHandler End processing HTTP request after 429.9741ms - 200
2026-09-08T23:01:19.7685182+00:00 Information System.Net.Http.HttpClient.MinecraftRuntimeManager.LogicalHandler Start processing HTTP request GET https://resources.download.minecraft.net/d8/d80d4bd2f28318f7291baa4fec3f00b4bd56066a
2026-09-08T23:01:19.7688688+00:00 Information System.Net.Http.HttpClient.MinecraftRuntimeManager.ClientHandler Sending HTTP request GET https://resources.download.minecraft.net/d8/d80d4bd2f28318f7291baa4fec3f00b4bd56066a
2026-09-08T23:01:20.0034733+00:00 Information System.Net.Http.HttpClient.MinecraftRuntimeManager.ClientHandler Received HTTP response headers after 234.2379ms - 200
2026-09-08T23:01:20.0041189+00:00 Information System.Net.Http.HttpClient.MinecraftRuntimeManager.LogicalHandler End processing HTTP request after 235.5571ms - 200
2026-09-08T23:01:20.0413627+00:00 Information System.Net.Http.HttpClient.MinecraftRuntimeManager.LogicalHandler Start processing HTTP request GET https://resources.download.minecraft.net/16/16f63773f4258b983891136c54c32735c59b2c05
2026-09-08T23:01:20.0417016+00:00 Information System.Net.Http.HttpClient.MinecraftRuntimeManager.ClientHandler Sending HTTP request GET https://resources.download.minecraft.net/16/16f63773f4258b983891136c54c32735c59b2c05
2026-09-08T23:01:20.2695791+00:00 Information System.Net.Http.HttpClient.MinecraftRuntimeManager.ClientHandler Received HTTP response headers after 227.4269ms - 200
2026-09-08T23:01:20.2700842+00:00 Information System.Net.Http.HttpClient.MinecraftRuntimeManager.LogicalHandler End processing HTTP request after 228.7175ms - 200
2026-09-08T23:01:20.3332476+00:00 Information System.Net.Http.HttpClient.MinecraftRuntimeManager.LogicalHandler Start processing HTTP request GET https://resources.download.minecraft.net/a7/a7ff95731dd1668bff61898362091cce9c49cdf1
2026-09-08T23:01:20.3336048+00:00 Information System.Net.Http.HttpClient.MinecraftRuntimeManager.ClientHandler Sending HTTP request GET https://resources.download.minecraft.net/a7/a7ff95731dd1668bff61898362091cce9c49cdf1
2026-09-08T23:01:20.5519740+00:00 Information System.Net.Http.HttpClient.MinecraftRuntimeManager.ClientHandler Received HTTP response headers after 217.9262ms - 200
2026-09-08T23:01:20.5524341+00:00 Information System.Net.Http.HttpClient.MinecraftRuntimeManager.LogicalHandler End processing HTTP request after 219.202ms - 200
2026-09-08T23:01:20.6056803+00:00 Information System.Net.Http.HttpClient.MinecraftRuntimeManager.LogicalHandler Start processing HTTP request GET https://resources.download.minecraft.net/a1/a181d87822808974392cd7bf081121523687cd3d
2026-09-08T23:01:20.6059619+00:00 Information System.Net.Http.HttpClient.MinecraftRuntimeManager.ClientHandler Sending HTTP request GET https://resources.download.minecraft.net/a1/a181d87822808974392cd7bf081121523687cd3d
2026-09-08T23:01:20.8248429+00:00 Information System.Net.Http.HttpClient.MinecraftRuntimeManager.ClientHandler Received HTTP response headers after 218.465ms - 200
2026-09-08T23:01:20.8252591+00:00 Information System.Net.Http.HttpClient.MinecraftRuntimeManager.LogicalHandler End processing HTTP request after 219.6048ms - 200
2026-09-08T23:01:20.8500289+00:00 Information System.Net.Http.HttpClient.MinecraftRuntimeManager.LogicalHandler Start processing HTTP request GET https://resources.download.minecraft.net/a2/a24c6e7d083b8e69caf5de24eb698611b304fc87
2026-09-08T23:01:20.8503540+00:00 Information System.Net.Http.HttpClient.MinecraftRuntimeManager.ClientHandler Sending HTTP request GET https://resources.download.minecraft.net/a2/a24c6e7d083b8e69caf5de24eb698611b304fc87
2026-09-08T23:01:21.0678600+00:00 Information System.Net.Http.HttpClient.MinecraftRuntimeManager.ClientHandler Received HTTP response headers after 217.0854ms - 200
2026-09-08T23:01:21.0684645+00:00 Information System.Net.Http.HttpClient.MinecraftRuntimeManager.LogicalHandler End processing HTTP request after 218.394ms - 200
2026-09-08T23:01:21.0848526+00:00 Information System.Net.Http.HttpClient.MinecraftRuntimeManager.LogicalHandler Start processing HTTP request GET https://resources.download.minecraft.net/36/36c387db12975376921f130e0971f52bd0bd573a
2026-09-08T23:01:21.0851741+00:00 Information System.Net.Http.HttpClient.MinecraftRuntimeManager.ClientHandler Sending HTTP request GET https://resources.download.minecraft.net/36/36c387db12975376921f130e0971f52bd0bd573a
2026-09-08T23:01:21.3032726+00:00 Information System.Net.Http.HttpClient.MinecraftRuntimeManager.ClientHandler Received HTTP response headers after 217.6602ms - 200
2026-09-08T23:01:21.3037509+00:00 Information System.Net.Http.HttpClient.MinecraftRuntimeManager.LogicalHandler End processing HTTP request after 218.8388ms - 200
2026-09-08T23:01:21.3286237+00:00 Information System.Net.Http.HttpClient.MinecraftRuntimeManager.LogicalHandler Start processing HTTP request GET https://resources.download.minecraft.net/3a/3a7888bdd0e2803a2b08d2505e4ff99c707df1f9
2026-09-08T23:01:21.3289450+00:00 Information System.Net.Http.HttpClient.MinecraftRuntimeManager.ClientHandler Sending HTTP request GET https://resources.download.minecraft.net/3a/3a7888bdd0e2803a2b08d2505e4ff99c707df1f9
2026-09-08T23:01:22.1707890+00:00 Information System.Net.Http.HttpClient.MinecraftRuntimeManager.ClientHandler Received HTTP response headers after 841.4275ms - 200
2026-09-08T23:01:22.1713026+00:00 Information System.Net.Http.HttpClient.MinecraftRuntimeManager.LogicalHandler End processing HTTP request after 842.6785ms - 200
2026-09-08T23:01:22.1814522+00:00 Information System.Net.Http.HttpClient.MinecraftRuntimeManager.LogicalHandler Start processing HTTP request GET https://resources.download.minecraft.net/bd/bdece9f83ab1959684fd51b8b806dce647012dcc
2026-09-08T23:01:22.1818983+00:00 Information System.Net.Http.HttpClient.MinecraftRuntimeManager.ClientHandler Sending HTTP request GET https://resources.download.minecraft.net/bd/bdece9f83ab1959684fd51b8b806dce647012dcc
2026-09-08T23:01:22.4006763+00:00 Information System.Net.Http.HttpClient.MinecraftRuntimeManager.ClientHandler Received HTTP response headers after 218.2374ms - 200
2026-09-08T23:01:22.4013407+00:00 Information System.Net.Http.HttpClient.MinecraftRuntimeManager.LogicalHandler End processing HTTP request after 219.8785ms - 200
2026-09-08T23:01:22.4228269+00:00 Information System.Net.Http.HttpClient.MinecraftRuntimeManager.LogicalHandler Start processing HTTP request GET https://resources.download.minecraft.net/1e/1e99a8f02ad6154660b68863b5dddbfc06aa95a7
2026-09-08T23:01:22.4231172+00:00 Information System.Net.Http.HttpClient.MinecraftRuntimeManager.ClientHandler Sending HTTP request GET https://resources.download.minecraft.net/1e/1e99a8f02ad6154660b68863b5dddbfc06aa95a7
2026-09-08T23:01:22.6423376+00:00 Information System.Net.Http.HttpClient.MinecraftRuntimeManager.ClientHandler Received HTTP response headers after 218.8098ms - 200
2026-09-08T23:01:22.6428776+00:00 Information System.Net.Http.HttpClient.MinecraftRuntimeManager.LogicalHandler End processing HTTP request after 219.9962ms - 200
2026-09-08T23:01:22.6581779+00:00 Information System.Net.Http.HttpClient.MinecraftRuntimeManager.LogicalHandler Start processing HTTP request GET https://resources.download.minecraft.net/f6/f66841e1965b8a4b85fe01a21af09172b002401c
2026-09-08T23:01:22.6584476+00:00 Information System.Net.Http.HttpClient.MinecraftRuntimeManager.ClientHandler Sending HTTP request GET https://resources.download.minecraft.net/f6/f66841e1965b8a4b85fe01a21af09172b002401c
2026-09-08T23:01:22.8763595+00:00 Information System.Net.Http.HttpClient.MinecraftRuntimeManager.ClientHandler Received HTTP response headers after 217.5015ms - 200
2026-09-08T23:01:22.8767657+00:00 Information System.Net.Http.HttpClient.MinecraftRuntimeManager.LogicalHandler End processing HTTP request after 218.5981ms - 200
2026-09-08T23:01:22.9137428+00:00 Information System.Net.Http.HttpClient.MinecraftRuntimeManager.LogicalHandler Start processing HTTP request GET https://resources.download.minecraft.net/a2/a2d1a08b5c89ff034009d33053fed40c29f68f2e
2026-09-08T23:01:22.9141345+00:00 Information System.Net.Http.HttpClient.MinecraftRuntimeManager.ClientHandler Sending HTTP request GET https://resources.download.minecraft.net/a2/a2d1a08b5c89ff034009d33053fed40c29f68f2e
2026-09-08T23:01:23.1330361+00:00 Information System.Net.Http.HttpClient.MinecraftRuntimeManager.ClientHandler Received HTTP response headers after 218.4303ms - 200
2026-09-08T23:01:23.1335079+00:00 Information System.Net.Http.HttpClient.MinecraftRuntimeManager.LogicalHandler End processing HTTP request after 219.8119ms - 200
2026-09-08T23:01:23.1567501+00:00 Information System.Net.Http.HttpClient.MinecraftRuntimeManager.LogicalHandler Start processing HTTP request GET https://resources.download.minecraft.net/e8/e889bcce8431d117ce4c0ef3fd9b9a0567484faa
2026-09-08T23:01:23.1571487+00:00 Information System.Net.Http.HttpClient.MinecraftRuntimeManager.ClientHandler Sending HTTP request GET https://resources.download.minecraft.net/e8/e889bcce8431d117ce4c0ef3fd9b9a0567484faa
2026-09-08T23:01:23.3747809+00:00 Information System.Net.Http.HttpClient.MinecraftRuntimeManager.ClientHandler Received HTTP response headers after 217.2569ms - 200
2026-09-08T23:01:23.3753828+00:00 Information System.Net.Http.HttpClient.MinecraftRuntimeManager.LogicalHandler End processing HTTP request after 218.5978ms - 200
2026-09-08T23:01:23.4073340+00:00 Information System.Net.Http.HttpClient.MinecraftRuntimeManager.LogicalHandler Start processing HTTP request GET https://resources.download.minecraft.net/52/52ff5e2c9ff808388c76e2ad1b2b805cb53ebd38
2026-09-08T23:01:23.4076398+00:00 Information System.Net.Http.HttpClient.MinecraftRuntimeManager.ClientHandler Sending HTTP request GET https://resources.download.minecraft.net/52/52ff5e2c9ff808388c76e2ad1b2b805cb53ebd38
2026-09-08T23:01:23.6257840+00:00 Information System.Net.Http.HttpClient.MinecraftRuntimeManager.ClientHandler Received HTTP response headers after 217.7115ms - 200
2026-09-08T23:01:23.6263683+00:00 Information System.Net.Http.HttpClient.MinecraftRuntimeManager.LogicalHandler End processing HTTP request after 219.0581ms - 200
2026-09-08T23:01:23.6539048+00:00 Information System.Net.Http.HttpClient.MinecraftRuntimeManager.LogicalHandler Start processing HTTP request GET https://resources.download.minecraft.net/54/5447b5165697eb5e2b4724a9dc5b345ba5cce111
2026-09-08T23:01:23.6541959+00:00 Information System.Net.Http.HttpClient.MinecraftRuntimeManager.ClientHandler Sending HTTP request GET https://resources.download.minecraft.net/54/5447b5165697eb5e2b4724a9dc5b345ba5cce111
2026-09-08T23:01:23.8716216+00:00 Information System.Net.Http.HttpClient.MinecraftRuntimeManager.ClientHandler Received HTTP response headers after 217.0783ms - 200
2026-09-08T23:01:23.8720261+00:00 Information System.Net.Http.HttpClient.MinecraftRuntimeManager.LogicalHandler End processing HTTP request after 218.1199ms - 200
2026-09-08T23:01:23.9022848+00:00 Information System.Net.Http.HttpClient.MinecraftRuntimeManager.LogicalHandler Start processing HTTP request GET https://resources.download.minecraft.net/d7/d7f85e94a76e067aad8e2b8ee612d65ecfffc11a
2026-09-08T23:01:23.9025859+00:00 Information System.Net.Http.HttpClient.MinecraftRuntimeManager.ClientHandler Sending HTTP request GET https://resources.download.minecraft.net/d7/d7f85e94a76e067aad8e2b8ee612d65ecfffc11a
2026-09-08T23:01:24.1248260+00:00 Information System.Net.Http.HttpClient.MinecraftRuntimeManager.ClientHandler Received HTTP response headers after 221.8871ms - 200
2026-09-08T23:01:24.1252768+00:00 Information System.Net.Http.HttpClient.MinecraftRuntimeManager.LogicalHandler End processing HTTP request after 222.9918ms - 200
2026-09-08T23:01:24.1520630+00:00 Information System.Net.Http.HttpClient.MinecraftRuntimeManager.LogicalHandler Start processing HTTP request GET https://resources.download.minecraft.net/f7/f71e1acfb97f26e48044e0d2cacb986b1311d4d9
2026-09-08T23:01:24.1523917+00:00 Information System.Net.Http.HttpClient.MinecraftRuntimeManager.ClientHandler Sending HTTP request GET https://resources.download.minecraft.net/f7/f71e1acfb97f26e48044e0d2cacb986b1311d4d9
2026-09-08T23:01:24.3702567+00:00 Information System.Net.Http.HttpClient.MinecraftRuntimeManager.ClientHandler Received HTTP response headers after 217.5332ms - 200
2026-09-08T23:01:24.3705488+00:00 Information System.Net.Http.HttpClient.MinecraftRuntimeManager.LogicalHandler End processing HTTP request after 218.5223ms - 200
2026-09-08T23:01:24.4018631+00:00 Information System.Net.Http.HttpClient.MinecraftRuntimeManager.LogicalHandler Start processing HTTP request GET https://resources.download.minecraft.net/d4/d4c30f6ed41abefe8f72e1578c1006f581fd8a77
2026-09-08T23:01:24.4022303+00:00 Information System.Net.Http.HttpClient.MinecraftRuntimeManager.ClientHandler Sending HTTP request GET https://resources.download.minecraft.net/d4/d4c30f6ed41abefe8f72e1578c1006f581fd8a77
2026-09-08T23:01:24.6223499+00:00 Information System.Net.Http.HttpClient.MinecraftRuntimeManager.ClientHandler Received HTTP response headers after 219.6244ms - 200
2026-09-08T23:01:24.6228943+00:00 Information System.Net.Http.HttpClient.MinecraftRuntimeManager.LogicalHandler End processing HTTP request after 220.9733ms - 200
2026-09-08T23:01:24.6393742+00:00 Information System.Net.Http.HttpClient.MinecraftRuntimeManager.LogicalHandler Start processing HTTP request GET https://resources.download.minecraft.net/71/719a10effd17a4f440985febde4d27529cc278db
2026-09-08T23:01:24.6398483+00:00 Information System.Net.Http.HttpClient.MinecraftRuntimeManager.ClientHandler Sending HTTP request GET https://resources.download.minecraft.net/71/719a10effd17a4f440985febde4d27529cc278db
2026-09-08T23:01:24.8586226+00:00 Information System.Net.Http.HttpClient.MinecraftRuntimeManager.ClientHandler Received HTTP response headers after 218.2937ms - 200
2026-09-08T23:01:24.8592310+00:00 Information System.Net.Http.HttpClient.MinecraftRuntimeManager.LogicalHandler End processing HTTP request after 219.8473ms - 200
2026-09-08T23:01:24.8831975+00:00 Information System.Net.Http.HttpClient.MinecraftRuntimeManager.LogicalHandler Start processing HTTP request GET https://resources.download.minecraft.net/1b/1bd5bc41540c90a5a156377e7d1acde0c82b0e8f
2026-09-08T23:01:24.8835398+00:00 Information System.Net.Http.HttpClient.MinecraftRuntimeManager.ClientHandler Sending HTTP request GET https://resources.download.minecraft.net/1b/1bd5bc41540c90a5a156377e7d1acde0c82b0e8f
2026-09-08T23:01:25.1013107+00:00 Information System.Net.Http.HttpClient.MinecraftRuntimeManager.ClientHandler Received HTTP response headers after 217.443ms - 200
2026-09-08T23:01:25.1017063+00:00 Information System.Net.Http.HttpClient.MinecraftRuntimeManager.LogicalHandler End processing HTTP request after 218.497ms - 200
2026-09-08T23:01:25.1265614+00:00 Information System.Net.Http.HttpClient.MinecraftRuntimeManager.LogicalHandler Start processing HTTP request GET https://resources.download.minecraft.net/4d/4d68e519f69b99c678870b71d7a8dcdbfda153b3
2026-09-08T23:01:25.1269145+00:00 Information System.Net.Http.HttpClient.MinecraftRuntimeManager.ClientHandler Sending HTTP request GET https://resources.download.minecraft.net/4d/4d68e519f69b99c678870b71d7a8dcdbfda153b3
2026-09-08T23:01:25.3447643+00:00 Information System.Net.Http.HttpClient.MinecraftRuntimeManager.ClientHandler Received HTTP response headers after 217.4618ms - 200
2026-09-08T23:01:25.3454518+00:00 Information System.Net.Http.HttpClient.MinecraftRuntimeManager.LogicalHandler End processing HTTP request after 218.7947ms - 200
2026-09-08T23:01:25.3709434+00:00 Information System.Net.Http.HttpClient.MinecraftRuntimeManager.LogicalHandler Start processing HTTP request GET https://resources.download.minecraft.net/d5/d5671a3b331716cd8a294a089150329dad4d8041
2026-09-08T23:01:25.3713164+00:00 Information System.Net.Http.HttpClient.MinecraftRuntimeManager.ClientHandler Sending HTTP request GET https://resources.download.minecraft.net/d5/d5671a3b331716cd8a294a089150329dad4d8041
2026-09-08T23:01:25.5892207+00:00 Information System.Net.Http.HttpClient.MinecraftRuntimeManager.ClientHandler Received HTTP response headers after 217.5022ms - 200
2026-09-08T23:01:25.5896450+00:00 Information System.Net.Http.HttpClient.MinecraftRuntimeManager.LogicalHandler End processing HTTP request after 218.7095ms - 200
2026-09-08T23:01:25.6055835+00:00 Information System.Net.Http.HttpClient.MinecraftRuntimeManager.LogicalHandler Start processing HTTP request GET https://resources.download.minecraft.net/0a/0af366a1afbede2e47146caa5e4a48b647fa770f
2026-09-08T23:01:25.6061438+00:00 Information System.Net.Http.HttpClient.MinecraftRuntimeManager.ClientHandler Sending HTTP request GET https://resources.download.minecraft.net/0a/0af366a1afbede2e47146caa5e4a48b647fa770f
2026-09-08T23:01:25.8247126+00:00 Information System.Net.Http.HttpClient.MinecraftRuntimeManager.ClientHandler Received HTTP response headers after 217.9712ms - 200
2026-09-08T23:01:25.8253079+00:00 Information System.Net.Http.HttpClient.MinecraftRuntimeManager.LogicalHandler End processing HTTP request after 219.8159ms - 200
2026-09-08T23:01:25.8554756+00:00 Information System.Net.Http.HttpClient.MinecraftRuntimeManager.LogicalHandler Start processing HTTP request GET https://resources.download.minecraft.net/7d/7d3c3e8889167578206fddb0a25d30f713159de9
2026-09-08T23:01:25.8558214+00:00 Information System.Net.Http.HttpClient.MinecraftRuntimeManager.ClientHandler Sending HTTP request GET https://resources.download.minecraft.net/7d/7d3c3e8889167578206fddb0a25d30f713159de9
2026-09-08T23:01:26.0740212+00:00 Information System.Net.Http.HttpClient.MinecraftRuntimeManager.ClientHandler Received HTTP response headers after 217.8505ms - 200
2026-09-08T23:01:26.0744859+00:00 Information System.Net.Http.HttpClient.MinecraftRuntimeManager.LogicalHandler End processing HTTP request after 219.0097ms - 200
2026-09-08T23:01:26.0922699+00:00 Information System.Net.Http.HttpClient.MinecraftRuntimeManager.LogicalHandler Start processing HTTP request GET https://resources.download.minecraft.net/36/3634810d138e7094a12b13cbeb46fa0c63f78d13
2026-09-08T23:01:26.0926913+00:00 Information System.Net.Http.HttpClient.MinecraftRuntimeManager.ClientHandler Sending HTTP request GET https://resources.download.minecraft.net/36/3634810d138e7094a12b13cbeb46fa0c63f78d13
2026-09-08T23:01:26.3104557+00:00 Information System.Net.Http.HttpClient.MinecraftRuntimeManager.ClientHandler Received HTTP response headers after 217.3276ms - 200
2026-09-08T23:01:26.3109246+00:00 Information System.Net.Http.HttpClient.MinecraftRuntimeManager.LogicalHandler End processing HTTP request after 218.6155ms - 200
2026-09-08T23:01:26.3341062+00:00 Information System.Net.Http.HttpClient.MinecraftRuntimeManager.LogicalHandler Start processing HTTP request GET https://resources.download.minecraft.net/9e/9ee3c91e8feabf53412b7987e1cbf68d4bfe55aa
2026-09-08T23:01:26.3345122+00:00 Information System.Net.Http.HttpClient.MinecraftRuntimeManager.ClientHandler Sending HTTP request GET https://resources.download.minecraft.net/9e/9ee3c91e8feabf53412b7987e1cbf68d4bfe55aa
2026-09-08T23:01:26.5523507+00:00 Information System.Net.Http.HttpClient.MinecraftRuntimeManager.ClientHandler Received HTTP response headers after 217.3815ms - 200
2026-09-08T23:01:26.5527271+00:00 Information System.Net.Http.HttpClient.MinecraftRuntimeManager.LogicalHandler End processing HTTP request after 218.6692ms - 200
2026-09-08T23:01:26.5770942+00:00 Information System.Net.Http.HttpClient.MinecraftRuntimeManager.LogicalHandler Start processing HTTP request GET https://resources.download.minecraft.net/a2/a2ab744b54a54e2eb1fc12c7e26dd6066b1799e8
2026-09-08T23:01:26.5774788+00:00 Information System.Net.Http.HttpClient.MinecraftRuntimeManager.ClientHandler Sending HTTP request GET https://resources.download.minecraft.net/a2/a2ab744b54a54e2eb1fc12c7e26dd6066b1799e8
2026-09-08T23:01:26.7968376+00:00 Information System.Net.Http.HttpClient.MinecraftRuntimeManager.ClientHandler Received HTTP response headers after 218.918ms - 200
2026-09-08T23:01:26.7972603+00:00 Information System.Net.Http.HttpClient.MinecraftRuntimeManager.LogicalHandler End processing HTTP request after 220.182ms - 200
2026-09-08T23:01:26.8133186+00:00 Information System.Net.Http.HttpClient.MinecraftRuntimeManager.LogicalHandler Start processing HTTP request GET https://resources.download.minecraft.net/a2/a2c219ad41db471213dd0d2306445d28bfa0151d
2026-09-08T23:01:26.8137249+00:00 Information System.Net.Http.HttpClient.MinecraftRuntimeManager.ClientHandler Sending HTTP request GET https://resources.download.minecraft.net/a2/a2c219ad41db471213dd0d2306445d28bfa0151d
2026-09-08T23:01:27.0320173+00:00 Information System.Net.Http.HttpClient.MinecraftRuntimeManager.ClientHandler Received HTTP response headers after 217.835ms - 200
2026-09-08T23:01:27.0325953+00:00 Information System.Net.Http.HttpClient.MinecraftRuntimeManager.LogicalHandler End processing HTTP request after 219.3623ms - 200
2026-09-08T23:01:27.0470345+00:00 Information System.Net.Http.HttpClient.MinecraftRuntimeManager.LogicalHandler Start processing HTTP request GET https://resources.download.minecraft.net/7d/7d4b4cf1f409ea746eec8d2066d262545469960d
2026-09-08T23:01:27.0474352+00:00 Information System.Net.Http.HttpClient.MinecraftRuntimeManager.ClientHandler Sending HTTP request GET https://resources.download.minecraft.net/7d/7d4b4cf1f409ea746eec8d2066d262545469960d
2026-09-08T23:01:27.2655567+00:00 Information System.Net.Http.HttpClient.MinecraftRuntimeManager.ClientHandler Received HTTP response headers after 217.6549ms - 200
2026-09-08T23:01:27.2660706+00:00 Information System.Net.Http.HttpClient.MinecraftRuntimeManager.LogicalHandler End processing HTTP request after 219.1349ms - 200
2026-09-08T23:01:27.2756618+00:00 Information System.Net.Http.HttpClient.MinecraftRuntimeManager.LogicalHandler Start processing HTTP request GET https://resources.download.minecraft.net/6c/6c40ef98636487a1b7efb487e1615ebaf91928cd
2026-09-08T23:01:27.2759592+00:00 Information System.Net.Http.HttpClient.MinecraftRuntimeManager.ClientHandler Sending HTTP request GET https://resources.download.minecraft.net/6c/6c40ef98636487a1b7efb487e1615ebaf91928cd
2026-09-08T23:01:27.4934982+00:00 Information System.Net.Http.HttpClient.MinecraftRuntimeManager.ClientHandler Received HTTP response headers after 217.1418ms - 200
2026-09-08T23:01:27.4940118+00:00 Information System.Net.Http.HttpClient.MinecraftRuntimeManager.LogicalHandler End processing HTTP request after 218.3521ms - 200
2026-09-08T23:01:27.5024218+00:00 Information System.Net.Http.HttpClient.MinecraftRuntimeManager.LogicalHandler Start processing HTTP request GET https://resources.download.minecraft.net/0e/0e58e087ad105373cf75ca8043c567e88aeb048e
2026-09-08T23:01:27.5027694+00:00 Information System.Net.Http.HttpClient.MinecraftRuntimeManager.ClientHandler Sending HTTP request GET https://resources.download.minecraft.net/0e/0e58e087ad105373cf75ca8043c567e88aeb048e
2026-09-08T23:01:27.7205219+00:00 Information System.Net.Http.HttpClient.MinecraftRuntimeManager.ClientHandler Received HTTP response headers after 217.286ms - 200
2026-09-08T23:01:27.7209552+00:00 Information System.Net.Http.HttpClient.MinecraftRuntimeManager.LogicalHandler End processing HTTP request after 218.5391ms - 200
2026-09-08T23:01:27.7315168+00:00 Information System.Net.Http.HttpClient.MinecraftRuntimeManager.LogicalHandler Start processing HTTP request GET https://resources.download.minecraft.net/0e/0e497ca437eeac5cee56a91c43da2631092e7477
2026-09-08T23:01:27.7319426+00:00 Information System.Net.Http.HttpClient.MinecraftRuntimeManager.ClientHandler Sending HTTP request GET https://resources.download.minecraft.net/0e/0e497ca437eeac5cee56a91c43da2631092e7477
2026-09-08T23:01:27.9496998+00:00 Information System.Net.Http.HttpClient.MinecraftRuntimeManager.ClientHandler Received HTTP response headers after 217.3034ms - 200
2026-09-08T23:01:27.9502449+00:00 Information System.Net.Http.HttpClient.MinecraftRuntimeManager.LogicalHandler End processing HTTP request after 218.7105ms - 200
2026-09-08T23:01:27.9655059+00:00 Information System.Net.Http.HttpClient.MinecraftRuntimeManager.LogicalHandler Start processing HTTP request GET https://resources.download.minecraft.net/2c/2c114bff9b73abccb54f0aec7e09ad1ff4cb4dc6
2026-09-08T23:01:27.9658541+00:00 Information System.Net.Http.HttpClient.MinecraftRuntimeManager.ClientHandler Sending HTTP request GET https://resources.download.minecraft.net/2c/2c114bff9b73abccb54f0aec7e09ad1ff4cb4dc6
2026-09-08T23:01:28.3351719+00:00 Information System.Net.Http.HttpClient.MinecraftRuntimeManager.ClientHandler Received HTTP response headers after 368.9282ms - 200
2026-09-08T23:01:28.3357217+00:00 Information System.Net.Http.HttpClient.MinecraftRuntimeManager.LogicalHandler End processing HTTP request after 370.1951ms - 200
2026-09-08T23:01:28.3470169+00:00 Information System.Net.Http.HttpClient.MinecraftRuntimeManager.LogicalHandler Start processing HTTP request GET https://resources.download.minecraft.net/3a/3a9a56e15aeb25ad049f0d64a343fabcc3ce4de0
2026-09-08T23:01:28.3473334+00:00 Information System.Net.Http.HttpClient.MinecraftRuntimeManager.ClientHandler Sending HTTP request GET https://resources.download.minecraft.net/3a/3a9a56e15aeb25ad049f0d64a343fabcc3ce4de0
2026-09-08T23:01:28.5650976+00:00 Information System.Net.Http.HttpClient.MinecraftRuntimeManager.ClientHandler Received HTTP response headers after 217.263ms - 200
2026-09-08T23:01:28.5655077+00:00 Information System.Net.Http.HttpClient.MinecraftRuntimeManager.LogicalHandler End processing HTTP request after 218.5194ms - 200
2026-09-08T23:01:28.5912257+00:00 Information System.Net.Http.HttpClient.MinecraftRuntimeManager.LogicalHandler Start processing HTTP request GET https://resources.download.minecraft.net/c1/c13629f57d801f0938ceae15ec152ff79cc3a6a4
2026-09-08T23:01:28.5916358+00:00 Information System.Net.Http.HttpClient.MinecraftRuntimeManager.ClientHandler Sending HTTP request GET https://resources.download.minecraft.net/c1/c13629f57d801f0938ceae15ec152ff79cc3a6a4
2026-09-08T23:01:28.8089735+00:00 Information System.Net.Http.HttpClient.MinecraftRuntimeManager.ClientHandler Received HTTP response headers after 216.957ms - 200
2026-09-08T23:01:28.8094645+00:00 Information System.Net.Http.HttpClient.MinecraftRuntimeManager.LogicalHandler End processing HTTP request after 218.2295ms - 200
2026-09-08T23:01:28.8211531+00:00 Information System.Net.Http.HttpClient.MinecraftRuntimeManager.LogicalHandler Start processing HTTP request GET https://resources.download.minecraft.net/67/67a35cb0a87ef67f252330d7b5b84df4e433fb59
2026-09-08T23:01:28.8214742+00:00 Information System.Net.Http.HttpClient.MinecraftRuntimeManager.ClientHandler Sending HTTP request GET https://resources.download.minecraft.net/67/67a35cb0a87ef67f252330d7b5b84df4e433fb59
2026-09-08T23:01:29.0397873+00:00 Information System.Net.Http.HttpClient.MinecraftRuntimeManager.ClientHandler Received HTTP response headers after 217.8467ms - 200
2026-09-08T23:01:29.0401420+00:00 Information System.Net.Http.HttpClient.MinecraftRuntimeManager.LogicalHandler End processing HTTP request after 219.1221ms - 200
2026-09-08T23:01:29.0547947+00:00 Information System.Net.Http.HttpClient.MinecraftRuntimeManager.LogicalHandler Start processing HTTP request GET https://resources.download.minecraft.net/d7/d71243817c63f4c27af938ec8750cf84f0531b06
2026-09-08T23:01:29.0550896+00:00 Information System.Net.Http.HttpClient.MinecraftRuntimeManager.ClientHandler Sending HTTP request GET https://resources.download.minecraft.net/d7/d71243817c63f4c27af938ec8750cf84f0531b06
2026-09-08T23:01:29.2732555+00:00 Information System.Net.Http.HttpClient.MinecraftRuntimeManager.ClientHandler Received HTTP response headers after 217.751ms - 200
2026-09-08T23:01:29.2737800+00:00 Information System.Net.Http.HttpClient.MinecraftRuntimeManager.LogicalHandler End processing HTTP request after 218.9871ms - 200
2026-09-08T23:01:29.2835061+00:00 Information System.Net.Http.HttpClient.MinecraftRuntimeManager.LogicalHandler Start processing HTTP request GET https://resources.download.minecraft.net/f7/f7cd826d43ac13e7e84befb58a9ca42acef68402
2026-09-08T23:01:29.2838342+00:00 Information System.Net.Http.HttpClient.MinecraftRuntimeManager.ClientHandler Sending HTTP request GET https://resources.download.minecraft.net/f7/f7cd826d43ac13e7e84befb58a9ca42acef68402
2026-09-08T23:01:29.5023520+00:00 Information System.Net.Http.HttpClient.MinecraftRuntimeManager.ClientHandler Received HTTP response headers after 218.186ms - 200
2026-09-08T23:01:29.5030881+00:00 Information System.Net.Http.HttpClient.MinecraftRuntimeManager.LogicalHandler End processing HTTP request after 219.2927ms - 200
2026-09-08T23:01:29.5194075+00:00 Information System.Net.Http.HttpClient.MinecraftRuntimeManager.LogicalHandler Start processing HTTP request GET https://resources.download.minecraft.net/f0/f05f55328f2b98b3c7d881fcdef7e7964d8082fa
2026-09-08T23:01:29.5198816+00:00 Information System.Net.Http.HttpClient.MinecraftRuntimeManager.ClientHandler Sending HTTP request GET https://resources.download.minecraft.net/f0/f05f55328f2b98b3c7d881fcdef7e7964d8082fa
2026-09-08T23:01:29.7386587+00:00 Information System.Net.Http.HttpClient.MinecraftRuntimeManager.ClientHandler Received HTTP response headers after 218.3473ms - 200
2026-09-08T23:01:29.7390661+00:00 Information System.Net.Http.HttpClient.MinecraftRuntimeManager.LogicalHandler End processing HTTP request after 219.6476ms - 200
2026-09-08T23:01:29.7492727+00:00 Information System.Net.Http.HttpClient.MinecraftRuntimeManager.LogicalHandler Start processing HTTP request GET https://resources.download.minecraft.net/25/2568ad69e8c6b393bc64745ee825c4026a0cc06d
2026-09-08T23:01:29.7496509+00:00 Information System.Net.Http.HttpClient.MinecraftRuntimeManager.ClientHandler Sending HTTP request GET https://resources.download.minecraft.net/25/2568ad69e8c6b393bc64745ee825c4026a0cc06d
2026-09-08T23:01:29.9675733+00:00 Information System.Net.Http.HttpClient.MinecraftRuntimeManager.ClientHandler Received HTTP response headers after 217.5182ms - 200
2026-09-08T23:01:29.9678962+00:00 Information System.Net.Http.HttpClient.MinecraftRuntimeManager.LogicalHandler End processing HTTP request after 218.6969ms - 200
2026-09-08T23:01:29.9764525+00:00 Information System.Net.Http.HttpClient.MinecraftRuntimeManager.LogicalHandler Start processing HTTP request GET https://resources.download.minecraft.net/ca/ca7a734d03d0deaa89a9d7f786e5c827f62f442d
2026-09-08T23:01:29.9767715+00:00 Information System.Net.Http.HttpClient.MinecraftRuntimeManager.ClientHandler Sending HTTP request GET https://resources.download.minecraft.net/ca/ca7a734d03d0deaa89a9d7f786e5c827f62f442d
2026-09-08T23:01:30.1950857+00:00 Information System.Net.Http.HttpClient.MinecraftRuntimeManager.ClientHandler Received HTTP response headers after 217.836ms - 200
2026-09-08T23:01:30.1955823+00:00 Information System.Net.Http.HttpClient.MinecraftRuntimeManager.LogicalHandler End processing HTTP request after 219.1134ms - 200
2026-09-08T23:01:30.2063485+00:00 Information System.Net.Http.HttpClient.MinecraftRuntimeManager.LogicalHandler Start processing HTTP request GET https://resources.download.minecraft.net/be/bebfd40c216a3ad53a6d5b1b90b8ce1335b53310
2026-09-08T23:01:30.2066521+00:00 Information System.Net.Http.HttpClient.MinecraftRuntimeManager.ClientHandler Sending HTTP request GET https://resources.download.minecraft.net/be/bebfd40c216a3ad53a6d5b1b90b8ce1335b53310
2026-09-08T23:01:30.4260500+00:00 Information System.Net.Http.HttpClient.MinecraftRuntimeManager.ClientHandler Received HTTP response headers after 218.9917ms - 200
2026-09-08T23:01:30.4264788+00:00 Information System.Net.Http.HttpClient.MinecraftRuntimeManager.LogicalHandler End processing HTTP request after 220.1294ms - 200
2026-09-08T23:01:30.5956841+00:00 Information System.Net.Http.HttpClient.MinecraftRuntimeManager.LogicalHandler Start processing HTTP request GET https://resources.download.minecraft.net/d9/d9b6703a5dcaaa4c62358d4d7372f8314941e891
2026-09-08T23:01:30.5959527+00:00 Information System.Net.Http.HttpClient.MinecraftRuntimeManager.ClientHandler Sending HTTP request GET https://resources.download.minecraft.net/d9/d9b6703a5dcaaa4c62358d4d7372f8314941e891
2026-09-08T23:01:30.7842766+00:00 Information System.Net.Http.HttpClient.MinecraftRuntimeManager.ClientHandler Received HTTP response headers after 187.961ms - 200
2026-09-08T23:01:30.7847423+00:00 Information System.Net.Http.HttpClient.MinecraftRuntimeManager.LogicalHandler End processing HTTP request after 189.0714ms - 200
2026-09-08T23:01:30.7935113+00:00 Information System.Net.Http.HttpClient.MinecraftRuntimeManager.LogicalHandler Start processing HTTP request GET https://resources.download.minecraft.net/1b/1b256a2a6b360fd2f2858cf1a42c4ca4917a1de1
2026-09-08T23:01:30.7938343+00:00 Information System.Net.Http.HttpClient.MinecraftRuntimeManager.ClientHandler Sending HTTP request GET https://resources.download.minecraft.net/1b/1b256a2a6b360fd2f2858cf1a42c4ca4917a1de1
2026-09-08T23:01:30.9821324+00:00 Information System.Net.Http.HttpClient.MinecraftRuntimeManager.ClientHandler Received HTTP response headers after 187.8679ms - 200
2026-09-08T23:01:30.9825792+00:00 Information System.Net.Http.HttpClient.MinecraftRuntimeManager.LogicalHandler End processing HTTP request after 189.0889ms - 200
2026-09-08T23:01:30.9921870+00:00 Information System.Net.Http.HttpClient.MinecraftRuntimeManager.LogicalHandler Start processing HTTP request GET https://resources.download.minecraft.net/c9/c92f79879a1a8c2a5487bc29b87896297f4dccc4
2026-09-08T23:01:30.9925480+00:00 Information System.Net.Http.HttpClient.MinecraftRuntimeManager.ClientHandler Sending HTTP request GET https://resources.download.minecraft.net/c9/c92f79879a1a8c2a5487bc29b87896297f4dccc4
2026-09-08T23:01:31.1813095+00:00 Information System.Net.Http.HttpClient.MinecraftRuntimeManager.ClientHandler Received HTTP response headers after 188.2906ms - 200
2026-09-08T23:01:31.1818336+00:00 Information System.Net.Http.HttpClient.MinecraftRuntimeManager.LogicalHandler End processing HTTP request after 189.6768ms - 200
2026-09-08T23:01:31.2046141+00:00 Information System.Net.Http.HttpClient.MinecraftRuntimeManager.LogicalHandler Start processing HTTP request GET https://resources.download.minecraft.net/5f/5f3412ca2fe0141a412dfd66567aa13a26e89ec1
2026-09-08T23:01:31.2050112+00:00 Information System.Net.Http.HttpClient.MinecraftRuntimeManager.ClientHandler Sending HTTP request GET https://resources.download.minecraft.net/5f/5f3412ca2fe0141a412dfd66567aa13a26e89ec1
2026-09-08T23:01:31.3881006+00:00 Information System.Net.Http.HttpClient.MinecraftRuntimeManager.ClientHandler Received HTTP response headers after 182.7209ms - 200
2026-09-08T23:01:31.3884664+00:00 Information System.Net.Http.HttpClient.MinecraftRuntimeManager.LogicalHandler End processing HTTP request after 184.1082ms - 200
2026-09-08T23:01:31.3975544+00:00 Information System.Net.Http.HttpClient.MinecraftRuntimeManager.LogicalHandler Start processing HTTP request GET https://resources.download.minecraft.net/82/822b19d5b722fd689e60cfaa7c3ae39a3bdf701c
2026-09-08T23:01:31.3978422+00:00 Information System.Net.Http.HttpClient.MinecraftRuntimeManager.ClientHandler Sending HTTP request GET https://resources.download.minecraft.net/82/822b19d5b722fd689e60cfaa7c3ae39a3bdf701c
2026-09-08T23:01:31.5884665+00:00 Information System.Net.Http.HttpClient.MinecraftRuntimeManager.ClientHandler Received HTTP response headers after 190.2729ms - 200
2026-09-08T23:01:31.5890107+00:00 Information System.Net.Http.HttpClient.MinecraftRuntimeManager.LogicalHandler End processing HTTP request after 191.4574ms - 200
2026-09-08T23:01:31.5966061+00:00 Information System.Net.Http.HttpClient.MinecraftRuntimeManager.LogicalHandler Start processing HTTP request GET https://resources.download.minecraft.net/aa/aaebcc83934fb7919c7af934eefc5a586678e1b2
2026-09-08T23:01:31.5969053+00:00 Information System.Net.Http.HttpClient.MinecraftRuntimeManager.ClientHandler Sending HTTP request GET https://resources.download.minecraft.net/aa/aaebcc83934fb7919c7af934eefc5a586678e1b2
2026-09-08T23:01:31.7793099+00:00 Information System.Net.Http.HttpClient.MinecraftRuntimeManager.ClientHandler Received HTTP response headers after 181.7965ms - 200
2026-09-08T23:01:31.7798746+00:00 Information System.Net.Http.HttpClient.MinecraftRuntimeManager.LogicalHandler End processing HTTP request after 183.2872ms - 200
2026-09-08T23:01:31.7903809+00:00 Information System.Net.Http.HttpClient.MinecraftRuntimeManager.LogicalHandler Start processing HTTP request GET https://resources.download.minecraft.net/58/58d63232621aaa03e4d09598700561214e7c2477
2026-09-08T23:01:31.7907025+00:00 Information System.Net.Http.HttpClient.MinecraftRuntimeManager.ClientHandler Sending HTTP request GET https://resources.download.minecraft.net/58/58d63232621aaa03e4d09598700561214e7c2477
2026-09-08T23:01:31.9774304+00:00 Information System.Net.Http.HttpClient.MinecraftRuntimeManager.ClientHandler Received HTTP response headers after 186.347ms - 200
2026-09-08T23:01:31.9780520+00:00 Information System.Net.Http.HttpClient.MinecraftRuntimeManager.LogicalHandler End processing HTTP request after 187.6067ms - 200
2026-09-08T23:01:31.9885143+00:00 Information System.Net.Http.HttpClient.MinecraftRuntimeManager.LogicalHandler Start processing HTTP request GET https://resources.download.minecraft.net/fa/fa68bbdcbb68db8dea8604f3ae5caadb9ded0cbe
2026-09-08T23:01:31.9888798+00:00 Information System.Net.Http.HttpClient.MinecraftRuntimeManager.ClientHandler Sending HTTP request GET https://resources.download.minecraft.net/fa/fa68bbdcbb68db8dea8604f3ae5caadb9ded0cbe
2026-09-08T23:01:32.1692802+00:00 Information System.Net.Http.HttpClient.MinecraftRuntimeManager.ClientHandler Received HTTP response headers after 180.0128ms - 200
2026-09-08T23:01:32.1697991+00:00 Information System.Net.Http.HttpClient.MinecraftRuntimeManager.LogicalHandler End processing HTTP request after 181.2049ms - 200
2026-09-08T23:01:32.1792060+00:00 Information System.Net.Http.HttpClient.MinecraftRuntimeManager.LogicalHandler Start processing HTTP request GET https://resources.download.minecraft.net/83/836ae33bdfadbe5dcbe0696fe64c671beb4938fb
2026-09-08T23:01:32.1795662+00:00 Information System.Net.Http.HttpClient.MinecraftRuntimeManager.ClientHandler Sending HTTP request GET https://resources.download.minecraft.net/83/836ae33bdfadbe5dcbe0696fe64c671beb4938fb
2026-09-08T23:01:32.3644187+00:00 Information System.Net.Http.HttpClient.MinecraftRuntimeManager.ClientHandler Received HTTP response headers after 184.5308ms - 200
2026-09-08T23:01:32.3647960+00:00 Information System.Net.Http.HttpClient.MinecraftRuntimeManager.LogicalHandler End processing HTTP request after 185.6025ms - 200
2026-09-08T23:01:32.3754343+00:00 Information System.Net.Http.HttpClient.MinecraftRuntimeManager.LogicalHandler Start processing HTTP request GET https://resources.download.minecraft.net/11/11f7d6ffbd84861bf397adad3d3f3b7624a1cf8c
2026-09-08T23:01:32.3759042+00:00 Information System.Net.Http.HttpClient.MinecraftRuntimeManager.ClientHandler Sending HTTP request GET https://resources.download.minecraft.net/11/11f7d6ffbd84861bf397adad3d3f3b7624a1cf8c
2026-09-08T23:01:32.5666483+00:00 Information System.Net.Http.HttpClient.MinecraftRuntimeManager.ClientHandler Received HTTP response headers after 190.3309ms - 200
2026-09-08T23:01:32.5670549+00:00 Information System.Net.Http.HttpClient.MinecraftRuntimeManager.LogicalHandler End processing HTTP request after 191.7029ms - 200
2026-09-08T23:01:32.5920222+00:00 Information System.Net.Http.HttpClient.MinecraftRuntimeManager.LogicalHandler Start processing HTTP request GET https://resources.download.minecraft.net/2f/2f69bcdb9f7300dd855c86a8c3594267723acc8b
2026-09-08T23:01:32.5923945+00:00 Information System.Net.Http.HttpClient.MinecraftRuntimeManager.ClientHandler Sending HTTP request GET https://resources.download.minecraft.net/2f/2f69bcdb9f7300dd855c86a8c3594267723acc8b
2026-09-08T23:01:32.7843073+00:00 Information System.Net.Http.HttpClient.MinecraftRuntimeManager.ClientHandler Received HTTP response headers after 191.5833ms - 200
2026-09-08T23:01:32.7847809+00:00 Information System.Net.Http.HttpClient.MinecraftRuntimeManager.LogicalHandler End processing HTTP request after 192.6856ms - 200
2026-09-08T23:01:32.8051236+00:00 Information System.Net.Http.HttpClient.MinecraftRuntimeManager.LogicalHandler Start processing HTTP request GET https://resources.download.minecraft.net/8e/8e1b990f1904fee612f096217e4c1f5e070da4eb
2026-09-08T23:01:32.8054202+00:00 Information System.Net.Http.HttpClient.MinecraftRuntimeManager.ClientHandler Sending HTTP request GET https://resources.download.minecraft.net/8e/8e1b990f1904fee612f096217e4c1f5e070da4eb
2026-09-08T23:01:32.9975822+00:00 Information System.Net.Http.HttpClient.MinecraftRuntimeManager.ClientHandler Received HTTP response headers after 191.6695ms - 200
2026-09-08T23:01:32.9980064+00:00 Information System.Net.Http.HttpClient.MinecraftRuntimeManager.LogicalHandler End processing HTTP request after 192.9075ms - 200
2026-09-08T23:01:33.0100897+00:00 Information System.Net.Http.HttpClient.MinecraftRuntimeManager.LogicalHandler Start processing HTTP request GET https://resources.download.minecraft.net/bf/bfe463d86f6dd29972a8b144d327ca0ac893a3ac
2026-09-08T23:01:33.0103946+00:00 Information System.Net.Http.HttpClient.MinecraftRuntimeManager.ClientHandler Sending HTTP request GET https://resources.download.minecraft.net/bf/bfe463d86f6dd29972a8b144d327ca0ac893a3ac
2026-09-08T23:01:33.2018811+00:00 Information System.Net.Http.HttpClient.MinecraftRuntimeManager.ClientHandler Received HTTP response headers after 190.9478ms - 200
2026-09-08T23:01:33.2024874+00:00 Information System.Net.Http.HttpClient.MinecraftRuntimeManager.LogicalHandler End processing HTTP request after 192.3572ms - 200
2026-09-08T23:01:33.2131170+00:00 Information System.Net.Http.HttpClient.MinecraftRuntimeManager.LogicalHandler Start processing HTTP request GET https://resources.download.minecraft.net/18/1845bd4c5ab4480491f9fe24494db55d417c76ba
2026-09-08T23:01:33.2134962+00:00 Information System.Net.Http.HttpClient.MinecraftRuntimeManager.ClientHandler Sending HTTP request GET https://resources.download.minecraft.net/18/1845bd4c5ab4480491f9fe24494db55d417c76ba
2026-09-08T23:01:33.4049487+00:00 Information System.Net.Http.HttpClient.MinecraftRuntimeManager.ClientHandler Received HTTP response headers after 191.0693ms - 200
2026-09-08T23:01:33.4054159+00:00 Information System.Net.Http.HttpClient.MinecraftRuntimeManager.LogicalHandler End processing HTTP request after 192.3181ms - 200
2026-09-08T23:01:33.4159633+00:00 Information System.Net.Http.HttpClient.MinecraftRuntimeManager.LogicalHandler Start processing HTTP request GET https://resources.download.minecraft.net/43/430b0fd6b24e24f70909c29a9ae6aca527046d0e
2026-09-08T23:01:33.4163162+00:00 Information System.Net.Http.HttpClient.MinecraftRuntimeManager.ClientHandler Sending HTTP request GET https://resources.download.minecraft.net/43/430b0fd6b24e24f70909c29a9ae6aca527046d0e
2026-09-08T23:01:33.6071207+00:00 Information System.Net.Http.HttpClient.MinecraftRuntimeManager.ClientHandler Received HTTP response headers after 190.3974ms - 200
2026-09-08T23:01:33.6076563+00:00 Information System.Net.Http.HttpClient.MinecraftRuntimeManager.LogicalHandler End processing HTTP request after 191.6457ms - 200
2026-09-08T23:01:33.6171715+00:00 Information System.Net.Http.HttpClient.MinecraftRuntimeManager.LogicalHandler Start processing HTTP request GET https://resources.download.minecraft.net/9b/9b5c92c9b0ca3b03f80f7efbd2c46213321efa36
2026-09-08T23:01:33.6175673+00:00 Information System.Net.Http.HttpClient.MinecraftRuntimeManager.ClientHandler Sending HTTP request GET https://resources.download.minecraft.net/9b/9b5c92c9b0ca3b03f80f7efbd2c46213321efa36
2026-09-08T23:01:33.8091923+00:00 Information System.Net.Http.HttpClient.MinecraftRuntimeManager.ClientHandler Received HTTP response headers after 191.1033ms - 200
2026-09-08T23:01:33.8096772+00:00 Information System.Net.Http.HttpClient.MinecraftRuntimeManager.LogicalHandler End processing HTTP request after 192.4684ms - 200
2026-09-08T23:01:33.8210321+00:00 Information System.Net.Http.HttpClient.MinecraftRuntimeManager.LogicalHandler Start processing HTTP request GET https://resources.download.minecraft.net/12/1286d05154a5d88618d2292e87a01a6b71168b95
2026-09-08T23:01:33.8214738+00:00 Information System.Net.Http.HttpClient.MinecraftRuntimeManager.ClientHandler Sending HTTP request GET https://resources.download.minecraft.net/12/1286d05154a5d88618d2292e87a01a6b71168b95
2026-09-08T23:01:34.0128395+00:00 Information System.Net.Http.HttpClient.MinecraftRuntimeManager.ClientHandler Received HTTP response headers after 190.8794ms - 200
2026-09-08T23:01:34.0134327+00:00 Information System.Net.Http.HttpClient.MinecraftRuntimeManager.LogicalHandler End processing HTTP request after 192.3899ms - 200
2026-09-08T23:01:34.0273890+00:00 Information System.Net.Http.HttpClient.MinecraftRuntimeManager.LogicalHandler Start processing HTTP request GET https://resources.download.minecraft.net/ba/bac57ca820424c8ebb826d27715623881238cebf
2026-09-08T23:01:34.0278839+00:00 Information System.Net.Http.HttpClient.MinecraftRuntimeManager.ClientHandler Sending HTTP request GET https://resources.download.minecraft.net/ba/bac57ca820424c8ebb826d27715623881238cebf
2026-09-08T23:01:34.2192173+00:00 Information System.Net.Http.HttpClient.MinecraftRuntimeManager.ClientHandler Received HTTP response headers after 190.9261ms - 200
2026-09-08T23:01:34.2199795+00:00 Information System.Net.Http.HttpClient.MinecraftRuntimeManager.LogicalHandler End processing HTTP request after 192.5195ms - 200
2026-09-08T23:01:34.2368398+00:00 Information System.Net.Http.HttpClient.MinecraftRuntimeManager.LogicalHandler Start processing HTTP request GET https://resources.download.minecraft.net/d9/d967189ef57afdba292b05ba6eca9708330fd068
2026-09-08T23:01:34.2372511+00:00 Information System.Net.Http.HttpClient.MinecraftRuntimeManager.ClientHandler Sending HTTP request GET https://resources.download.minecraft.net/d9/d967189ef57afdba292b05ba6eca9708330fd068
2026-09-08T23:01:34.4230902+00:00 Information System.Net.Http.HttpClient.MinecraftRuntimeManager.ClientHandler Received HTTP response headers after 185.427ms - 200
2026-09-08T23:01:34.4236391+00:00 Information System.Net.Http.HttpClient.MinecraftRuntimeManager.LogicalHandler End processing HTTP request after 186.802ms - 200
2026-09-08T23:01:34.4340376+00:00 Information System.Net.Http.HttpClient.MinecraftRuntimeManager.LogicalHandler Start processing HTTP request GET https://resources.download.minecraft.net/72/72138e7b530ec5eed0f16d7cc97014262826ee6f
2026-09-08T23:01:34.4344363+00:00 Information System.Net.Http.HttpClient.MinecraftRuntimeManager.ClientHandler Sending HTTP request GET https://resources.download.minecraft.net/72/72138e7b530ec5eed0f16d7cc97014262826ee6f
2026-09-08T23:01:34.6231825+00:00 Information System.Net.Http.HttpClient.MinecraftRuntimeManager.ClientHandler Received HTTP response headers after 188.3311ms - 200
2026-09-08T23:01:34.6236455+00:00 Information System.Net.Http.HttpClient.MinecraftRuntimeManager.LogicalHandler End processing HTTP request after 189.6188ms - 200
2026-09-08T23:01:34.6322959+00:00 Information System.Net.Http.HttpClient.MinecraftRuntimeManager.LogicalHandler Start processing HTTP request GET https://resources.download.minecraft.net/6d/6dd5562201816d4735f81968ec75bca8c43c86b5
2026-09-08T23:01:34.6327272+00:00 Information System.Net.Http.HttpClient.MinecraftRuntimeManager.ClientHandler Sending HTTP request GET https://resources.download.minecraft.net/6d/6dd5562201816d4735f81968ec75bca8c43c86b5
2026-09-08T23:01:34.8244871+00:00 Information System.Net.Http.HttpClient.MinecraftRuntimeManager.ClientHandler Received HTTP response headers after 191.3561ms - 200
2026-09-08T23:01:34.8250732+00:00 Information System.Net.Http.HttpClient.MinecraftRuntimeManager.LogicalHandler End processing HTTP request after 192.8078ms - 200
2026-09-08T23:01:34.8363499+00:00 Information System.Net.Http.HttpClient.MinecraftRuntimeManager.LogicalHandler Start processing HTTP request GET https://resources.download.minecraft.net/2e/2e08047f23c6641665eb41b16fb5111ee611673a
2026-09-08T23:01:34.8366932+00:00 Information System.Net.Http.HttpClient.MinecraftRuntimeManager.ClientHandler Sending HTTP request GET https://resources.download.minecraft.net/2e/2e08047f23c6641665eb41b16fb5111ee611673a
2026-09-08T23:01:35.0276113+00:00 Information System.Net.Http.HttpClient.MinecraftRuntimeManager.ClientHandler Received HTTP response headers after 190.4047ms - 200
2026-09-08T23:01:35.0283091+00:00 Information System.Net.Http.HttpClient.MinecraftRuntimeManager.LogicalHandler End processing HTTP request after 191.9611ms - 200
2026-09-08T23:01:35.0418739+00:00 Information System.Net.Http.HttpClient.MinecraftRuntimeManager.LogicalHandler Start processing HTTP request GET https://resources.download.minecraft.net/ce/ce9affbee84d72633f64e260c1f2b14e5a35401e
2026-09-08T23:01:35.0422831+00:00 Information System.Net.Http.HttpClient.MinecraftRuntimeManager.ClientHandler Sending HTTP request GET https://resources.download.minecraft.net/ce/ce9affbee84d72633f64e260c1f2b14e5a35401e
2026-09-08T23:01:35.2339612+00:00 Information System.Net.Http.HttpClient.MinecraftRuntimeManager.ClientHandler Received HTTP response headers after 191.0646ms - 200
2026-09-08T23:01:35.2343938+00:00 Information System.Net.Http.HttpClient.MinecraftRuntimeManager.LogicalHandler End processing HTTP request after 192.655ms - 200
2026-09-08T23:01:35.2457771+00:00 Information System.Net.Http.HttpClient.MinecraftRuntimeManager.LogicalHandler Start processing HTTP request GET https://resources.download.minecraft.net/e7/e76951850898bde187cb14f0704e1a11c248a729
2026-09-08T23:01:35.2461908+00:00 Information System.Net.Http.HttpClient.MinecraftRuntimeManager.ClientHandler Sending HTTP request GET https://resources.download.minecraft.net/e7/e76951850898bde187cb14f0704e1a11c248a729
2026-09-08T23:01:35.4375847+00:00 Information System.Net.Http.HttpClient.MinecraftRuntimeManager.ClientHandler Received HTTP response headers after 190.8082ms - 200
2026-09-08T23:01:35.4382124+00:00 Information System.Net.Http.HttpClient.MinecraftRuntimeManager.LogicalHandler End processing HTTP request after 192.4559ms - 200
2026-09-08T23:01:35.4524030+00:00 Information System.Net.Http.HttpClient.MinecraftRuntimeManager.LogicalHandler Start processing HTTP request GET https://resources.download.minecraft.net/17/179538f0a9e872a27cb0411632ddbdfec342762e
2026-09-08T23:01:35.4527667+00:00 Information System.Net.Http.HttpClient.MinecraftRuntimeManager.ClientHandler Sending HTTP request GET https://resources.download.minecraft.net/17/179538f0a9e872a27cb0411632ddbdfec342762e
2026-09-08T23:01:35.6440049+00:00 Information System.Net.Http.HttpClient.MinecraftRuntimeManager.ClientHandler Received HTTP response headers after 190.779ms - 200
2026-09-08T23:01:35.6445316+00:00 Information System.Net.Http.HttpClient.MinecraftRuntimeManager.LogicalHandler End processing HTTP request after 192.1717ms - 200
2026-09-08T23:01:35.6552392+00:00 Information System.Net.Http.HttpClient.MinecraftRuntimeManager.LogicalHandler Start processing HTTP request GET https://resources.download.minecraft.net/28/28d157bd318706129f8f5a4446547832a96f2046
2026-09-08T23:01:35.6556098+00:00 Information System.Net.Http.HttpClient.MinecraftRuntimeManager.ClientHandler Sending HTTP request GET https://resources.download.minecraft.net/28/28d157bd318706129f8f5a4446547832a96f2046
2026-09-08T23:01:35.8509869+00:00 Information System.Net.Http.HttpClient.MinecraftRuntimeManager.ClientHandler Received HTTP response headers after 194.9641ms - 200
2026-09-08T23:01:35.8514433+00:00 Information System.Net.Http.HttpClient.MinecraftRuntimeManager.LogicalHandler End processing HTTP request after 196.1856ms - 200
2026-09-08T23:01:35.8707419+00:00 Information System.Net.Http.HttpClient.MinecraftRuntimeManager.LogicalHandler Start processing HTTP request GET https://resources.download.minecraft.net/3e/3e6b649b3dcc7ecf760e70d15e2c7e593ffb1466
2026-09-08T23:01:35.8711840+00:00 Information System.Net.Http.HttpClient.MinecraftRuntimeManager.ClientHandler Sending HTTP request GET https://resources.download.minecraft.net/3e/3e6b649b3dcc7ecf760e70d15e2c7e593ffb1466
2026-09-08T23:01:36.0626886+00:00 Information System.Net.Http.HttpClient.MinecraftRuntimeManager.ClientHandler Received HTTP response headers after 190.9737ms - 200
2026-09-08T23:01:36.0633451+00:00 Information System.Net.Http.HttpClient.MinecraftRuntimeManager.LogicalHandler End processing HTTP request after 192.5322ms - 200
2026-09-08T23:01:36.0778122+00:00 Information System.Net.Http.HttpClient.MinecraftRuntimeManager.LogicalHandler Start processing HTTP request GET https://resources.download.minecraft.net/e9/e9d3b6acfe8a52ebdccec654159ca7892718e863
2026-09-08T23:01:36.0781082+00:00 Information System.Net.Http.HttpClient.MinecraftRuntimeManager.ClientHandler Sending HTTP request GET https://resources.download.minecraft.net/e9/e9d3b6acfe8a52ebdccec654159ca7892718e863
2026-09-08T23:01:36.2689584+00:00 Information System.Net.Http.HttpClient.MinecraftRuntimeManager.ClientHandler Received HTTP response headers after 190.4682ms - 200
2026-09-08T23:01:36.2695654+00:00 Information System.Net.Http.HttpClient.MinecraftRuntimeManager.LogicalHandler End processing HTTP request after 191.7233ms - 200
2026-09-08T23:01:36.2904271+00:00 Information System.Net.Http.HttpClient.MinecraftRuntimeManager.LogicalHandler Start processing HTTP request GET https://resources.download.minecraft.net/1d/1d0b8c47a543021dabbd461f5bfca9d22f28b48a
2026-09-08T23:01:36.2909189+00:00 Information System.Net.Http.HttpClient.MinecraftRuntimeManager.ClientHandler Sending HTTP request GET https://resources.download.minecraft.net/1d/1d0b8c47a543021dabbd461f5bfca9d22f28b48a
2026-09-08T23:01:36.4806379+00:00 Information System.Net.Http.HttpClient.MinecraftRuntimeManager.ClientHandler Received HTTP response headers after 189.225ms - 200
2026-09-08T23:01:36.4811494+00:00 Information System.Net.Http.HttpClient.MinecraftRuntimeManager.LogicalHandler End processing HTTP request after 190.7942ms - 200
2026-09-08T23:01:36.5056034+00:00 Information System.Net.Http.HttpClient.MinecraftRuntimeManager.LogicalHandler Start processing HTTP request GET https://resources.download.minecraft.net/14/14b3534e2622470a71dbe69474c15e6a233cc1c6
2026-09-08T23:01:36.5059645+00:00 Information System.Net.Http.HttpClient.MinecraftRuntimeManager.ClientHandler Sending HTTP request GET https://resources.download.minecraft.net/14/14b3534e2622470a71dbe69474c15e6a233cc1c6
2026-09-08T23:01:36.6968399+00:00 Information System.Net.Http.HttpClient.MinecraftRuntimeManager.ClientHandler Received HTTP response headers after 190.4579ms - 200
2026-09-08T23:01:36.6973079+00:00 Information System.Net.Http.HttpClient.MinecraftRuntimeManager.LogicalHandler End processing HTTP request after 191.7556ms - 200
2026-09-08T23:01:36.7149849+00:00 Information System.Net.Http.HttpClient.MinecraftRuntimeManager.LogicalHandler Start processing HTTP request GET https://resources.download.minecraft.net/da/dae00db9e74a0b0567aec2a5aa6e5ca57d667220
2026-09-08T23:01:36.7154874+00:00 Information System.Net.Http.HttpClient.MinecraftRuntimeManager.ClientHandler Sending HTTP request GET https://resources.download.minecraft.net/da/dae00db9e74a0b0567aec2a5aa6e5ca57d667220
2026-09-08T23:01:36.9024865+00:00 Information System.Net.Http.HttpClient.MinecraftRuntimeManager.ClientHandler Received HTTP response headers after 186.5627ms - 200
2026-09-08T23:01:36.9029646+00:00 Information System.Net.Http.HttpClient.MinecraftRuntimeManager.LogicalHandler End processing HTTP request after 188.0103ms - 200
2026-09-08T23:01:36.9117457+00:00 Information System.Net.Http.HttpClient.MinecraftRuntimeManager.LogicalHandler Start processing HTTP request GET https://resources.download.minecraft.net/07/07d69fd16161ba727b9db53dd73a673f7c36cf49
2026-09-08T23:01:36.9121608+00:00 Information System.Net.Http.HttpClient.MinecraftRuntimeManager.ClientHandler Sending HTTP request GET https://resources.download.minecraft.net/07/07d69fd16161ba727b9db53dd73a673f7c36cf49
2026-09-08T23:01:37.1023127+00:00 Information System.Net.Http.HttpClient.MinecraftRuntimeManager.ClientHandler Received HTTP response headers after 189.6853ms - 200
2026-09-08T23:01:37.1026485+00:00 Information System.Net.Http.HttpClient.MinecraftRuntimeManager.LogicalHandler End processing HTTP request after 190.9624ms - 200
2026-09-08T23:01:37.1112775+00:00 Information System.Net.Http.HttpClient.MinecraftRuntimeManager.LogicalHandler Start processing HTTP request GET https://resources.download.minecraft.net/fb/fb203a602f2538bf8339d703d00528d024164b5f
2026-09-08T23:01:37.1116614+00:00 Information System.Net.Http.HttpClient.MinecraftRuntimeManager.ClientHandler Sending HTTP request GET https://resources.download.minecraft.net/fb/fb203a602f2538bf8339d703d00528d024164b5f
2026-09-08T23:01:37.2987184+00:00 Information System.Net.Http.HttpClient.MinecraftRuntimeManager.ClientHandler Received HTTP response headers after 186.551ms - 200
2026-09-08T23:01:37.2992430+00:00 Information System.Net.Http.HttpClient.MinecraftRuntimeManager.LogicalHandler End processing HTTP request after 187.9976ms - 200
2026-09-08T23:01:37.3105102+00:00 Information System.Net.Http.HttpClient.MinecraftRuntimeManager.LogicalHandler Start processing HTTP request GET https://resources.download.minecraft.net/ec/ecfa9343b869d666293d1dbd1ef2f7b9d361c61e
2026-09-08T23:01:37.3110402+00:00 Information System.Net.Http.HttpClient.MinecraftRuntimeManager.ClientHandler Sending HTTP request GET https://resources.download.minecraft.net/ec/ecfa9343b869d666293d1dbd1ef2f7b9d361c61e
2026-09-08T23:01:37.4983140+00:00 Information System.Net.Http.HttpClient.MinecraftRuntimeManager.ClientHandler Received HTTP response headers after 186.7439ms - 200
2026-09-08T23:01:37.4987431+00:00 Information System.Net.Http.HttpClient.MinecraftRuntimeManager.LogicalHandler End processing HTTP request after 188.3209ms - 200
2026-09-08T23:01:37.5078159+00:00 Information System.Net.Http.HttpClient.MinecraftRuntimeManager.LogicalHandler Start processing HTTP request GET https://resources.download.minecraft.net/69/6954ed2feebfe170e0d4cc3bd29d407d4906f41c
2026-09-08T23:01:37.5082411+00:00 Information System.Net.Http.HttpClient.MinecraftRuntimeManager.ClientHandler Sending HTTP request GET https://resources.download.minecraft.net/69/6954ed2feebfe170e0d4cc3bd29d407d4906f41c
2026-09-08T23:01:37.6949812+00:00 Information System.Net.Http.HttpClient.MinecraftRuntimeManager.ClientHandler Received HTTP response headers after 186.1691ms - 200
2026-09-08T23:01:37.6955634+00:00 Information System.Net.Http.HttpClient.MinecraftRuntimeManager.LogicalHandler End processing HTTP request after 187.8201ms - 200
2026-09-08T23:01:37.7067595+00:00 Information System.Net.Http.HttpClient.MinecraftRuntimeManager.LogicalHandler Start processing HTTP request GET https://resources.download.minecraft.net/a0/a0e69029a96015bb9d463c837fcfc805187370cc
2026-09-08T23:01:37.7071070+00:00 Information System.Net.Http.HttpClient.MinecraftRuntimeManager.ClientHandler Sending HTTP request GET https://resources.download.minecraft.net/a0/a0e69029a96015bb9d463c837fcfc805187370cc
2026-09-08T23:01:37.8909869+00:00 Information System.Net.Http.HttpClient.MinecraftRuntimeManager.ClientHandler Received HTTP response headers after 183.5006ms - 200
2026-09-08T23:01:37.8914327+00:00 Information System.Net.Http.HttpClient.MinecraftRuntimeManager.LogicalHandler End processing HTTP request after 184.7061ms - 200
2026-09-08T23:01:37.9020987+00:00 Information System.Net.Http.HttpClient.MinecraftRuntimeManager.LogicalHandler Start processing HTTP request GET https://resources.download.minecraft.net/90/90a6433a85b390815ce398fb7c2e0357da0995b3
2026-09-08T23:01:37.9024715+00:00 Information System.Net.Http.HttpClient.MinecraftRuntimeManager.ClientHandler Sending HTTP request GET https://resources.download.minecraft.net/90/90a6433a85b390815ce398fb7c2e0357da0995b3
2026-09-08T23:01:38.0947073+00:00 Information System.Net.Http.HttpClient.MinecraftRuntimeManager.ClientHandler Received HTTP response headers after 191.7453ms - 200
2026-09-08T23:01:38.0952247+00:00 Information System.Net.Http.HttpClient.MinecraftRuntimeManager.LogicalHandler End processing HTTP request after 193.1725ms - 200
2026-09-08T23:01:38.1122711+00:00 Information System.Net.Http.HttpClient.MinecraftRuntimeManager.LogicalHandler Start processing HTTP request GET https://resources.download.minecraft.net/cf/cf0595fead62270921d17cfcfc7d0aec691d28de
2026-09-08T23:01:38.1128075+00:00 Information System.Net.Http.HttpClient.MinecraftRuntimeManager.ClientHandler Sending HTTP request GET https://resources.download.minecraft.net/cf/cf0595fead62270921d17cfcfc7d0aec691d28de
2026-09-08T23:01:38.3067647+00:00 Information System.Net.Http.HttpClient.MinecraftRuntimeManager.ClientHandler Received HTTP response headers after 193.4602ms - 200
2026-09-08T23:01:38.3074186+00:00 Information System.Net.Http.HttpClient.MinecraftRuntimeManager.LogicalHandler End processing HTTP request after 195.1994ms - 200
2026-09-08T23:01:38.3191404+00:00 Information System.Net.Http.HttpClient.MinecraftRuntimeManager.LogicalHandler Start processing HTTP request GET https://resources.download.minecraft.net/ce/ce5aa03b39ac55500f53835c10e19eacea37c558
2026-09-08T23:01:38.3197672+00:00 Information System.Net.Http.HttpClient.MinecraftRuntimeManager.ClientHandler Sending HTTP request GET https://resources.download.minecraft.net/ce/ce5aa03b39ac55500f53835c10e19eacea37c558
2026-09-08T23:01:38.5112666+00:00 Information System.Net.Http.HttpClient.MinecraftRuntimeManager.ClientHandler Received HTTP response headers after 190.9329ms - 200
2026-09-08T23:01:38.5116909+00:00 Information System.Net.Http.HttpClient.MinecraftRuntimeManager.LogicalHandler End processing HTTP request after 192.584ms - 200
2026-09-08T23:01:38.5270654+00:00 Information System.Net.Http.HttpClient.MinecraftRuntimeManager.LogicalHandler Start processing HTTP request GET https://resources.download.minecraft.net/60/60d91559b2055b9e6774e023d18ea94f4804f499
2026-09-08T23:01:38.5274285+00:00 Information System.Net.Http.HttpClient.MinecraftRuntimeManager.ClientHandler Sending HTTP request GET https://resources.download.minecraft.net/60/60d91559b2055b9e6774e023d18ea94f4804f499
2026-09-08T23:01:38.7185765+00:00 Information System.Net.Http.HttpClient.MinecraftRuntimeManager.ClientHandler Received HTTP response headers after 190.6904ms - 200
2026-09-08T23:01:38.7189154+00:00 Information System.Net.Http.HttpClient.MinecraftRuntimeManager.LogicalHandler End processing HTTP request after 191.9304ms - 200
2026-09-08T23:01:38.7344373+00:00 Information System.Net.Http.HttpClient.MinecraftRuntimeManager.LogicalHandler Start processing HTTP request GET https://resources.download.minecraft.net/9a/9a65f104759569dace94244b6b3490987fabd6cf
2026-09-08T23:01:38.7347742+00:00 Information System.Net.Http.HttpClient.MinecraftRuntimeManager.ClientHandler Sending HTTP request GET https://resources.download.minecraft.net/9a/9a65f104759569dace94244b6b3490987fabd6cf
2026-09-08T23:01:38.9259368+00:00 Information System.Net.Http.HttpClient.MinecraftRuntimeManager.ClientHandler Received HTTP response headers after 190.6316ms - 200
2026-09-08T23:01:38.9264126+00:00 Information System.Net.Http.HttpClient.MinecraftRuntimeManager.LogicalHandler End processing HTTP request after 191.9482ms - 200
2026-09-08T23:01:38.9422579+00:00 Information System.Net.Http.HttpClient.MinecraftRuntimeManager.LogicalHandler Start processing HTTP request GET https://resources.download.minecraft.net/1d/1dee4c0f888064c6f403fcc545c3f001f6b8ac86
2026-09-08T23:01:38.9427231+00:00 Information System.Net.Http.HttpClient.MinecraftRuntimeManager.ClientHandler Sending HTTP request GET https://resources.download.minecraft.net/1d/1dee4c0f888064c6f403fcc545c3f001f6b8ac86
2026-09-08T23:01:39.1359941+00:00 Information System.Net.Http.HttpClient.MinecraftRuntimeManager.ClientHandler Received HTTP response headers after 192.6511ms - 200
2026-09-08T23:01:39.1365533+00:00 Information System.Net.Http.HttpClient.MinecraftRuntimeManager.LogicalHandler End processing HTTP request after 194.286ms - 200
2026-09-08T23:01:39.1532296+00:00 Information System.Net.Http.HttpClient.MinecraftRuntimeManager.LogicalHandler Start processing HTTP request GET https://resources.download.minecraft.net/c2/c27a5dfd1f85834d0238273dfc7227b85776afc8
2026-09-08T23:01:39.1537078+00:00 Information System.Net.Http.HttpClient.MinecraftRuntimeManager.ClientHandler Sending HTTP request GET https://resources.download.minecraft.net/c2/c27a5dfd1f85834d0238273dfc7227b85776afc8
2026-09-08T23:01:39.3442044+00:00 Information System.Net.Http.HttpClient.MinecraftRuntimeManager.ClientHandler Received HTTP response headers after 190.0654ms - 200
2026-09-08T23:01:39.3446504+00:00 Information System.Net.Http.HttpClient.MinecraftRuntimeManager.LogicalHandler End processing HTTP request after 191.5233ms - 200
2026-09-08T23:01:39.3631855+00:00 Information System.Net.Http.HttpClient.MinecraftRuntimeManager.LogicalHandler Start processing HTTP request GET https://resources.download.minecraft.net/8e/8e00fe4a121211c668eed96c0c45bef4e1ae2978
2026-09-08T23:01:39.3635561+00:00 Information System.Net.Http.HttpClient.MinecraftRuntimeManager.ClientHandler Sending HTTP request GET https://resources.download.minecraft.net/8e/8e00fe4a121211c668eed96c0c45bef4e1ae2978
2026-09-08T23:01:39.5531138+00:00 Information System.Net.Http.HttpClient.MinecraftRuntimeManager.ClientHandler Received HTTP response headers after 189.1798ms - 200
2026-09-08T23:01:39.5535672+00:00 Information System.Net.Http.HttpClient.MinecraftRuntimeManager.LogicalHandler End processing HTTP request after 190.3964ms - 200
2026-09-08T23:01:39.5732430+00:00 Information System.Net.Http.HttpClient.MinecraftRuntimeManager.LogicalHandler Start processing HTTP request GET https://resources.download.minecraft.net/83/83221aea5f4c54dc13907d85a8330c02da933a10
2026-09-08T23:01:39.5736297+00:00 Information System.Net.Http.HttpClient.MinecraftRuntimeManager.ClientHandler Sending HTTP request GET https://resources.download.minecraft.net/83/83221aea5f4c54dc13907d85a8330c02da933a10
2026-09-08T23:01:39.7678432+00:00 Information System.Net.Http.HttpClient.MinecraftRuntimeManager.ClientHandler Received HTTP response headers after 193.7427ms - 200
2026-09-08T23:01:39.7681931+00:00 Information System.Net.Http.HttpClient.MinecraftRuntimeManager.LogicalHandler End processing HTTP request after 195.0304ms - 200
2026-09-08T23:01:39.7813148+00:00 Information System.Net.Http.HttpClient.MinecraftRuntimeManager.LogicalHandler Start processing HTTP request GET https://resources.download.minecraft.net/73/739dc564cf6d0ff909542293cd5754d4aa52bf2c
2026-09-08T23:01:39.7816585+00:00 Information System.Net.Http.HttpClient.MinecraftRuntimeManager.ClientHandler Sending HTTP request GET https://resources.download.minecraft.net/73/739dc564cf6d0ff909542293cd5754d4aa52bf2c
2026-09-08T23:01:39.9726673+00:00 Information System.Net.Http.HttpClient.MinecraftRuntimeManager.ClientHandler Received HTTP response headers after 190.4832ms - 200
2026-09-08T23:01:39.9732016+00:00 Information System.Net.Http.HttpClient.MinecraftRuntimeManager.LogicalHandler End processing HTTP request after 191.8832ms - 200
2026-09-08T23:01:39.9857237+00:00 Information System.Net.Http.HttpClient.MinecraftRuntimeManager.LogicalHandler Start processing HTTP request GET https://resources.download.minecraft.net/42/42a25a79668f99c697be57c0353c9e82fc7a5842
2026-09-08T23:01:39.9865527+00:00 Information System.Net.Http.HttpClient.MinecraftRuntimeManager.ClientHandler Sending HTTP request GET https://resources.download.minecraft.net/42/42a25a79668f99c697be57c0353c9e82fc7a5842
2026-09-08T23:01:40.1777107+00:00 Information System.Net.Http.HttpClient.MinecraftRuntimeManager.ClientHandler Received HTTP response headers after 190.6137ms - 200
2026-09-08T23:01:40.1781963+00:00 Information System.Net.Http.HttpClient.MinecraftRuntimeManager.LogicalHandler End processing HTTP request after 192.4021ms - 200
2026-09-08T23:01:40.1953936+00:00 Information System.Net.Http.HttpClient.MinecraftRuntimeManager.LogicalHandler Start processing HTTP request GET https://resources.download.minecraft.net/03/035df7547acd8451e76b4f26fc01db3baeb6d006
2026-09-08T23:01:40.1957038+00:00 Information System.Net.Http.HttpClient.MinecraftRuntimeManager.ClientHandler Sending HTTP request GET https://resources.download.minecraft.net/03/035df7547acd8451e76b4f26fc01db3baeb6d006
2026-09-08T23:01:40.3879606+00:00 Information System.Net.Http.HttpClient.MinecraftRuntimeManager.ClientHandler Received HTTP response headers after 191.9032ms - 200
2026-09-08T23:01:40.3883998+00:00 Information System.Net.Http.HttpClient.MinecraftRuntimeManager.LogicalHandler End processing HTTP request after 193.0124ms - 200
2026-09-08T23:01:40.4021006+00:00 Information System.Net.Http.HttpClient.MinecraftRuntimeManager.LogicalHandler Start processing HTTP request GET https://resources.download.minecraft.net/2c/2cf5f1639e8e3bdca4977dd0e46ac0d7cab42ecf
2026-09-08T23:01:40.4026208+00:00 Information System.Net.Http.HttpClient.MinecraftRuntimeManager.ClientHandler Sending HTTP request GET https://resources.download.minecraft.net/2c/2cf5f1639e8e3bdca4977dd0e46ac0d7cab42ecf
2026-09-08T23:01:40.5942870+00:00 Information System.Net.Http.HttpClient.MinecraftRuntimeManager.ClientHandler Received HTTP response headers after 191.0157ms - 200
2026-09-08T23:01:40.5947695+00:00 Information System.Net.Http.HttpClient.MinecraftRuntimeManager.LogicalHandler End processing HTTP request after 192.7441ms - 200
2026-09-08T23:01:40.6163287+00:00 Information System.Net.Http.HttpClient.MinecraftRuntimeManager.LogicalHandler Start processing HTTP request GET https://resources.download.minecraft.net/9b/9b665e99a4ae8eb6e3334f3750eda8a2485e798f
2026-09-08T23:01:40.6166350+00:00 Information System.Net.Http.HttpClient.MinecraftRuntimeManager.ClientHandler Sending HTTP request GET https://resources.download.minecraft.net/9b/9b665e99a4ae8eb6e3334f3750eda8a2485e798f
2026-09-08T23:01:40.8069770+00:00 Information System.Net.Http.HttpClient.MinecraftRuntimeManager.ClientHandler Received HTTP response headers after 190.029ms - 200
2026-09-08T23:01:40.8074018+00:00 Information System.Net.Http.HttpClient.MinecraftRuntimeManager.LogicalHandler End processing HTTP request after 191.1241ms - 200
2026-09-08T23:01:40.8313710+00:00 Information System.Net.Http.HttpClient.MinecraftRuntimeManager.LogicalHandler Start processing HTTP request GET https://resources.download.minecraft.net/3c/3c531fd51d3ce2a68a6b3cd3e9df704504b08aef
2026-09-08T23:01:40.8316565+00:00 Information System.Net.Http.HttpClient.MinecraftRuntimeManager.ClientHandler Sending HTTP request GET https://resources.download.minecraft.net/3c/3c531fd51d3ce2a68a6b3cd3e9df704504b08aef
2026-09-08T23:01:41.0228148+00:00 Information System.Net.Http.HttpClient.MinecraftRuntimeManager.ClientHandler Received HTTP response headers after 190.7534ms - 200
2026-09-08T23:01:41.0232152+00:00 Information System.Net.Http.HttpClient.MinecraftRuntimeManager.LogicalHandler End processing HTTP request after 191.8607ms - 200
2026-09-08T23:01:41.0345274+00:00 Information System.Net.Http.HttpClient.MinecraftRuntimeManager.LogicalHandler Start processing HTTP request GET https://resources.download.minecraft.net/2d/2dbde33b346a847570b254b1ac71d22521e89bed
2026-09-08T23:01:41.0349024+00:00 Information System.Net.Http.HttpClient.MinecraftRuntimeManager.ClientHandler Sending HTTP request GET https://resources.download.minecraft.net/2d/2dbde33b346a847570b254b1ac71d22521e89bed
2026-09-08T23:01:41.2260622+00:00 Information System.Net.Http.HttpClient.MinecraftRuntimeManager.ClientHandler Received HTTP response headers after 190.781ms - 200
2026-09-08T23:01:41.2264540+00:00 Information System.Net.Http.HttpClient.MinecraftRuntimeManager.LogicalHandler End processing HTTP request after 191.9699ms - 200
2026-09-08T23:01:41.2447947+00:00 Information System.Net.Http.HttpClient.MinecraftRuntimeManager.LogicalHandler Start processing HTTP request GET https://resources.download.minecraft.net/40/4001e55011a426ff83ed42606db0982ab936117f
2026-09-08T23:01:41.2452010+00:00 Information System.Net.Http.HttpClient.MinecraftRuntimeManager.ClientHandler Sending HTTP request GET https://resources.download.minecraft.net/40/4001e55011a426ff83ed42606db0982ab936117f
2026-09-08T23:01:41.4443025+00:00 Information System.Net.Http.HttpClient.MinecraftRuntimeManager.ClientHandler Received HTTP response headers after 198.7291ms - 200
2026-09-08T23:01:41.4449166+00:00 Information System.Net.Http.HttpClient.MinecraftRuntimeManager.LogicalHandler End processing HTTP request after 200.1245ms - 200
2026-09-08T23:01:41.4554434+00:00 Information System.Net.Http.HttpClient.MinecraftRuntimeManager.LogicalHandler Start processing HTTP request GET https://resources.download.minecraft.net/be/bee70153ba925c98b396f529806cd666ab029f4d
2026-09-08T23:01:41.4559268+00:00 Information System.Net.Http.HttpClient.MinecraftRuntimeManager.ClientHandler Sending HTTP request GET https://resources.download.minecraft.net/be/bee70153ba925c98b396f529806cd666ab029f4d
2026-09-08T23:01:41.6467549+00:00 Information System.Net.Http.HttpClient.MinecraftRuntimeManager.ClientHandler Received HTTP response headers after 190.3393ms - 200
2026-09-08T23:01:41.6476211+00:00 Information System.Net.Http.HttpClient.MinecraftRuntimeManager.LogicalHandler End processing HTTP request after 192.3207ms - 200
2026-09-08T23:01:41.6574252+00:00 Information System.Net.Http.HttpClient.MinecraftRuntimeManager.LogicalHandler Start processing HTTP request GET https://resources.download.minecraft.net/cf/cf872c581b0d7027102f7e046c5b48c43f676896
2026-09-08T23:01:41.6578026+00:00 Information System.Net.Http.HttpClient.MinecraftRuntimeManager.ClientHandler Sending HTTP request GET https://resources.download.minecraft.net/cf/cf872c581b0d7027102f7e046c5b48c43f676896
2026-09-08T23:01:41.8499196+00:00 Information System.Net.Http.HttpClient.MinecraftRuntimeManager.ClientHandler Received HTTP response headers after 191.6638ms - 200
2026-09-08T23:01:41.8503680+00:00 Information System.Net.Http.HttpClient.MinecraftRuntimeManager.LogicalHandler End processing HTTP request after 192.958ms - 200
2026-09-08T23:01:41.8608682+00:00 Information System.Net.Http.HttpClient.MinecraftRuntimeManager.LogicalHandler Start processing HTTP request GET https://resources.download.minecraft.net/a6/a600c35bfe5b6938c37759c192ab1bd6688d015d
2026-09-08T23:01:41.8613712+00:00 Information System.Net.Http.HttpClient.MinecraftRuntimeManager.ClientHandler Sending HTTP request GET https://resources.download.minecraft.net/a6/a600c35bfe5b6938c37759c192ab1bd6688d015d
2026-09-08T23:01:42.0522828+00:00 Information System.Net.Http.HttpClient.MinecraftRuntimeManager.ClientHandler Received HTTP response headers after 190.4023ms - 200
2026-09-08T23:01:42.0527184+00:00 Information System.Net.Http.HttpClient.MinecraftRuntimeManager.LogicalHandler End processing HTTP request after 191.8911ms - 200
2026-09-08T23:01:42.0702040+00:00 Information System.Net.Http.HttpClient.MinecraftRuntimeManager.LogicalHandler Start processing HTTP request GET https://resources.download.minecraft.net/bb/bb639748177b4ef07889b474ac292fbc40eef482
2026-09-08T23:01:42.0706345+00:00 Information System.Net.Http.HttpClient.MinecraftRuntimeManager.ClientHandler Sending HTTP request GET https://resources.download.minecraft.net/bb/bb639748177b4ef07889b474ac292fbc40eef482
2026-09-08T23:01:42.2623814+00:00 Information System.Net.Http.HttpClient.MinecraftRuntimeManager.ClientHandler Received HTTP response headers after 191.3564ms - 200
2026-09-08T23:01:42.2628005+00:00 Information System.Net.Http.HttpClient.MinecraftRuntimeManager.LogicalHandler End processing HTTP request after 192.6558ms - 200
2026-09-08T23:01:42.2747087+00:00 Information System.Net.Http.HttpClient.MinecraftRuntimeManager.LogicalHandler Start processing HTTP request GET https://resources.download.minecraft.net/b5/b547adafd04e846231fe21d02863fe7aae28fda7
2026-09-08T23:01:42.2751879+00:00 Information System.Net.Http.HttpClient.MinecraftRuntimeManager.ClientHandler Sending HTTP request GET https://resources.download.minecraft.net/b5/b547adafd04e846231fe21d02863fe7aae28fda7
2026-09-08T23:01:42.4662219+00:00 Information System.Net.Http.HttpClient.MinecraftRuntimeManager.ClientHandler Received HTTP response headers after 190.5207ms - 200
2026-09-08T23:01:42.4666729+00:00 Information System.Net.Http.HttpClient.MinecraftRuntimeManager.LogicalHandler End processing HTTP request after 192.043ms - 200
2026-09-08T23:01:42.4861387+00:00 Information System.Net.Http.HttpClient.MinecraftRuntimeManager.LogicalHandler Start processing HTTP request GET https://resources.download.minecraft.net/c9/c930f30bda5fc54ccecbb94eeef2531cd324c710
2026-09-08T23:01:42.4866380+00:00 Information System.Net.Http.HttpClient.MinecraftRuntimeManager.ClientHandler Sending HTTP request GET https://resources.download.minecraft.net/c9/c930f30bda5fc54ccecbb94eeef2531cd324c710
2026-09-08T23:01:42.9882840+00:00 Information System.Net.Http.HttpClient.MinecraftRuntimeManager.ClientHandler Received HTTP response headers after 501.1026ms - 200
2026-09-08T23:01:42.9886802+00:00 Information System.Net.Http.HttpClient.MinecraftRuntimeManager.LogicalHandler End processing HTTP request after 502.5986ms - 200
2026-09-08T23:01:43.0061567+00:00 Information System.Net.Http.HttpClient.MinecraftRuntimeManager.LogicalHandler Start processing HTTP request GET https://resources.download.minecraft.net/31/3164e4cec91699068b41614e74bae738bdb097a0
2026-09-08T23:01:43.0065166+00:00 Information System.Net.Http.HttpClient.MinecraftRuntimeManager.ClientHandler Sending HTTP request GET https://resources.download.minecraft.net/31/3164e4cec91699068b41614e74bae738bdb097a0
2026-09-08T23:01:43.1978787+00:00 Information System.Net.Http.HttpClient.MinecraftRuntimeManager.ClientHandler Received HTTP response headers after 190.9399ms - 200
2026-09-08T23:01:43.1983250+00:00 Information System.Net.Http.HttpClient.MinecraftRuntimeManager.LogicalHandler End processing HTTP request after 192.1941ms - 200
2026-09-08T23:01:43.2109883+00:00 Information System.Net.Http.HttpClient.MinecraftRuntimeManager.LogicalHandler Start processing HTTP request GET https://resources.download.minecraft.net/f4/f41ba2e4cd1f152e8ffc18dfbfe7ee1a7a95caa0
2026-09-08T23:01:43.2113351+00:00 Information System.Net.Http.HttpClient.MinecraftRuntimeManager.ClientHandler Sending HTTP request GET https://resources.download.minecraft.net/f4/f41ba2e4cd1f152e8ffc18dfbfe7ee1a7a95caa0
2026-09-08T23:01:43.4020442+00:00 Information System.Net.Http.HttpClient.MinecraftRuntimeManager.ClientHandler Received HTTP response headers after 190.3218ms - 200
2026-09-08T23:01:43.4025487+00:00 Information System.Net.Http.HttpClient.MinecraftRuntimeManager.LogicalHandler End processing HTTP request after 191.5851ms - 200
2026-09-08T23:01:43.4123698+00:00 Information System.Net.Http.HttpClient.MinecraftRuntimeManager.LogicalHandler Start processing HTTP request GET https://resources.download.minecraft.net/8c/8c4fdc724edf4be64e7f0541d6f60772c70c9394
2026-09-08T23:01:43.4127488+00:00 Information System.Net.Http.HttpClient.MinecraftRuntimeManager.ClientHandler Sending HTTP request GET https://resources.download.minecraft.net/8c/8c4fdc724edf4be64e7f0541d6f60772c70c9394
2026-09-08T23:01:43.6044915+00:00 Information System.Net.Http.HttpClient.MinecraftRuntimeManager.ClientHandler Received HTTP response headers after 191.2485ms - 200
2026-09-08T23:01:43.6049156+00:00 Information System.Net.Http.HttpClient.MinecraftRuntimeManager.LogicalHandler End processing HTTP request after 192.589ms - 200
2026-09-08T23:01:43.6143338+00:00 Information System.Net.Http.HttpClient.MinecraftRuntimeManager.LogicalHandler Start processing HTTP request GET https://resources.download.minecraft.net/47/47ab18c2789b99266f25672a7aeb453c59a1ccb8
2026-09-08T23:01:43.6146508+00:00 Information System.Net.Http.HttpClient.MinecraftRuntimeManager.ClientHandler Sending HTTP request GET https://resources.download.minecraft.net/47/47ab18c2789b99266f25672a7aeb453c59a1ccb8
2026-09-08T23:01:43.8070655+00:00 Information System.Net.Http.HttpClient.MinecraftRuntimeManager.ClientHandler Received HTTP response headers after 192.0716ms - 200
2026-09-08T23:01:43.8077128+00:00 Information System.Net.Http.HttpClient.MinecraftRuntimeManager.LogicalHandler End processing HTTP request after 193.338ms - 200
2026-09-08T23:01:43.8199438+00:00 Information System.Net.Http.HttpClient.MinecraftRuntimeManager.LogicalHandler Start processing HTTP request GET https://resources.download.minecraft.net/67/670a96ecdac04bb1083b0d4025d8afb05fd9b200
2026-09-08T23:01:43.8204095+00:00 Information System.Net.Http.HttpClient.MinecraftRuntimeManager.ClientHandler Sending HTTP request GET https://resources.download.minecraft.net/67/670a96ecdac04bb1083b0d4025d8afb05fd9b200
2026-09-08T23:01:44.0114721+00:00 Information System.Net.Http.HttpClient.MinecraftRuntimeManager.ClientHandler Received HTTP response headers after 190.6581ms - 200
2026-09-08T23:01:44.0118075+00:00 Information System.Net.Http.HttpClient.MinecraftRuntimeManager.LogicalHandler End processing HTTP request after 191.9881ms - 200
2026-09-08T23:01:44.0243289+00:00 Information System.Net.Http.HttpClient.MinecraftRuntimeManager.LogicalHandler Start processing HTTP request GET https://resources.download.minecraft.net/a2/a2a96a710d9c4a3aaf0e6958c6fdc7090993f5cc
2026-09-08T23:01:44.0248280+00:00 Information System.Net.Http.HttpClient.MinecraftRuntimeManager.ClientHandler Sending HTTP request GET https://resources.download.minecraft.net/a2/a2a96a710d9c4a3aaf0e6958c6fdc7090993f5cc
2026-09-08T23:01:44.2158877+00:00 Information System.Net.Http.HttpClient.MinecraftRuntimeManager.ClientHandler Received HTTP response headers after 190.5192ms - 200
2026-09-08T23:01:44.2163163+00:00 Information System.Net.Http.HttpClient.MinecraftRuntimeManager.LogicalHandler End processing HTTP request after 192.0353ms - 200
2026-09-08T23:01:44.2271152+00:00 Information System.Net.Http.HttpClient.MinecraftRuntimeManager.LogicalHandler Start processing HTTP request GET https://resources.download.minecraft.net/4e/4e22b9a399bd3e921027aab36dc329e884275e7e
2026-09-08T23:01:44.2274840+00:00 Information System.Net.Http.HttpClient.MinecraftRuntimeManager.ClientHandler Sending HTTP request GET https://resources.download.minecraft.net/4e/4e22b9a399bd3e921027aab36dc329e884275e7e
2026-09-08T23:01:44.4187276+00:00 Information System.Net.Http.HttpClient.MinecraftRuntimeManager.ClientHandler Received HTTP response headers after 190.8058ms - 200
2026-09-08T23:01:44.4191564+00:00 Information System.Net.Http.HttpClient.MinecraftRuntimeManager.LogicalHandler End processing HTTP request after 192.0415ms - 200
2026-09-08T23:01:44.4291975+00:00 Information System.Net.Http.HttpClient.MinecraftRuntimeManager.LogicalHandler Start processing HTTP request GET https://resources.download.minecraft.net/eb/ebfd31f8d4b31c0b4373ef967120632d562130f7
2026-09-08T23:01:44.4296211+00:00 Information System.Net.Http.HttpClient.MinecraftRuntimeManager.ClientHandler Sending HTTP request GET https://resources.download.minecraft.net/eb/ebfd31f8d4b31c0b4373ef967120632d562130f7
2026-09-08T23:01:44.6211255+00:00 Information System.Net.Http.HttpClient.MinecraftRuntimeManager.ClientHandler Received HTTP response headers after 191.0011ms - 200
2026-09-08T23:01:44.6218158+00:00 Information System.Net.Http.HttpClient.MinecraftRuntimeManager.LogicalHandler End processing HTTP request after 192.5563ms - 200
2026-09-08T23:01:44.6332480+00:00 Information System.Net.Http.HttpClient.MinecraftRuntimeManager.LogicalHandler Start processing HTTP request GET https://resources.download.minecraft.net/6c/6cbea09cbfa9347b0aef6349388863a03effa296
2026-09-08T23:01:44.6335152+00:00 Information System.Net.Http.HttpClient.MinecraftRuntimeManager.ClientHandler Sending HTTP request GET https://resources.download.minecraft.net/6c/6cbea09cbfa9347b0aef6349388863a03effa296
2026-09-08T23:01:44.8247148+00:00 Information System.Net.Http.HttpClient.MinecraftRuntimeManager.ClientHandler Received HTTP response headers after 190.8862ms - 200
2026-09-08T23:01:44.8252081+00:00 Information System.Net.Http.HttpClient.MinecraftRuntimeManager.LogicalHandler End processing HTTP request after 191.9675ms - 200
2026-09-08T23:01:44.8396821+00:00 Information System.Net.Http.HttpClient.MinecraftRuntimeManager.LogicalHandler Start processing HTTP request GET https://resources.download.minecraft.net/a2/a29251cdc7c577524079dfc850af830d058a6af1
2026-09-08T23:01:44.8400453+00:00 Information System.Net.Http.HttpClient.MinecraftRuntimeManager.ClientHandler Sending HTTP request GET https://resources.download.minecraft.net/a2/a29251cdc7c577524079dfc850af830d058a6af1
2026-09-08T23:01:45.0309332+00:00 Information System.Net.Http.HttpClient.MinecraftRuntimeManager.ClientHandler Received HTTP response headers after 190.3665ms - 200
2026-09-08T23:01:45.0313555+00:00 Information System.Net.Http.HttpClient.MinecraftRuntimeManager.LogicalHandler End processing HTTP request after 191.7225ms - 200
2026-09-08T23:01:45.0420682+00:00 Information System.Net.Http.HttpClient.MinecraftRuntimeManager.LogicalHandler Start processing HTTP request GET https://resources.download.minecraft.net/bd/bd6d8184b282408937f17485ed1b22ccca29b596
2026-09-08T23:01:45.0424000+00:00 Information System.Net.Http.HttpClient.MinecraftRuntimeManager.ClientHandler Sending HTTP request GET https://resources.download.minecraft.net/bd/bd6d8184b282408937f17485ed1b22ccca29b596
2026-09-08T23:01:45.2394511+00:00 Information System.Net.Http.HttpClient.MinecraftRuntimeManager.ClientHandler Received HTTP response headers after 196.4806ms - 200
2026-09-08T23:01:45.2397761+00:00 Information System.Net.Http.HttpClient.MinecraftRuntimeManager.LogicalHandler End processing HTTP request after 197.8215ms - 200
2026-09-08T23:01:45.2488751+00:00 Information System.Net.Http.HttpClient.MinecraftRuntimeManager.LogicalHandler Start processing HTTP request GET https://resources.download.minecraft.net/59/59cc8b47d9e893e6e329ae8477f3bcb7ef71166f
2026-09-08T23:01:45.2492043+00:00 Information System.Net.Http.HttpClient.MinecraftRuntimeManager.ClientHandler Sending HTTP request GET https://resources.download.minecraft.net/59/59cc8b47d9e893e6e329ae8477f3bcb7ef71166f
2026-09-08T23:01:45.4379942+00:00 Information System.Net.Http.HttpClient.MinecraftRuntimeManager.ClientHandler Received HTTP response headers after 188.3488ms - 200
2026-09-08T23:01:45.4383992+00:00 Information System.Net.Http.HttpClient.MinecraftRuntimeManager.LogicalHandler End processing HTTP request after 189.5119ms - 200
2026-09-08T23:01:45.4474781+00:00 Information System.Net.Http.HttpClient.MinecraftRuntimeManager.LogicalHandler Start processing HTTP request GET https://resources.download.minecraft.net/96/96a21a8fa4e8bbbdc2eaf3b720ffb9f9234b8c93
2026-09-08T23:01:45.4479444+00:00 Information System.Net.Http.HttpClient.MinecraftRuntimeManager.ClientHandler Sending HTTP request GET https://resources.download.minecraft.net/96/96a21a8fa4e8bbbdc2eaf3b720ffb9f9234b8c93
2026-09-08T23:01:45.6397124+00:00 Information System.Net.Http.HttpClient.MinecraftRuntimeManager.ClientHandler Received HTTP response headers after 191.2067ms - 200
2026-09-08T23:01:45.6401037+00:00 Information System.Net.Http.HttpClient.MinecraftRuntimeManager.LogicalHandler End processing HTTP request after 192.6357ms - 200
2026-09-08T23:01:45.6520019+00:00 Information System.Net.Http.HttpClient.MinecraftRuntimeManager.LogicalHandler Start processing HTTP request GET https://resources.download.minecraft.net/dc/dc56f8df079d60537f0f80f5d3591978b57fc3e0
2026-09-08T23:01:45.6523107+00:00 Information System.Net.Http.HttpClient.MinecraftRuntimeManager.ClientHandler Sending HTTP request GET https://resources.download.minecraft.net/dc/dc56f8df079d60537f0f80f5d3591978b57fc3e0
2026-09-08T23:01:45.8411002+00:00 Information System.Net.Http.HttpClient.MinecraftRuntimeManager.ClientHandler Received HTTP response headers after 188.298ms - 200
2026-09-08T23:01:45.8416217+00:00 Information System.Net.Http.HttpClient.MinecraftRuntimeManager.LogicalHandler End processing HTTP request after 189.5597ms - 200
2026-09-08T23:01:45.8515390+00:00 Information System.Net.Http.HttpClient.MinecraftRuntimeManager.LogicalHandler Start processing HTTP request GET https://resources.download.minecraft.net/32/32fc1de73bff063b077720ab0c3065b9c03e8e83
2026-09-08T23:01:45.8519100+00:00 Information System.Net.Http.HttpClient.MinecraftRuntimeManager.ClientHandler Sending HTTP request GET https://resources.download.minecraft.net/32/32fc1de73bff063b077720ab0c3065b9c03e8e83
2026-09-08T23:01:46.0412960+00:00 Information System.Net.Http.HttpClient.MinecraftRuntimeManager.ClientHandler Received HTTP response headers after 188.9287ms - 200
2026-09-08T23:01:46.0421541+00:00 Information System.Net.Http.HttpClient.MinecraftRuntimeManager.LogicalHandler End processing HTTP request after 190.5112ms - 200
2026-09-08T23:01:46.0559196+00:00 Information System.Net.Http.HttpClient.MinecraftRuntimeManager.LogicalHandler Start processing HTTP request GET https://resources.download.minecraft.net/e2/e2205fc1d79fc56f27acbbea80bb9003179b4207
2026-09-08T23:01:46.0563662+00:00 Information System.Net.Http.HttpClient.MinecraftRuntimeManager.ClientHandler Sending HTTP request GET https://resources.download.minecraft.net/e2/e2205fc1d79fc56f27acbbea80bb9003179b4207
2026-09-08T23:01:46.2470388+00:00 Information System.Net.Http.HttpClient.MinecraftRuntimeManager.ClientHandler Received HTTP response headers after 189.9365ms - 200
2026-09-08T23:01:46.2477263+00:00 Information System.Net.Http.HttpClient.MinecraftRuntimeManager.LogicalHandler End processing HTTP request after 191.8355ms - 200
2026-09-08T23:01:46.2586723+00:00 Information System.Net.Http.HttpClient.MinecraftRuntimeManager.LogicalHandler Start processing HTTP request GET https://resources.download.minecraft.net/58/5803b4caae0b3e7895f6e7f7be0b2d0b4066a92f
2026-09-08T23:01:46.2589590+00:00 Information System.Net.Http.HttpClient.MinecraftRuntimeManager.ClientHandler Sending HTTP request GET https://resources.download.minecraft.net/58/5803b4caae0b3e7895f6e7f7be0b2d0b4066a92f
2026-09-08T23:01:46.4449472+00:00 Information System.Net.Http.HttpClient.MinecraftRuntimeManager.ClientHandler Received HTTP response headers after 185.6182ms - 200
2026-09-08T23:01:46.4454239+00:00 Information System.Net.Http.HttpClient.MinecraftRuntimeManager.LogicalHandler End processing HTTP request after 186.7667ms - 200
2026-09-08T23:01:46.4550736+00:00 Information System.Net.Http.HttpClient.MinecraftRuntimeManager.LogicalHandler Start processing HTTP request GET https://resources.download.minecraft.net/5b/5b16028a58fbd888b1ccc5062e2592b2995a159a
2026-09-08T23:01:46.4553434+00:00 Information System.Net.Http.HttpClient.MinecraftRuntimeManager.ClientHandler Sending HTTP request GET https://resources.download.minecraft.net/5b/5b16028a58fbd888b1ccc5062e2592b2995a159a
2026-09-08T23:01:46.6483879+00:00 Information System.Net.Http.HttpClient.MinecraftRuntimeManager.ClientHandler Received HTTP response headers after 192.6744ms - 200
2026-09-08T23:01:46.6488332+00:00 Information System.Net.Http.HttpClient.MinecraftRuntimeManager.LogicalHandler End processing HTTP request after 193.7858ms - 200
2026-09-08T23:01:46.6689682+00:00 Information System.Net.Http.HttpClient.MinecraftRuntimeManager.LogicalHandler Start processing HTTP request GET https://resources.download.minecraft.net/a9/a99000d5d82b75a4c18b44c8579ed1da123fa782
2026-09-08T23:01:46.6692649+00:00 Information System.Net.Http.HttpClient.MinecraftRuntimeManager.ClientHandler Sending HTTP request GET https://resources.download.minecraft.net/a9/a99000d5d82b75a4c18b44c8579ed1da123fa782
2026-09-08T23:01:46.8603275+00:00 Information System.Net.Http.HttpClient.MinecraftRuntimeManager.ClientHandler Received HTTP response headers after 190.6521ms - 200
2026-09-08T23:01:46.8607602+00:00 Information System.Net.Http.HttpClient.MinecraftRuntimeManager.LogicalHandler End processing HTTP request after 191.8129ms - 200
2026-09-08T23:01:46.8785126+00:00 Information System.Net.Http.HttpClient.MinecraftRuntimeManager.LogicalHandler Start processing HTTP request GET https://resources.download.minecraft.net/b2/b2f3ee9fbe0bdef433cf03fe759f23e04fd46e29
2026-09-08T23:01:46.8788960+00:00 Information System.Net.Http.HttpClient.MinecraftRuntimeManager.ClientHandler Sending HTTP request GET https://resources.download.minecraft.net/b2/b2f3ee9fbe0bdef433cf03fe759f23e04fd46e29
2026-09-08T23:01:47.0719914+00:00 Information System.Net.Http.HttpClient.MinecraftRuntimeManager.ClientHandler Received HTTP response headers after 192.6948ms - 200
2026-09-08T23:01:47.0723665+00:00 Information System.Net.Http.HttpClient.MinecraftRuntimeManager.LogicalHandler End processing HTTP request after 193.9178ms - 200
2026-09-08T23:01:47.0824134+00:00 Information System.Net.Http.HttpClient.MinecraftRuntimeManager.LogicalHandler Start processing HTTP request GET https://resources.download.minecraft.net/f5/f577d81300052c0ee8d5c090384a166a775bfc98
2026-09-08T23:01:47.0827096+00:00 Information System.Net.Http.HttpClient.MinecraftRuntimeManager.ClientHandler Sending HTTP request GET https://resources.download.minecraft.net/f5/f577d81300052c0ee8d5c090384a166a775bfc98
2026-09-08T23:01:47.2737360+00:00 Information System.Net.Http.HttpClient.MinecraftRuntimeManager.ClientHandler Received HTTP response headers after 190.6365ms - 200
2026-09-08T23:01:47.2742253+00:00 Information System.Net.Http.HttpClient.MinecraftRuntimeManager.LogicalHandler End processing HTTP request after 191.7861ms - 200
2026-09-08T23:01:47.2886207+00:00 Information System.Net.Http.HttpClient.MinecraftRuntimeManager.LogicalHandler Start processing HTTP request GET https://resources.download.minecraft.net/7e/7e5e2978d628f7fc22ddb0fee1e108228c4aaf65
2026-09-08T23:01:47.2891491+00:00 Information System.Net.Http.HttpClient.MinecraftRuntimeManager.ClientHandler Sending HTTP request GET https://resources.download.minecraft.net/7e/7e5e2978d628f7fc22ddb0fee1e108228c4aaf65
2026-09-08T23:01:47.4800305+00:00 Information System.Net.Http.HttpClient.MinecraftRuntimeManager.ClientHandler Received HTTP response headers after 190.452ms - 200
2026-09-08T23:01:47.4805081+00:00 Information System.Net.Http.HttpClient.MinecraftRuntimeManager.LogicalHandler End processing HTTP request after 191.9598ms - 200
2026-09-08T23:01:47.4924419+00:00 Information System.Net.Http.HttpClient.MinecraftRuntimeManager.LogicalHandler Start processing HTTP request GET https://resources.download.minecraft.net/82/8245b9f22fa32f4e74e150fd225fff00362e74cc
2026-09-08T23:01:47.4928011+00:00 Information System.Net.Http.HttpClient.MinecraftRuntimeManager.ClientHandler Sending HTTP request GET https://resources.download.minecraft.net/82/8245b9f22fa32f4e74e150fd225fff00362e74cc
2026-09-08T23:01:47.6845118+00:00 Information System.Net.Http.HttpClient.MinecraftRuntimeManager.ClientHandler Received HTTP response headers after 191.1703ms - 200
2026-09-08T23:01:47.6849492+00:00 Information System.Net.Http.HttpClient.MinecraftRuntimeManager.LogicalHandler End processing HTTP request after 192.5424ms - 200
2026-09-08T23:01:47.7072673+00:00 Information System.Net.Http.HttpClient.MinecraftRuntimeManager.LogicalHandler Start processing HTTP request GET https://resources.download.minecraft.net/01/013b1518d41176f1884ef17944104a8473d408ce
2026-09-08T23:01:47.7077389+00:00 Information System.Net.Http.HttpClient.MinecraftRuntimeManager.ClientHandler Sending HTTP request GET https://resources.download.minecraft.net/01/013b1518d41176f1884ef17944104a8473d408ce
2026-09-08T23:01:47.9099372+00:00 Information System.Net.Http.HttpClient.MinecraftRuntimeManager.ClientHandler Received HTTP response headers after 201.3328ms - 200
2026-09-08T23:01:47.9105978+00:00 Information System.Net.Http.HttpClient.MinecraftRuntimeManager.LogicalHandler End processing HTTP request after 203.3813ms - 200
2026-09-08T23:01:47.9213950+00:00 Information System.Net.Http.HttpClient.MinecraftRuntimeManager.LogicalHandler Start processing HTTP request GET https://resources.download.minecraft.net/d4/d4ad02bc3a9c3bd5eac9774d1130bac5cd73ba94
2026-09-08T23:01:47.9216679+00:00 Information System.Net.Http.HttpClient.MinecraftRuntimeManager.ClientHandler Sending HTTP request GET https://resources.download.minecraft.net/d4/d4ad02bc3a9c3bd5eac9774d1130bac5cd73ba94
2026-09-08T23:01:48.1186221+00:00 Information System.Net.Http.HttpClient.MinecraftRuntimeManager.ClientHandler Received HTTP response headers after 196.5584ms - 200
2026-09-08T23:01:48.1192080+00:00 Information System.Net.Http.HttpClient.MinecraftRuntimeManager.LogicalHandler End processing HTTP request after 197.829ms - 200
2026-09-08T23:01:48.1473954+00:00 Information System.Net.Http.HttpClient.MinecraftRuntimeManager.LogicalHandler Start processing HTTP request GET https://resources.download.minecraft.net/10/102613b04262cd0f94702afd14063fa0187bc158
2026-09-08T23:01:48.1476945+00:00 Information System.Net.Http.HttpClient.MinecraftRuntimeManager.ClientHandler Sending HTTP request GET https://resources.download.minecraft.net/10/102613b04262cd0f94702afd14063fa0187bc158
2026-09-08T23:01:48.3389732+00:00 Information System.Net.Http.HttpClient.MinecraftRuntimeManager.ClientHandler Received HTTP response headers after 190.8015ms - 200
2026-09-08T23:01:48.3394200+00:00 Information System.Net.Http.HttpClient.MinecraftRuntimeManager.LogicalHandler End processing HTTP request after 191.9774ms - 200
2026-09-08T23:01:48.3559430+00:00 Information System.Net.Http.HttpClient.MinecraftRuntimeManager.LogicalHandler Start processing HTTP request GET https://resources.download.minecraft.net/ec/ec34853a3a7def9e2ed0c530fd79035c1b41d16d
2026-09-08T23:01:48.3565001+00:00 Information System.Net.Http.HttpClient.MinecraftRuntimeManager.ClientHandler Sending HTTP request GET https://resources.download.minecraft.net/ec/ec34853a3a7def9e2ed0c530fd79035c1b41d16d
2026-09-08T23:01:48.5478238+00:00 Information System.Net.Http.HttpClient.MinecraftRuntimeManager.ClientHandler Received HTTP response headers after 190.8499ms - 200
2026-09-08T23:01:48.5482703+00:00 Information System.Net.Http.HttpClient.MinecraftRuntimeManager.LogicalHandler End processing HTTP request after 192.4143ms - 200
2026-09-08T23:01:48.5767725+00:00 Information System.Net.Http.HttpClient.MinecraftRuntimeManager.LogicalHandler Start processing HTTP request GET https://resources.download.minecraft.net/67/67dd095ff29dea6092530dbf8bcf9cc77efdb49a
2026-09-08T23:01:48.5771518+00:00 Information System.Net.Http.HttpClient.MinecraftRuntimeManager.ClientHandler Sending HTTP request GET https://resources.download.minecraft.net/67/67dd095ff29dea6092530dbf8bcf9cc77efdb49a
2026-09-08T23:01:48.7682574+00:00 Information System.Net.Http.HttpClient.MinecraftRuntimeManager.ClientHandler Received HTTP response headers after 190.6086ms - 200
2026-09-08T23:01:48.7688052+00:00 Information System.Net.Http.HttpClient.MinecraftRuntimeManager.LogicalHandler End processing HTTP request after 192.0085ms - 200
2026-09-08T23:01:48.8011530+00:00 Information System.Net.Http.HttpClient.MinecraftRuntimeManager.LogicalHandler Start processing HTTP request GET https://resources.download.minecraft.net/d5/d5d7e396f52574ac18b6cedbd713144c887a7931
2026-09-08T23:01:48.8015547+00:00 Information System.Net.Http.HttpClient.MinecraftRuntimeManager.ClientHandler Sending HTTP request GET https://resources.download.minecraft.net/d5/d5d7e396f52574ac18b6cedbd713144c887a7931
2026-09-08T23:01:48.9907253+00:00 Information System.Net.Http.HttpClient.MinecraftRuntimeManager.ClientHandler Received HTTP response headers after 188.7228ms - 200
2026-09-08T23:01:48.9911635+00:00 Information System.Net.Http.HttpClient.MinecraftRuntimeManager.LogicalHandler End processing HTTP request after 190.0205ms - 200
2026-09-08T23:01:49.0046595+00:00 Information System.Net.Http.HttpClient.MinecraftRuntimeManager.LogicalHandler Start processing HTTP request GET https://resources.download.minecraft.net/1e/1ec3dff91a5db985385bf08d47749872cecc08d9
2026-09-08T23:01:49.0050937+00:00 Information System.Net.Http.HttpClient.MinecraftRuntimeManager.ClientHandler Sending HTTP request GET https://resources.download.minecraft.net/1e/1ec3dff91a5db985385bf08d47749872cecc08d9
2026-09-08T23:01:49.1965749+00:00 Information System.Net.Http.HttpClient.MinecraftRuntimeManager.ClientHandler Received HTTP response headers after 190.8877ms - 200
2026-09-08T23:01:49.1969408+00:00 Information System.Net.Http.HttpClient.MinecraftRuntimeManager.LogicalHandler End processing HTTP request after 192.355ms - 200
2026-09-08T23:01:49.2245815+00:00 Information System.Net.Http.HttpClient.MinecraftRuntimeManager.LogicalHandler Start processing HTTP request GET https://resources.download.minecraft.net/5d/5dac0e85e722c9238e95439970693f1838106acd
2026-09-08T23:01:49.2248878+00:00 Information System.Net.Http.HttpClient.MinecraftRuntimeManager.ClientHandler Sending HTTP request GET https://resources.download.minecraft.net/5d/5dac0e85e722c9238e95439970693f1838106acd
2026-09-08T23:01:49.4162294+00:00 Information System.Net.Http.HttpClient.MinecraftRuntimeManager.ClientHandler Received HTTP response headers after 190.9875ms - 200
2026-09-08T23:01:49.4167379+00:00 Information System.Net.Http.HttpClient.MinecraftRuntimeManager.LogicalHandler End processing HTTP request after 192.1278ms - 200
2026-09-08T23:01:49.4341647+00:00 Information System.Net.Http.HttpClient.MinecraftRuntimeManager.LogicalHandler Start processing HTTP request GET https://resources.download.minecraft.net/10/108c61bfecd4f969778173578984503e08dd7898
2026-09-08T23:01:49.4345133+00:00 Information System.Net.Http.HttpClient.MinecraftRuntimeManager.ClientHandler Sending HTTP request GET https://resources.download.minecraft.net/10/108c61bfecd4f969778173578984503e08dd7898
2026-09-08T23:01:49.6145351+00:00 Information System.Net.Http.HttpClient.MinecraftRuntimeManager.ClientHandler Received HTTP response headers after 179.6499ms - 200
2026-09-08T23:01:49.6149769+00:00 Information System.Net.Http.HttpClient.MinecraftRuntimeManager.LogicalHandler End processing HTTP request after 180.8402ms - 200
2026-09-08T23:01:49.6241501+00:00 Information System.Net.Http.HttpClient.MinecraftRuntimeManager.LogicalHandler Start processing HTTP request GET https://resources.download.minecraft.net/ae/aec962400204953cc7eefef2c0cc1942bbeaff38
2026-09-08T23:01:49.6244222+00:00 Information System.Net.Http.HttpClient.MinecraftRuntimeManager.ClientHandler Sending HTTP request GET https://resources.download.minecraft.net/ae/aec962400204953cc7eefef2c0cc1942bbeaff38
2026-09-08T23:01:49.8052099+00:00 Information System.Net.Http.HttpClient.MinecraftRuntimeManager.ClientHandler Received HTTP response headers after 180.3903ms - 200
2026-09-08T23:01:49.8058269+00:00 Information System.Net.Http.HttpClient.MinecraftRuntimeManager.LogicalHandler End processing HTTP request after 181.6275ms - 200
2026-09-08T23:01:49.8160363+00:00 Information System.Net.Http.HttpClient.MinecraftRuntimeManager.LogicalHandler Start processing HTTP request GET https://resources.download.minecraft.net/27/278ae35982e186ab9f4a9ef5728b18793c939e98
2026-09-08T23:01:49.8165646+00:00 Information System.Net.Http.HttpClient.MinecraftRuntimeManager.ClientHandler Sending HTTP request GET https://resources.download.minecraft.net/27/278ae35982e186ab9f4a9ef5728b18793c939e98
2026-09-08T23:01:49.9975158+00:00 Information System.Net.Http.HttpClient.MinecraftRuntimeManager.ClientHandler Received HTTP response headers after 180.41ms - 200
2026-09-08T23:01:49.9980152+00:00 Information System.Net.Http.HttpClient.MinecraftRuntimeManager.LogicalHandler End processing HTTP request after 182.0034ms - 200
2026-09-08T23:01:50.0088624+00:00 Information System.Net.Http.HttpClient.MinecraftRuntimeManager.LogicalHandler Start processing HTTP request GET https://resources.download.minecraft.net/47/4710afcb488c6ee3881e3b896dfcd5cc2069049a
2026-09-08T23:01:50.0091840+00:00 Information System.Net.Http.HttpClient.MinecraftRuntimeManager.ClientHandler Sending HTTP request GET https://resources.download.minecraft.net/47/4710afcb488c6ee3881e3b896dfcd5cc2069049a
2026-09-08T23:01:50.1911900+00:00 Information System.Net.Http.HttpClient.MinecraftRuntimeManager.ClientHandler Received HTTP response headers after 181.5867ms - 200
2026-09-08T23:01:50.1915828+00:00 Information System.Net.Http.HttpClient.MinecraftRuntimeManager.LogicalHandler End processing HTTP request after 182.7546ms - 200
2026-09-08T23:01:50.2018113+00:00 Information System.Net.Http.HttpClient.MinecraftRuntimeManager.LogicalHandler Start processing HTTP request GET https://resources.download.minecraft.net/a8/a8756192499be8204a5e195b9873b6b48c0d1d25
2026-09-08T23:01:50.2021939+00:00 Information System.Net.Http.HttpClient.MinecraftRuntimeManager.ClientHandler Sending HTTP request GET https://resources.download.minecraft.net/a8/a8756192499be8204a5e195b9873b6b48c0d1d25
2026-09-08T23:01:50.3849609+00:00 Information System.Net.Http.HttpClient.MinecraftRuntimeManager.ClientHandler Received HTTP response headers after 182.3097ms - 200
2026-09-08T23:01:50.3854602+00:00 Information System.Net.Http.HttpClient.MinecraftRuntimeManager.LogicalHandler End processing HTTP request after 183.6418ms - 200
2026-09-08T23:01:50.3963442+00:00 Information System.Net.Http.HttpClient.MinecraftRuntimeManager.LogicalHandler Start processing HTTP request GET https://resources.download.minecraft.net/02/0208597870daf05e8bde08d4aac04989c9ebedf2
2026-09-08T23:01:50.3969330+00:00 Information System.Net.Http.HttpClient.MinecraftRuntimeManager.ClientHandler Sending HTTP request GET https://resources.download.minecraft.net/02/0208597870daf05e8bde08d4aac04989c9ebedf2
2026-09-08T23:01:50.5802030+00:00 Information System.Net.Http.HttpClient.MinecraftRuntimeManager.ClientHandler Received HTTP response headers after 182.7348ms - 200
2026-09-08T23:01:50.5806922+00:00 Information System.Net.Http.HttpClient.MinecraftRuntimeManager.LogicalHandler End processing HTTP request after 184.4446ms - 200
2026-09-08T23:01:50.5903822+00:00 Information System.Net.Http.HttpClient.MinecraftRuntimeManager.LogicalHandler Start processing HTTP request GET https://resources.download.minecraft.net/e7/e700e2c9abdfc27a32ac3b7f759d6c48a0846992
2026-09-08T23:01:50.5908790+00:00 Information System.Net.Http.HttpClient.MinecraftRuntimeManager.ClientHandler Sending HTTP request GET https://resources.download.minecraft.net/e7/e700e2c9abdfc27a32ac3b7f759d6c48a0846992
2026-09-08T23:01:50.7741797+00:00 Information System.Net.Http.HttpClient.MinecraftRuntimeManager.ClientHandler Received HTTP response headers after 182.8616ms - 200
2026-09-08T23:01:50.7746838+00:00 Information System.Net.Http.HttpClient.MinecraftRuntimeManager.LogicalHandler End processing HTTP request after 184.376ms - 200
2026-09-08T23:01:50.7874851+00:00 Information System.Net.Http.HttpClient.MinecraftRuntimeManager.LogicalHandler Start processing HTTP request GET https://resources.download.minecraft.net/ae/ae6914ce7180755e98ee2d169e1757bc624bbade
2026-09-08T23:01:50.7878427+00:00 Information System.Net.Http.HttpClient.MinecraftRuntimeManager.ClientHandler Sending HTTP request GET https://resources.download.minecraft.net/ae/ae6914ce7180755e98ee2d169e1757bc624bbade
2026-09-08T23:01:50.9714408+00:00 Information System.Net.Http.HttpClient.MinecraftRuntimeManager.ClientHandler Received HTTP response headers after 183.1897ms - 200
2026-09-08T23:01:50.9719295+00:00 Information System.Net.Http.HttpClient.MinecraftRuntimeManager.LogicalHandler End processing HTTP request after 184.4818ms - 200
2026-09-08T23:01:50.9814387+00:00 Information System.Net.Http.HttpClient.MinecraftRuntimeManager.LogicalHandler Start processing HTTP request GET https://resources.download.minecraft.net/2e/2eed61a9d62487569fe54986856238e1c364f7cd
2026-09-08T23:01:50.9817329+00:00 Information System.Net.Http.HttpClient.MinecraftRuntimeManager.ClientHandler Sending HTTP request GET https://resources.download.minecraft.net/2e/2eed61a9d62487569fe54986856238e1c364f7cd
2026-09-08T23:01:51.1620157+00:00 Information System.Net.Http.HttpClient.MinecraftRuntimeManager.ClientHandler Received HTTP response headers after 179.9134ms - 200
2026-09-08T23:01:51.1624685+00:00 Information System.Net.Http.HttpClient.MinecraftRuntimeManager.LogicalHandler End processing HTTP request after 181.0098ms - 200
2026-09-08T23:01:51.1716479+00:00 Information System.Net.Http.HttpClient.MinecraftRuntimeManager.LogicalHandler Start processing HTTP request GET https://resources.download.minecraft.net/00/003409183ca2b8a8a140bfeb6390d1a9edc8c88b
2026-09-08T23:01:51.1719735+00:00 Information System.Net.Http.HttpClient.MinecraftRuntimeManager.ClientHandler Sending HTTP request GET https://resources.download.minecraft.net/00/003409183ca2b8a8a140bfeb6390d1a9edc8c88b
2026-09-08T23:01:51.3529612+00:00 Information System.Net.Http.HttpClient.MinecraftRuntimeManager.ClientHandler Received HTTP response headers after 180.5755ms - 200
2026-09-08T23:01:51.3535970+00:00 Information System.Net.Http.HttpClient.MinecraftRuntimeManager.LogicalHandler End processing HTTP request after 181.8733ms - 200
2026-09-08T23:01:51.3627218+00:00 Information System.Net.Http.HttpClient.MinecraftRuntimeManager.LogicalHandler Start processing HTTP request GET https://resources.download.minecraft.net/d7/d76adcd771f45c83ded14aaad4645dd068918d52
2026-09-08T23:01:51.3632629+00:00 Information System.Net.Http.HttpClient.MinecraftRuntimeManager.ClientHandler Sending HTTP request GET https://resources.download.minecraft.net/d7/d76adcd771f45c83ded14aaad4645dd068918d52
2026-09-08T23:01:51.5437916+00:00 Information System.Net.Http.HttpClient.MinecraftRuntimeManager.ClientHandler Received HTTP response headers after 180.0696ms - 200
2026-09-08T23:01:51.5443380+00:00 Information System.Net.Http.HttpClient.MinecraftRuntimeManager.LogicalHandler End processing HTTP request after 181.6919ms - 200
2026-09-08T23:01:51.5523100+00:00 Information System.Net.Http.HttpClient.MinecraftRuntimeManager.LogicalHandler Start processing HTTP request GET https://resources.download.minecraft.net/f1/f1f532ab1d59998dcdb4e1838fa62d224cdcfd1e
2026-09-08T23:01:51.5528073+00:00 Information System.Net.Http.HttpClient.MinecraftRuntimeManager.ClientHandler Sending HTTP request GET https://resources.download.minecraft.net/f1/f1f532ab1d59998dcdb4e1838fa62d224cdcfd1e
2026-09-08T23:01:51.7337621+00:00 Information System.Net.Http.HttpClient.MinecraftRuntimeManager.ClientHandler Received HTTP response headers after 180.4723ms - 200
2026-09-08T23:01:51.7342130+00:00 Information System.Net.Http.HttpClient.MinecraftRuntimeManager.LogicalHandler End processing HTTP request after 181.9567ms - 200
2026-09-08T23:01:51.7443385+00:00 Information System.Net.Http.HttpClient.MinecraftRuntimeManager.LogicalHandler Start processing HTTP request GET https://resources.download.minecraft.net/45/45f65be973d1929c2bd26d4fbc7912ad6bfc4834
2026-09-08T23:01:51.7447256+00:00 Information System.Net.Http.HttpClient.MinecraftRuntimeManager.ClientHandler Sending HTTP request GET https://resources.download.minecraft.net/45/45f65be973d1929c2bd26d4fbc7912ad6bfc4834
2026-09-08T23:01:51.9249120+00:00 Information System.Net.Http.HttpClient.MinecraftRuntimeManager.ClientHandler Received HTTP response headers after 179.7535ms - 200
2026-09-08T23:01:51.9254005+00:00 Information System.Net.Http.HttpClient.MinecraftRuntimeManager.LogicalHandler End processing HTTP request after 181.1111ms - 200
2026-09-08T23:01:51.9336924+00:00 Information System.Net.Http.HttpClient.MinecraftRuntimeManager.LogicalHandler Start processing HTTP request GET https://resources.download.minecraft.net/fd/fdce7a33bf8e7605d40a10dbe0edc5556b1d43c4
2026-09-08T23:01:51.9340590+00:00 Information System.Net.Http.HttpClient.MinecraftRuntimeManager.ClientHandler Sending HTTP request GET https://resources.download.minecraft.net/fd/fdce7a33bf8e7605d40a10dbe0edc5556b1d43c4
2026-09-08T23:01:52.1141865+00:00 Information System.Net.Http.HttpClient.MinecraftRuntimeManager.ClientHandler Received HTTP response headers after 179.5547ms - 200
2026-09-08T23:01:52.1145385+00:00 Information System.Net.Http.HttpClient.MinecraftRuntimeManager.LogicalHandler End processing HTTP request after 180.9282ms - 200
2026-09-08T23:01:52.1239514+00:00 Information System.Net.Http.HttpClient.MinecraftRuntimeManager.LogicalHandler Start processing HTTP request GET https://resources.download.minecraft.net/ed/edb8625e330ee1ee8ceeb2540cd083360e9daf65
2026-09-08T23:01:52.1244594+00:00 Information System.Net.Http.HttpClient.MinecraftRuntimeManager.ClientHandler Sending HTTP request GET https://resources.download.minecraft.net/ed/edb8625e330ee1ee8ceeb2540cd083360e9daf65
2026-09-08T23:01:52.3049919+00:00 Information System.Net.Http.HttpClient.MinecraftRuntimeManager.ClientHandler Received HTTP response headers after 180.1032ms - 200
2026-09-08T23:01:52.3055578+00:00 Information System.Net.Http.HttpClient.MinecraftRuntimeManager.LogicalHandler End processing HTTP request after 181.6433ms - 200
2026-09-08T23:01:52.3151163+00:00 Information System.Net.Http.HttpClient.MinecraftRuntimeManager.LogicalHandler Start processing HTTP request GET https://resources.download.minecraft.net/e7/e73b083393fa29357e85f8b535751e14853cf7b5
2026-09-08T23:01:52.3154048+00:00 Information System.Net.Http.HttpClient.MinecraftRuntimeManager.ClientHandler Sending HTTP request GET https://resources.download.minecraft.net/e7/e73b083393fa29357e85f8b535751e14853cf7b5
2026-09-08T23:01:52.4971363+00:00 Information System.Net.Http.HttpClient.MinecraftRuntimeManager.ClientHandler Received HTTP response headers after 181.2063ms - 200
2026-09-08T23:01:52.4975928+00:00 Information System.Net.Http.HttpClient.MinecraftRuntimeManager.LogicalHandler End processing HTTP request after 182.4453ms - 200
2026-09-08T23:01:52.5067279+00:00 Information System.Net.Http.HttpClient.MinecraftRuntimeManager.LogicalHandler Start processing HTTP request GET https://resources.download.minecraft.net/2e/2efdaa5a89ae6a68ceddf60aa91a4b410f0f3e58
2026-09-08T23:01:52.5072459+00:00 Information System.Net.Http.HttpClient.MinecraftRuntimeManager.ClientHandler Sending HTTP request GET https://resources.download.minecraft.net/2e/2efdaa5a89ae6a68ceddf60aa91a4b410f0f3e58
2026-09-08T23:01:52.6930953+00:00 Information System.Net.Http.HttpClient.MinecraftRuntimeManager.ClientHandler Received HTTP response headers after 185.3517ms - 200
2026-09-08T23:01:52.6935363+00:00 Information System.Net.Http.HttpClient.MinecraftRuntimeManager.LogicalHandler End processing HTTP request after 186.8753ms - 200
2026-09-08T23:01:52.7029383+00:00 Information System.Net.Http.HttpClient.MinecraftRuntimeManager.LogicalHandler Start processing HTTP request GET https://resources.download.minecraft.net/44/443a6c542e6cb96d8d7d6e185623266ce0c3af69
2026-09-08T23:01:52.7033650+00:00 Information System.Net.Http.HttpClient.MinecraftRuntimeManager.ClientHandler Sending HTTP request GET https://resources.download.minecraft.net/44/443a6c542e6cb96d8d7d6e185623266ce0c3af69
2026-09-08T23:01:52.8891619+00:00 Information System.Net.Http.HttpClient.MinecraftRuntimeManager.ClientHandler Received HTTP response headers after 185.3415ms - 200
2026-09-08T23:01:52.8897243+00:00 Information System.Net.Http.HttpClient.MinecraftRuntimeManager.LogicalHandler End processing HTTP request after 186.8646ms - 200
2026-09-08T23:01:52.8994074+00:00 Information System.Net.Http.HttpClient.MinecraftRuntimeManager.LogicalHandler Start processing HTTP request GET https://resources.download.minecraft.net/cc/cc62eb000f8789c06cec01bfe9bf9b989b015171
2026-09-08T23:01:52.8998281+00:00 Information System.Net.Http.HttpClient.MinecraftRuntimeManager.ClientHandler Sending HTTP request GET https://resources.download.minecraft.net/cc/cc62eb000f8789c06cec01bfe9bf9b989b015171
2026-09-08T23:01:53.0866099+00:00 Information System.Net.Http.HttpClient.MinecraftRuntimeManager.ClientHandler Received HTTP response headers after 186.3814ms - 200
2026-09-08T23:01:53.0872867+00:00 Information System.Net.Http.HttpClient.MinecraftRuntimeManager.LogicalHandler End processing HTTP request after 187.6544ms - 200
2026-09-08T23:01:53.0970175+00:00 Information System.Net.Http.HttpClient.MinecraftRuntimeManager.LogicalHandler Start processing HTTP request GET https://resources.download.minecraft.net/fb/fbc806cf8ce69a93ddc2b0b6a01df3c94cbfda87
2026-09-08T23:01:53.0975552+00:00 Information System.Net.Http.HttpClient.MinecraftRuntimeManager.ClientHandler Sending HTTP request GET https://resources.download.minecraft.net/fb/fbc806cf8ce69a93ddc2b0b6a01df3c94cbfda87
2026-09-08T23:01:53.2831544+00:00 Information System.Net.Http.HttpClient.MinecraftRuntimeManager.ClientHandler Received HTTP response headers after 185.0926ms - 200
2026-09-08T23:01:53.2836142+00:00 Information System.Net.Http.HttpClient.MinecraftRuntimeManager.LogicalHandler End processing HTTP request after 186.7338ms - 200
2026-09-08T23:01:53.2933502+00:00 Information System.Net.Http.HttpClient.MinecraftRuntimeManager.LogicalHandler Start processing HTTP request GET https://resources.download.minecraft.net/94/94f85a27c377b0ef874ebe810292c9c77a7be1f9
2026-09-08T23:01:53.2938403+00:00 Information System.Net.Http.HttpClient.MinecraftRuntimeManager.ClientHandler Sending HTTP request GET https://resources.download.minecraft.net/94/94f85a27c377b0ef874ebe810292c9c77a7be1f9
2026-09-08T23:01:53.4798188+00:00 Information System.Net.Http.HttpClient.MinecraftRuntimeManager.ClientHandler Received HTTP response headers after 185.4882ms - 200
2026-09-08T23:01:53.4803436+00:00 Information System.Net.Http.HttpClient.MinecraftRuntimeManager.LogicalHandler End processing HTTP request after 187.0506ms - 200
2026-09-08T23:01:53.4888486+00:00 Information System.Net.Http.HttpClient.MinecraftRuntimeManager.LogicalHandler Start processing HTTP request GET https://resources.download.minecraft.net/78/78f33e68a3142032e0a1b0c95012f4bcb2ea3ea9
2026-09-08T23:01:53.4893217+00:00 Information System.Net.Http.HttpClient.MinecraftRuntimeManager.ClientHandler Sending HTTP request GET https://resources.download.minecraft.net/78/78f33e68a3142032e0a1b0c95012f4bcb2ea3ea9
2026-09-08T23:01:53.6751471+00:00 Information System.Net.Http.HttpClient.MinecraftRuntimeManager.ClientHandler Received HTTP response headers after 185.3042ms - 200
2026-09-08T23:01:53.6755436+00:00 Information System.Net.Http.HttpClient.MinecraftRuntimeManager.LogicalHandler End processing HTTP request after 186.7604ms - 200
2026-09-08T23:01:53.6879069+00:00 Information System.Net.Http.HttpClient.MinecraftRuntimeManager.LogicalHandler Start processing HTTP request GET https://resources.download.minecraft.net/66/66a7ad307e66d55be39ad129d5dde4a139c6decb
2026-09-08T23:01:53.6884044+00:00 Information System.Net.Http.HttpClient.MinecraftRuntimeManager.ClientHandler Sending HTTP request GET https://resources.download.minecraft.net/66/66a7ad307e66d55be39ad129d5dde4a139c6decb
2026-09-08T23:01:53.8766226+00:00 Information System.Net.Http.HttpClient.MinecraftRuntimeManager.ClientHandler Received HTTP response headers after 187.8449ms - 200
2026-09-08T23:01:53.8770083+00:00 Information System.Net.Http.HttpClient.MinecraftRuntimeManager.LogicalHandler End processing HTTP request after 189.2364ms - 200
2026-09-08T23:01:53.8874251+00:00 Information System.Net.Http.HttpClient.MinecraftRuntimeManager.LogicalHandler Start processing HTTP request GET https://resources.download.minecraft.net/23/236d6b2e2841e6eeaff442cf4599ac8f1d0c87bf
2026-09-08T23:01:53.8878011+00:00 Information System.Net.Http.HttpClient.MinecraftRuntimeManager.ClientHandler Sending HTTP request GET https://resources.download.minecraft.net/23/236d6b2e2841e6eeaff442cf4599ac8f1d0c87bf
2026-09-08T23:01:54.0761428+00:00 Information System.Net.Http.HttpClient.MinecraftRuntimeManager.ClientHandler Received HTTP response headers after 187.9251ms - 200
2026-09-08T23:01:54.0766892+00:00 Information System.Net.Http.HttpClient.MinecraftRuntimeManager.LogicalHandler End processing HTTP request after 189.2725ms - 200
2026-09-08T23:01:54.0887566+00:00 Information System.Net.Http.HttpClient.MinecraftRuntimeManager.LogicalHandler Start processing HTTP request GET https://resources.download.minecraft.net/91/913db11b61e0c079114e702507dd33fd59846c2c
2026-09-08T23:01:54.0892133+00:00 Information System.Net.Http.HttpClient.MinecraftRuntimeManager.ClientHandler Sending HTTP request GET https://resources.download.minecraft.net/91/913db11b61e0c079114e702507dd33fd59846c2c
2026-09-08T23:01:54.2774590+00:00 Information System.Net.Http.HttpClient.MinecraftRuntimeManager.ClientHandler Received HTTP response headers after 187.8902ms - 200
2026-09-08T23:01:54.2780056+00:00 Information System.Net.Http.HttpClient.MinecraftRuntimeManager.LogicalHandler End processing HTTP request after 189.238ms - 200
2026-09-08T23:01:54.2918176+00:00 Information System.Net.Http.HttpClient.MinecraftRuntimeManager.LogicalHandler Start processing HTTP request GET https://resources.download.minecraft.net/79/79ae36927d7d5e1d4210debb5e98c0a8d0e4ba39
2026-09-08T23:01:54.2921940+00:00 Information System.Net.Http.HttpClient.MinecraftRuntimeManager.ClientHandler Sending HTTP request GET https://resources.download.minecraft.net/79/79ae36927d7d5e1d4210debb5e98c0a8d0e4ba39
2026-09-08T23:01:54.4771254+00:00 Information System.Net.Http.HttpClient.MinecraftRuntimeManager.ClientHandler Received HTTP response headers after 184.4964ms - 200
2026-09-08T23:01:54.4776609+00:00 Information System.Net.Http.HttpClient.MinecraftRuntimeManager.LogicalHandler End processing HTTP request after 185.8243ms - 200
2026-09-08T23:01:54.4885580+00:00 Information System.Net.Http.HttpClient.MinecraftRuntimeManager.LogicalHandler Start processing HTTP request GET https://resources.download.minecraft.net/39/3920b92ee14834623308f557d4ac912aef760108
2026-09-08T23:01:54.4891766+00:00 Information System.Net.Http.HttpClient.MinecraftRuntimeManager.ClientHandler Sending HTTP request GET https://resources.download.minecraft.net/39/3920b92ee14834623308f557d4ac912aef760108
2026-09-08T23:01:54.6801064+00:00 Information System.Net.Http.HttpClient.MinecraftRuntimeManager.ClientHandler Received HTTP response headers after 190.3203ms - 200
2026-09-08T23:01:54.6806854+00:00 Information System.Net.Http.HttpClient.MinecraftRuntimeManager.LogicalHandler End processing HTTP request after 192.2471ms - 200
2026-09-08T23:01:54.6906449+00:00 Information System.Net.Http.HttpClient.MinecraftRuntimeManager.LogicalHandler Start processing HTTP request GET https://resources.download.minecraft.net/85/85462af1c6ccc02b19989be398b0bcc488b249f1
2026-09-08T23:01:54.6910594+00:00 Information System.Net.Http.HttpClient.MinecraftRuntimeManager.ClientHandler Sending HTTP request GET https://resources.download.minecraft.net/85/85462af1c6ccc02b19989be398b0bcc488b249f1
2026-09-08T23:01:54.8795575+00:00 Information System.Net.Http.HttpClient.MinecraftRuntimeManager.ClientHandler Received HTTP response headers after 187.9812ms - 200
2026-09-08T23:01:54.8799676+00:00 Information System.Net.Http.HttpClient.MinecraftRuntimeManager.LogicalHandler End processing HTTP request after 189.3976ms - 200
2026-09-08T23:01:54.8910006+00:00 Information System.Net.Http.HttpClient.MinecraftRuntimeManager.LogicalHandler Start processing HTTP request GET https://resources.download.minecraft.net/e8/e87cf2ab1472de6941912ad097396a65356900d9
2026-09-08T23:01:54.8914041+00:00 Information System.Net.Http.HttpClient.MinecraftRuntimeManager.ClientHandler Sending HTTP request GET https://resources.download.minecraft.net/e8/e87cf2ab1472de6941912ad097396a65356900d9
2026-09-08T23:01:55.0838454+00:00 Information System.Net.Http.HttpClient.MinecraftRuntimeManager.ClientHandler Received HTTP response headers after 191.9137ms - 200
2026-09-08T23:01:55.0842721+00:00 Information System.Net.Http.HttpClient.MinecraftRuntimeManager.LogicalHandler End processing HTTP request after 193.3258ms - 200
2026-09-08T23:01:55.1280250+00:00 Information System.Net.Http.HttpClient.MinecraftRuntimeManager.LogicalHandler Start processing HTTP request GET https://resources.download.minecraft.net/1d/1dcbca3b0a1c694b7a1e4fb6930c0689840658c0
2026-09-08T23:01:55.1284400+00:00 Information System.Net.Http.HttpClient.MinecraftRuntimeManager.ClientHandler Sending HTTP request GET https://resources.download.minecraft.net/1d/1dcbca3b0a1c694b7a1e4fb6930c0689840658c0
2026-09-08T23:01:55.3186216+00:00 Information System.Net.Http.HttpClient.MinecraftRuntimeManager.ClientHandler Received HTTP response headers after 189.8002ms - 200
2026-09-08T23:01:55.3190843+00:00 Information System.Net.Http.HttpClient.MinecraftRuntimeManager.LogicalHandler End processing HTTP request after 191.1096ms - 200
2026-09-08T23:01:55.3613931+00:00 Information System.Net.Http.HttpClient.MinecraftRuntimeManager.LogicalHandler Start processing HTTP request GET https://resources.download.minecraft.net/41/41d96b9c4415d933f7a4da7d6a50124ce3d77b22
2026-09-08T23:01:55.3618300+00:00 Information System.Net.Http.HttpClient.MinecraftRuntimeManager.ClientHandler Sending HTTP request GET https://resources.download.minecraft.net/41/41d96b9c4415d933f7a4da7d6a50124ce3d77b22
2026-09-08T23:01:55.5540453+00:00 Information System.Net.Http.HttpClient.MinecraftRuntimeManager.ClientHandler Received HTTP response headers after 191.8299ms - 200
2026-09-08T23:01:55.5544448+00:00 Information System.Net.Http.HttpClient.MinecraftRuntimeManager.LogicalHandler End processing HTTP request after 193.1141ms - 200
2026-09-08T23:01:55.5752592+00:00 Information System.Net.Http.HttpClient.MinecraftRuntimeManager.LogicalHandler Start processing HTTP request GET https://resources.download.minecraft.net/12/123f32e70e39dce19e4adf0a452b87d11ce0daf3
2026-09-08T23:01:55.5755325+00:00 Information System.Net.Http.HttpClient.MinecraftRuntimeManager.ClientHandler Sending HTTP request GET https://resources.download.minecraft.net/12/123f32e70e39dce19e4adf0a452b87d11ce0daf3
2026-09-08T23:01:55.7671546+00:00 Information System.Net.Http.HttpClient.MinecraftRuntimeManager.ClientHandler Received HTTP response headers after 191.276ms - 200
2026-09-08T23:01:55.7676601+00:00 Information System.Net.Http.HttpClient.MinecraftRuntimeManager.LogicalHandler End processing HTTP request after 192.4118ms - 200
2026-09-08T23:01:55.7820992+00:00 Information System.Net.Http.HttpClient.MinecraftRuntimeManager.LogicalHandler Start processing HTTP request GET https://resources.download.minecraft.net/80/8004c2a8106c0ce5964abb4494c4bf2c11f86085
2026-09-08T23:01:55.7823681+00:00 Information System.Net.Http.HttpClient.MinecraftRuntimeManager.ClientHandler Sending HTTP request GET https://resources.download.minecraft.net/80/8004c2a8106c0ce5964abb4494c4bf2c11f86085
2026-09-08T23:01:55.9741082+00:00 Information System.Net.Http.HttpClient.MinecraftRuntimeManager.ClientHandler Received HTTP response headers after 191.3982ms - 200
2026-09-08T23:01:55.9746881+00:00 Information System.Net.Http.HttpClient.MinecraftRuntimeManager.LogicalHandler End processing HTTP request after 192.4948ms - 200
2026-09-08T23:01:55.9896494+00:00 Information System.Net.Http.HttpClient.MinecraftRuntimeManager.LogicalHandler Start processing HTTP request GET https://resources.download.minecraft.net/b2/b2f8f95701727824a859347750505811e64849b8
2026-09-08T23:01:55.9902038+00:00 Information System.Net.Http.HttpClient.MinecraftRuntimeManager.ClientHandler Sending HTTP request GET https://resources.download.minecraft.net/b2/b2f8f95701727824a859347750505811e64849b8
2026-09-08T23:01:56.1813934+00:00 Information System.Net.Http.HttpClient.MinecraftRuntimeManager.ClientHandler Received HTTP response headers after 190.6794ms - 200
2026-09-08T23:01:56.1817456+00:00 Information System.Net.Http.HttpClient.MinecraftRuntimeManager.LogicalHandler End processing HTTP request after 192.2193ms - 200
2026-09-08T23:01:56.2082076+00:00 Information System.Net.Http.HttpClient.MinecraftRuntimeManager.LogicalHandler Start processing HTTP request GET https://resources.download.minecraft.net/c6/c606cd58f2be3e6b7ef0f3e6aac8f791b10a0e9a
2026-09-08T23:01:56.2087237+00:00 Information System.Net.Http.HttpClient.MinecraftRuntimeManager.ClientHandler Sending HTTP request GET https://resources.download.minecraft.net/c6/c606cd58f2be3e6b7ef0f3e6aac8f791b10a0e9a
2026-09-08T23:01:56.3999946+00:00 Information System.Net.Http.HttpClient.MinecraftRuntimeManager.ClientHandler Received HTTP response headers after 190.7665ms - 200
2026-09-08T23:01:56.4005388+00:00 Information System.Net.Http.HttpClient.MinecraftRuntimeManager.LogicalHandler End processing HTTP request after 192.3688ms - 200
2026-09-08T23:01:56.4166946+00:00 Information System.Net.Http.HttpClient.MinecraftRuntimeManager.LogicalHandler Start processing HTTP request GET https://resources.download.minecraft.net/ea/ea01016f9450bb6ed016942134ee07e28efcbed5
2026-09-08T23:01:56.4172180+00:00 Information System.Net.Http.HttpClient.MinecraftRuntimeManager.ClientHandler Sending HTTP request GET https://resources.download.minecraft.net/ea/ea01016f9450bb6ed016942134ee07e28efcbed5
2026-09-08T23:01:56.6065929+00:00 Information System.Net.Http.HttpClient.MinecraftRuntimeManager.ClientHandler Received HTTP response headers after 188.9339ms - 200
2026-09-08T23:01:56.6069565+00:00 Information System.Net.Http.HttpClient.MinecraftRuntimeManager.LogicalHandler End processing HTTP request after 190.3712ms - 200
2026-09-08T23:01:56.6218758+00:00 Information System.Net.Http.HttpClient.MinecraftRuntimeManager.LogicalHandler Start processing HTTP request GET https://resources.download.minecraft.net/f4/f44762fab6e47b0f4292a50a30d86d3b754a56c9
2026-09-08T23:01:56.6221376+00:00 Information System.Net.Http.HttpClient.MinecraftRuntimeManager.ClientHandler Sending HTTP request GET https://resources.download.minecraft.net/f4/f44762fab6e47b0f4292a50a30d86d3b754a56c9
2026-09-08T23:01:56.8132422+00:00 Information System.Net.Http.HttpClient.MinecraftRuntimeManager.ClientHandler Received HTTP response headers after 190.6111ms - 200
2026-09-08T23:01:56.8137457+00:00 Information System.Net.Http.HttpClient.MinecraftRuntimeManager.LogicalHandler End processing HTTP request after 191.8753ms - 200
2026-09-08T23:01:56.8349086+00:00 Information System.Net.Http.HttpClient.MinecraftRuntimeManager.LogicalHandler Start processing HTTP request GET https://resources.download.minecraft.net/ed/ed4c5881fc14815f2b422469663e866e280047f2
2026-09-08T23:01:56.8353091+00:00 Information System.Net.Http.HttpClient.MinecraftRuntimeManager.ClientHandler Sending HTTP request GET https://resources.download.minecraft.net/ed/ed4c5881fc14815f2b422469663e866e280047f2
2026-09-08T23:01:57.0261729+00:00 Information System.Net.Http.HttpClient.MinecraftRuntimeManager.ClientHandler Received HTTP response headers after 190.4245ms - 200
2026-09-08T23:01:57.0267798+00:00 Information System.Net.Http.HttpClient.MinecraftRuntimeManager.LogicalHandler End processing HTTP request after 191.8218ms - 200
2026-09-08T23:01:57.0528792+00:00 Information System.Net.Http.HttpClient.MinecraftRuntimeManager.LogicalHandler Start processing HTTP request GET https://resources.download.minecraft.net/6f/6f7648d8ac3ac000a849df5bffe0bee2a601e113
2026-09-08T23:01:57.0531796+00:00 Information System.Net.Http.HttpClient.MinecraftRuntimeManager.ClientHandler Sending HTTP request GET https://resources.download.minecraft.net/6f/6f7648d8ac3ac000a849df5bffe0bee2a601e113
2026-09-08T23:01:57.2473038+00:00 Information System.Net.Http.HttpClient.MinecraftRuntimeManager.ClientHandler Received HTTP response headers after 193.7691ms - 200
2026-09-08T23:01:57.2475958+00:00 Information System.Net.Http.HttpClient.MinecraftRuntimeManager.LogicalHandler End processing HTTP request after 194.7424ms - 200
2026-09-08T23:01:57.2663416+00:00 Information System.Net.Http.HttpClient.MinecraftRuntimeManager.LogicalHandler Start processing HTTP request GET https://resources.download.minecraft.net/f5/f51f515aa19bfdece4112f0d8e9433c1ce39b432
2026-09-08T23:01:57.2667168+00:00 Information System.Net.Http.HttpClient.MinecraftRuntimeManager.ClientHandler Sending HTTP request GET https://resources.download.minecraft.net/f5/f51f515aa19bfdece4112f0d8e9433c1ce39b432
2026-09-08T23:01:57.4578460+00:00 Information System.Net.Http.HttpClient.MinecraftRuntimeManager.ClientHandler Received HTTP response headers after 190.6749ms - 200
2026-09-08T23:01:57.4583649+00:00 Information System.Net.Http.HttpClient.MinecraftRuntimeManager.LogicalHandler End processing HTTP request after 192.021ms - 200
2026-09-08T23:01:57.4815282+00:00 Information System.Net.Http.HttpClient.MinecraftRuntimeManager.LogicalHandler Start processing HTTP request GET https://resources.download.minecraft.net/0c/0c95192c14510a54a169bdf4a6d5189f2ddfae7d
2026-09-08T23:01:57.4818860+00:00 Information System.Net.Http.HttpClient.MinecraftRuntimeManager.ClientHandler Sending HTTP request GET https://resources.download.minecraft.net/0c/0c95192c14510a54a169bdf4a6d5189f2ddfae7d
2026-09-08T23:01:57.6727928+00:00 Information System.Net.Http.HttpClient.MinecraftRuntimeManager.ClientHandler Received HTTP response headers after 190.4885ms - 200
2026-09-08T23:01:57.6731948+00:00 Information System.Net.Http.HttpClient.MinecraftRuntimeManager.LogicalHandler End processing HTTP request after 191.7357ms - 200
2026-09-08T23:01:57.6926814+00:00 Information System.Net.Http.HttpClient.MinecraftRuntimeManager.LogicalHandler Start processing HTTP request GET https://resources.download.minecraft.net/b7/b732a50f493bf6e554ebbcb10914843715832ced
2026-09-08T23:01:57.6931003+00:00 Information System.Net.Http.HttpClient.MinecraftRuntimeManager.ClientHandler Sending HTTP request GET https://resources.download.minecraft.net/b7/b732a50f493bf6e554ebbcb10914843715832ced
2026-09-08T23:01:57.8851989+00:00 Information System.Net.Http.HttpClient.MinecraftRuntimeManager.ClientHandler Received HTTP response headers after 191.6743ms - 200
2026-09-08T23:01:57.8856314+00:00 Information System.Net.Http.HttpClient.MinecraftRuntimeManager.LogicalHandler End processing HTTP request after 192.9885ms - 200
2026-09-08T23:01:57.8992105+00:00 Information System.Net.Http.HttpClient.MinecraftRuntimeManager.LogicalHandler Start processing HTTP request GET https://resources.download.minecraft.net/70/70acefd326d60ab8d6172c74a0832a709b3324ca
2026-09-08T23:01:57.8995749+00:00 Information System.Net.Http.HttpClient.MinecraftRuntimeManager.ClientHandler Sending HTTP request GET https://resources.download.minecraft.net/70/70acefd326d60ab8d6172c74a0832a709b3324ca
2026-09-08T23:01:58.0904109+00:00 Information System.Net.Http.HttpClient.MinecraftRuntimeManager.ClientHandler Received HTTP response headers after 190.3536ms - 200
2026-09-08T23:01:58.0910676+00:00 Information System.Net.Http.HttpClient.MinecraftRuntimeManager.LogicalHandler End processing HTTP request after 191.7903ms - 200
2026-09-08T23:01:58.1012739+00:00 Information System.Net.Http.HttpClient.MinecraftRuntimeManager.LogicalHandler Start processing HTTP request GET https://resources.download.minecraft.net/22/220ea567d9aa04ba2eacb9615986d4266b62695c
2026-09-08T23:01:58.1016292+00:00 Information System.Net.Http.HttpClient.MinecraftRuntimeManager.ClientHandler Sending HTTP request GET https://resources.download.minecraft.net/22/220ea567d9aa04ba2eacb9615986d4266b62695c
2026-09-08T23:01:58.2965988+00:00 Information System.Net.Http.HttpClient.MinecraftRuntimeManager.ClientHandler Received HTTP response headers after 194.5558ms - 200
2026-09-08T23:01:58.2970892+00:00 Information System.Net.Http.HttpClient.MinecraftRuntimeManager.LogicalHandler End processing HTTP request after 195.834ms - 200
2026-09-08T23:01:58.3085492+00:00 Information System.Net.Http.HttpClient.MinecraftRuntimeManager.LogicalHandler Start processing HTTP request GET https://resources.download.minecraft.net/35/35baf113eadbcc0ff1c8cf0f9c64e955b267c64b
2026-09-08T23:01:58.3088934+00:00 Information System.Net.Http.HttpClient.MinecraftRuntimeManager.ClientHandler Sending HTTP request GET https://resources.download.minecraft.net/35/35baf113eadbcc0ff1c8cf0f9c64e955b267c64b
2026-09-08T23:01:58.5028813+00:00 Information System.Net.Http.HttpClient.MinecraftRuntimeManager.ClientHandler Received HTTP response headers after 193.5366ms - 200
2026-09-08T23:01:58.5034400+00:00 Information System.Net.Http.HttpClient.MinecraftRuntimeManager.LogicalHandler End processing HTTP request after 194.8237ms - 200
2026-09-08T23:01:58.5238258+00:00 Information System.Net.Http.HttpClient.MinecraftRuntimeManager.LogicalHandler Start processing HTTP request GET https://resources.download.minecraft.net/b1/b184830efbd396276be60d5ffea9a5b07957c881
2026-09-08T23:01:58.5243408+00:00 Information System.Net.Http.HttpClient.MinecraftRuntimeManager.ClientHandler Sending HTTP request GET https://resources.download.minecraft.net/b1/b184830efbd396276be60d5ffea9a5b07957c881
2026-09-08T23:01:58.7158407+00:00 Information System.Net.Http.HttpClient.MinecraftRuntimeManager.ClientHandler Received HTTP response headers after 190.99ms - 200
2026-09-08T23:01:58.7162300+00:00 Information System.Net.Http.HttpClient.MinecraftRuntimeManager.LogicalHandler End processing HTTP request after 192.505ms - 200
2026-09-08T23:01:58.7293873+00:00 Information System.Net.Http.HttpClient.MinecraftRuntimeManager.LogicalHandler Start processing HTTP request GET https://resources.download.minecraft.net/11/11a933549a540d72e85ca03126e622c0901777c0
2026-09-08T23:01:58.7298044+00:00 Information System.Net.Http.HttpClient.MinecraftRuntimeManager.ClientHandler Sending HTTP request GET https://resources.download.minecraft.net/11/11a933549a540d72e85ca03126e622c0901777c0
2026-09-08T23:01:58.9219366+00:00 Information System.Net.Http.HttpClient.MinecraftRuntimeManager.ClientHandler Received HTTP response headers after 191.7014ms - 200
2026-09-08T23:01:58.9223681+00:00 Information System.Net.Http.HttpClient.MinecraftRuntimeManager.LogicalHandler End processing HTTP request after 192.9862ms - 200
2026-09-08T23:01:58.9340921+00:00 Information System.Net.Http.HttpClient.MinecraftRuntimeManager.LogicalHandler Start processing HTTP request GET https://resources.download.minecraft.net/b0/b03ebefc0f9508c29dd91b241eea0d4474a233ed
2026-09-08T23:01:58.9345544+00:00 Information System.Net.Http.HttpClient.MinecraftRuntimeManager.ClientHandler Sending HTTP request GET https://resources.download.minecraft.net/b0/b03ebefc0f9508c29dd91b241eea0d4474a233ed
2026-09-08T23:01:59.1287082+00:00 Information System.Net.Http.HttpClient.MinecraftRuntimeManager.ClientHandler Received HTTP response headers after 193.3168ms - 200
2026-09-08T23:01:59.1293908+00:00 Information System.Net.Http.HttpClient.MinecraftRuntimeManager.LogicalHandler End processing HTTP request after 195.3054ms - 200
2026-09-08T23:01:59.1402632+00:00 Information System.Net.Http.HttpClient.MinecraftRuntimeManager.LogicalHandler Start processing HTTP request GET https://resources.download.minecraft.net/6a/6ae4626870aedb65060115723c211391bf29e512
2026-09-08T23:01:59.1406932+00:00 Information System.Net.Http.HttpClient.MinecraftRuntimeManager.ClientHandler Sending HTTP request GET https://resources.download.minecraft.net/6a/6ae4626870aedb65060115723c211391bf29e512
2026-09-08T23:01:59.3314112+00:00 Information System.Net.Http.HttpClient.MinecraftRuntimeManager.ClientHandler Received HTTP response headers after 190.3113ms - 200
2026-09-08T23:01:59.3319539+00:00 Information System.Net.Http.HttpClient.MinecraftRuntimeManager.LogicalHandler End processing HTTP request after 191.7155ms - 200
2026-09-08T23:01:59.3508818+00:00 Information System.Net.Http.HttpClient.MinecraftRuntimeManager.LogicalHandler Start processing HTTP request GET https://resources.download.minecraft.net/cd/cd2f349c64b2d279ddbaead8c88dc94bfedfdb51
2026-09-08T23:01:59.3512995+00:00 Information System.Net.Http.HttpClient.MinecraftRuntimeManager.ClientHandler Sending HTTP request GET https://resources.download.minecraft.net/cd/cd2f349c64b2d279ddbaead8c88dc94bfedfdb51
2026-09-08T23:01:59.5428206+00:00 Information System.Net.Http.HttpClient.MinecraftRuntimeManager.ClientHandler Received HTTP response headers after 191.1143ms - 200
2026-09-08T23:01:59.5431596+00:00 Information System.Net.Http.HttpClient.MinecraftRuntimeManager.LogicalHandler End processing HTTP request after 192.3616ms - 200
2026-09-08T23:01:59.5544859+00:00 Information System.Net.Http.HttpClient.MinecraftRuntimeManager.LogicalHandler Start processing HTTP request GET https://resources.download.minecraft.net/32/32e4e63078f640f09cf97e21642fafddaca5c0a3
2026-09-08T23:01:59.5549490+00:00 Information System.Net.Http.HttpClient.MinecraftRuntimeManager.ClientHandler Sending HTTP request GET https://resources.download.minecraft.net/32/32e4e63078f640f09cf97e21642fafddaca5c0a3
2026-09-08T23:01:59.7469796+00:00 Information System.Net.Http.HttpClient.MinecraftRuntimeManager.ClientHandler Received HTTP response headers after 191.605ms - 200
2026-09-08T23:01:59.7474029+00:00 Information System.Net.Http.HttpClient.MinecraftRuntimeManager.LogicalHandler End processing HTTP request after 192.9056ms - 200
2026-09-08T23:01:59.7656788+00:00 Information System.Net.Http.HttpClient.MinecraftRuntimeManager.LogicalHandler Start processing HTTP request GET https://resources.download.minecraft.net/cd/cd871a0b591b4fd2a70c5cdf90a403a5fbf8ca58
2026-09-08T23:01:59.7660910+00:00 Information System.Net.Http.HttpClient.MinecraftRuntimeManager.ClientHandler Sending HTTP request GET https://resources.download.minecraft.net/cd/cd871a0b591b4fd2a70c5cdf90a403a5fbf8ca58
2026-09-08T23:01:59.9568403+00:00 Information System.Net.Http.HttpClient.MinecraftRuntimeManager.ClientHandler Received HTTP response headers after 190.295ms - 200
2026-09-08T23:01:59.9574094+00:00 Information System.Net.Http.HttpClient.MinecraftRuntimeManager.LogicalHandler End processing HTTP request after 191.7374ms - 200
2026-09-08T23:01:59.9726417+00:00 Information System.Net.Http.HttpClient.MinecraftRuntimeManager.LogicalHandler Start processing HTTP request GET https://resources.download.minecraft.net/dc/dce51f6e1a5b4a3ba6a074047c31b7fead1a6cd8
2026-09-08T23:01:59.9732527+00:00 Information System.Net.Http.HttpClient.MinecraftRuntimeManager.ClientHandler Sending HTTP request GET https://resources.download.minecraft.net/dc/dce51f6e1a5b4a3ba6a074047c31b7fead1a6cd8
2026-09-08T23:02:00.1652508+00:00 Information System.Net.Http.HttpClient.MinecraftRuntimeManager.ClientHandler Received HTTP response headers after 191.132ms - 200
2026-09-08T23:02:00.1657146+00:00 Information System.Net.Http.HttpClient.MinecraftRuntimeManager.LogicalHandler End processing HTTP request after 193.2121ms - 200
2026-09-08T23:02:00.1752253+00:00 Information System.Net.Http.HttpClient.MinecraftRuntimeManager.LogicalHandler Start processing HTTP request GET https://resources.download.minecraft.net/01/01d108e23f5c3a0b6905de56c0389d84602cd6f9
2026-09-08T23:02:00.1756022+00:00 Information System.Net.Http.HttpClient.MinecraftRuntimeManager.ClientHandler Sending HTTP request GET https://resources.download.minecraft.net/01/01d108e23f5c3a0b6905de56c0389d84602cd6f9
2026-09-08T23:02:00.3661771+00:00 Information System.Net.Http.HttpClient.MinecraftRuntimeManager.ClientHandler Received HTTP response headers after 190.1451ms - 200
2026-09-08T23:02:00.3666055+00:00 Information System.Net.Http.HttpClient.MinecraftRuntimeManager.LogicalHandler End processing HTTP request after 191.4747ms - 200
2026-09-08T23:02:00.3769610+00:00 Information System.Net.Http.HttpClient.MinecraftRuntimeManager.LogicalHandler Start processing HTTP request GET https://resources.download.minecraft.net/55/5533b88fcbc575b8a7a83c2a281c59979824fd57
2026-09-08T23:02:00.3773595+00:00 Information System.Net.Http.HttpClient.MinecraftRuntimeManager.ClientHandler Sending HTTP request GET https://resources.download.minecraft.net/55/5533b88fcbc575b8a7a83c2a281c59979824fd57
2026-09-08T23:02:00.5707567+00:00 Information System.Net.Http.HttpClient.MinecraftRuntimeManager.ClientHandler Received HTTP response headers after 192.9501ms - 200
2026-09-08T23:02:00.5711993+00:00 Information System.Net.Http.HttpClient.MinecraftRuntimeManager.LogicalHandler End processing HTTP request after 194.3138ms - 200
2026-09-08T23:02:00.5810988+00:00 Information System.Net.Http.HttpClient.MinecraftRuntimeManager.LogicalHandler Start processing HTTP request GET https://resources.download.minecraft.net/11/1191b013d40cd3119c67934fa7aca81262709247
2026-09-08T23:02:00.5816703+00:00 Information System.Net.Http.HttpClient.MinecraftRuntimeManager.ClientHandler Sending HTTP request GET https://resources.download.minecraft.net/11/1191b013d40cd3119c67934fa7aca81262709247
2026-09-08T23:02:00.7736346+00:00 Information System.Net.Http.HttpClient.MinecraftRuntimeManager.ClientHandler Received HTTP response headers after 191.3799ms - 200
2026-09-08T23:02:00.7739707+00:00 Information System.Net.Http.HttpClient.MinecraftRuntimeManager.LogicalHandler End processing HTTP request after 192.9338ms - 200
2026-09-08T23:02:00.7845155+00:00 Information System.Net.Http.HttpClient.MinecraftRuntimeManager.LogicalHandler Start processing HTTP request GET https://resources.download.minecraft.net/3d/3d911ca2ea3c00ae0611a3a899689b417317e238
2026-09-08T23:02:00.7849111+00:00 Information System.Net.Http.HttpClient.MinecraftRuntimeManager.ClientHandler Sending HTTP request GET https://resources.download.minecraft.net/3d/3d911ca2ea3c00ae0611a3a899689b417317e238
2026-09-08T23:02:00.9771671+00:00 Information System.Net.Http.HttpClient.MinecraftRuntimeManager.ClientHandler Received HTTP response headers after 191.6684ms - 200
2026-09-08T23:02:00.9776468+00:00 Information System.Net.Http.HttpClient.MinecraftRuntimeManager.LogicalHandler End processing HTTP request after 193.1478ms - 200
2026-09-08T23:02:00.9894301+00:00 Information System.Net.Http.HttpClient.MinecraftRuntimeManager.LogicalHandler Start processing HTTP request GET https://resources.download.minecraft.net/9c/9c7b77108d8c1ea3fcf201e4d06f6e717409842c
2026-09-08T23:02:00.9897556+00:00 Information System.Net.Http.HttpClient.MinecraftRuntimeManager.ClientHandler Sending HTTP request GET https://resources.download.minecraft.net/9c/9c7b77108d8c1ea3fcf201e4d06f6e717409842c
2026-09-08T23:02:01.1821017+00:00 Information System.Net.Http.HttpClient.MinecraftRuntimeManager.ClientHandler Received HTTP response headers after 191.8468ms - 200
2026-09-08T23:02:01.1826524+00:00 Information System.Net.Http.HttpClient.MinecraftRuntimeManager.LogicalHandler End processing HTTP request after 193.2144ms - 200
2026-09-08T23:02:01.1923544+00:00 Information System.Net.Http.HttpClient.MinecraftRuntimeManager.LogicalHandler Start processing HTTP request GET https://resources.download.minecraft.net/67/6752e578433d584b1b92630b539a9bf4f93121bb
2026-09-08T23:02:01.1926219+00:00 Information System.Net.Http.HttpClient.MinecraftRuntimeManager.ClientHandler Sending HTTP request GET https://resources.download.minecraft.net/67/6752e578433d584b1b92630b539a9bf4f93121bb
2026-09-08T23:02:01.3846587+00:00 Information System.Net.Http.HttpClient.MinecraftRuntimeManager.ClientHandler Received HTTP response headers after 191.6548ms - 200
2026-09-08T23:02:01.3851397+00:00 Information System.Net.Http.HttpClient.MinecraftRuntimeManager.LogicalHandler End processing HTTP request after 192.7694ms - 200
2026-09-08T23:02:01.3978559+00:00 Information System.Net.Http.HttpClient.MinecraftRuntimeManager.LogicalHandler Start processing HTTP request GET https://resources.download.minecraft.net/4a/4a551fdc68b6cb6b486655c2f6e78c8decc6ad6f
2026-09-08T23:02:01.3981286+00:00 Information System.Net.Http.HttpClient.MinecraftRuntimeManager.ClientHandler Sending HTTP request GET https://resources.download.minecraft.net/4a/4a551fdc68b6cb6b486655c2f6e78c8decc6ad6f
2026-09-08T23:02:01.5902596+00:00 Information System.Net.Http.HttpClient.MinecraftRuntimeManager.ClientHandler Received HTTP response headers after 191.7519ms - 200
2026-09-08T23:02:01.5907102+00:00 Information System.Net.Http.HttpClient.MinecraftRuntimeManager.LogicalHandler End processing HTTP request after 192.8707ms - 200
2026-09-08T23:02:01.6043701+00:00 Information System.Net.Http.HttpClient.MinecraftRuntimeManager.LogicalHandler Start processing HTTP request GET https://resources.download.minecraft.net/bd/bdfcec5d56d112855c31754d116cff9122d47d1c
2026-09-08T23:02:01.6048488+00:00 Information System.Net.Http.HttpClient.MinecraftRuntimeManager.ClientHandler Sending HTTP request GET https://resources.download.minecraft.net/bd/bdfcec5d56d112855c31754d116cff9122d47d1c
2026-09-08T23:02:01.7968544+00:00 Information System.Net.Http.HttpClient.MinecraftRuntimeManager.ClientHandler Received HTTP response headers after 191.5666ms - 200
2026-09-08T23:02:01.7972123+00:00 Information System.Net.Http.HttpClient.MinecraftRuntimeManager.LogicalHandler End processing HTTP request after 192.9524ms - 200
2026-09-08T23:02:01.8066671+00:00 Information System.Net.Http.HttpClient.MinecraftRuntimeManager.LogicalHandler Start processing HTTP request GET https://resources.download.minecraft.net/ff/ff6de5c4cb5515d65b594172556823fe5a23a7eb
2026-09-08T23:02:01.8069631+00:00 Information System.Net.Http.HttpClient.MinecraftRuntimeManager.ClientHandler Sending HTTP request GET https://resources.download.minecraft.net/ff/ff6de5c4cb5515d65b594172556823fe5a23a7eb
2026-09-08T23:02:01.9982729+00:00 Information System.Net.Http.HttpClient.MinecraftRuntimeManager.ClientHandler Received HTTP response headers after 190.962ms - 200
2026-09-08T23:02:01.9986028+00:00 Information System.Net.Http.HttpClient.MinecraftRuntimeManager.LogicalHandler End processing HTTP request after 191.9958ms - 200
2026-09-08T23:02:02.0114448+00:00 Information System.Net.Http.HttpClient.MinecraftRuntimeManager.LogicalHandler Start processing HTTP request GET https://resources.download.minecraft.net/60/60f36d4415db43cb5a352e7c53e45bc5302efe05
2026-09-08T23:02:02.0117497+00:00 Information System.Net.Http.HttpClient.MinecraftRuntimeManager.ClientHandler Sending HTTP request GET https://resources.download.minecraft.net/60/60f36d4415db43cb5a352e7c53e45bc5302efe05
2026-09-08T23:02:02.2036369+00:00 Information System.Net.Http.HttpClient.MinecraftRuntimeManager.ClientHandler Received HTTP response headers after 191.5062ms - 200
2026-09-08T23:02:02.2040945+00:00 Information System.Net.Http.HttpClient.MinecraftRuntimeManager.LogicalHandler End processing HTTP request after 192.6498ms - 200
2026-09-08T23:02:02.2142366+00:00 Information System.Net.Http.HttpClient.MinecraftRuntimeManager.LogicalHandler Start processing HTTP request GET https://resources.download.minecraft.net/cf/cfc4bbcfc51bcf55414d537325fb27f7357ee6f6
2026-09-08T23:02:02.2147151+00:00 Information System.Net.Http.HttpClient.MinecraftRuntimeManager.ClientHandler Sending HTTP request GET https://resources.download.minecraft.net/cf/cfc4bbcfc51bcf55414d537325fb27f7357ee6f6
2026-09-08T23:02:02.4061132+00:00 Information System.Net.Http.HttpClient.MinecraftRuntimeManager.ClientHandler Received HTTP response headers after 190.9899ms - 200
2026-09-08T23:02:02.4064354+00:00 Information System.Net.Http.HttpClient.MinecraftRuntimeManager.LogicalHandler End processing HTTP request after 192.3168ms - 200
2026-09-08T23:02:02.4147542+00:00 Information System.Net.Http.HttpClient.MinecraftRuntimeManager.LogicalHandler Start processing HTTP request GET https://resources.download.minecraft.net/aa/aaec051cc4ddb40c565b9a733365b137faa22d20
2026-09-08T23:02:02.4151138+00:00 Information System.Net.Http.HttpClient.MinecraftRuntimeManager.ClientHandler Sending HTTP request GET https://resources.download.minecraft.net/aa/aaec051cc4ddb40c565b9a733365b137faa22d20
2026-09-08T23:02:02.6044803+00:00 Information System.Net.Http.HttpClient.MinecraftRuntimeManager.ClientHandler Received HTTP response headers after 188.8685ms - 200
2026-09-08T23:02:02.6048259+00:00 Information System.Net.Http.HttpClient.MinecraftRuntimeManager.LogicalHandler End processing HTTP request after 190.1571ms - 200
2026-09-08T23:02:02.6144502+00:00 Information System.Net.Http.HttpClient.MinecraftRuntimeManager.LogicalHandler Start processing HTTP request GET https://resources.download.minecraft.net/4b/4b9732e037f8e2e230fb1c29511a30aa41f86cd7
2026-09-08T23:02:02.6148407+00:00 Information System.Net.Http.HttpClient.MinecraftRuntimeManager.ClientHandler Sending HTTP request GET https://resources.download.minecraft.net/4b/4b9732e037f8e2e230fb1c29511a30aa41f86cd7
2026-09-08T23:02:02.8033998+00:00 Information System.Net.Http.HttpClient.MinecraftRuntimeManager.ClientHandler Received HTTP response headers after 188.1739ms - 200
2026-09-08T23:02:02.8037547+00:00 Information System.Net.Http.HttpClient.MinecraftRuntimeManager.LogicalHandler End processing HTTP request after 189.414ms - 200
2026-09-08T23:02:02.8136513+00:00 Information System.Net.Http.HttpClient.MinecraftRuntimeManager.LogicalHandler Start processing HTTP request GET https://resources.download.minecraft.net/cd/cd908b08236268799b14f34b9cab1a604528861d
2026-09-08T23:02:02.8139351+00:00 Information System.Net.Http.HttpClient.MinecraftRuntimeManager.ClientHandler Sending HTTP request GET https://resources.download.minecraft.net/cd/cd908b08236268799b14f34b9cab1a604528861d
2026-09-08T23:02:03.0029108+00:00 Information System.Net.Http.HttpClient.MinecraftRuntimeManager.ClientHandler Received HTTP response headers after 188.6828ms - 200
2026-09-08T23:02:03.0033802+00:00 Information System.Net.Http.HttpClient.MinecraftRuntimeManager.LogicalHandler End processing HTTP request after 189.7424ms - 200
2026-09-08T23:02:03.0115453+00:00 Information System.Net.Http.HttpClient.MinecraftRuntimeManager.LogicalHandler Start processing HTTP request GET https://resources.download.minecraft.net/83/83bf881a30e378efa548382a91d8c83484774fe9
2026-09-08T23:02:03.0121156+00:00 Information System.Net.Http.HttpClient.MinecraftRuntimeManager.ClientHandler Sending HTTP request GET https://resources.download.minecraft.net/83/83bf881a30e378efa548382a91d8c83484774fe9
2026-09-08T23:02:03.2004667+00:00 Information System.Net.Http.HttpClient.MinecraftRuntimeManager.ClientHandler Received HTTP response headers after 187.8434ms - 200
2026-09-08T23:02:03.2008802+00:00 Information System.Net.Http.HttpClient.MinecraftRuntimeManager.LogicalHandler End processing HTTP request after 189.4136ms - 200
2026-09-08T23:02:03.2109538+00:00 Information System.Net.Http.HttpClient.MinecraftRuntimeManager.LogicalHandler Start processing HTTP request GET https://resources.download.minecraft.net/b2/b29410168529ff13fc772aac7fb1071dd2270d4e
2026-09-08T23:02:03.2112826+00:00 Information System.Net.Http.HttpClient.MinecraftRuntimeManager.ClientHandler Sending HTTP request GET https://resources.download.minecraft.net/b2/b29410168529ff13fc772aac7fb1071dd2270d4e
2026-09-08T23:02:03.3996726+00:00 Information System.Net.Http.HttpClient.MinecraftRuntimeManager.ClientHandler Received HTTP response headers after 187.9741ms - 200
2026-09-08T23:02:03.4001068+00:00 Information System.Net.Http.HttpClient.MinecraftRuntimeManager.LogicalHandler End processing HTTP request after 189.1536ms - 200
2026-09-08T23:02:03.4097144+00:00 Information System.Net.Http.HttpClient.MinecraftRuntimeManager.LogicalHandler Start processing HTTP request GET https://resources.download.minecraft.net/15/150bbeab1230bd5da5b2b44d16e1d51fea09ef7c
2026-09-08T23:02:03.4100491+00:00 Information System.Net.Http.HttpClient.MinecraftRuntimeManager.ClientHandler Sending HTTP request GET https://resources.download.minecraft.net/15/150bbeab1230bd5da5b2b44d16e1d51fea09ef7c
2026-09-08T23:02:03.6063490+00:00 Information System.Net.Http.HttpClient.MinecraftRuntimeManager.ClientHandler Received HTTP response headers after 195.8467ms - 200
2026-09-08T23:02:03.6067786+00:00 Information System.Net.Http.HttpClient.MinecraftRuntimeManager.LogicalHandler End processing HTTP request after 197.2379ms - 200
2026-09-08T23:02:03.6189014+00:00 Information System.Net.Http.HttpClient.MinecraftRuntimeManager.LogicalHandler Start processing HTTP request GET https://resources.download.minecraft.net/b9/b9f7fff838deb759bbeb0b6d987f7d1f44c81ca2
2026-09-08T23:02:03.6192440+00:00 Information System.Net.Http.HttpClient.MinecraftRuntimeManager.ClientHandler Sending HTTP request GET https://resources.download.minecraft.net/b9/b9f7fff838deb759bbeb0b6d987f7d1f44c81ca2
2026-09-08T23:02:03.8106918+00:00 Information System.Net.Http.HttpClient.MinecraftRuntimeManager.ClientHandler Received HTTP response headers after 191.0533ms - 200
2026-09-08T23:02:03.8111509+00:00 Information System.Net.Http.HttpClient.MinecraftRuntimeManager.LogicalHandler End processing HTTP request after 192.2255ms - 200
2026-09-08T23:02:03.8320981+00:00 Information System.Net.Http.HttpClient.MinecraftRuntimeManager.LogicalHandler Start processing HTTP request GET https://resources.download.minecraft.net/24/243baca34df37ca21fa8be071eb68a9d48778c84
2026-09-08T23:02:03.8324138+00:00 Information System.Net.Http.HttpClient.MinecraftRuntimeManager.ClientHandler Sending HTTP request GET https://resources.download.minecraft.net/24/243baca34df37ca21fa8be071eb68a9d48778c84
2026-09-08T23:02:04.0236217+00:00 Information System.Net.Http.HttpClient.MinecraftRuntimeManager.ClientHandler Received HTTP response headers after 190.8225ms - 200
2026-09-08T23:02:04.0239636+00:00 Information System.Net.Http.HttpClient.MinecraftRuntimeManager.LogicalHandler End processing HTTP request after 191.871ms - 200
2026-09-08T23:02:04.0335885+00:00 Information System.Net.Http.HttpClient.MinecraftRuntimeManager.LogicalHandler Start processing HTTP request GET https://resources.download.minecraft.net/06/068cfc91284bf1472ee5c784b54211249e703c88
2026-09-08T23:02:04.0339570+00:00 Information System.Net.Http.HttpClient.MinecraftRuntimeManager.ClientHandler Sending HTTP request GET https://resources.download.minecraft.net/06/068cfc91284bf1472ee5c784b54211249e703c88
2026-09-08T23:02:04.2227757+00:00 Information System.Net.Http.HttpClient.MinecraftRuntimeManager.ClientHandler Received HTTP response headers after 188.3276ms - 200
2026-09-08T23:02:04.2233539+00:00 Information System.Net.Http.HttpClient.MinecraftRuntimeManager.LogicalHandler End processing HTTP request after 189.7883ms - 200
2026-09-08T23:02:04.2338608+00:00 Information System.Net.Http.HttpClient.MinecraftRuntimeManager.LogicalHandler Start processing HTTP request GET https://resources.download.minecraft.net/a6/a6201cbfc6ff96a3ae813be89d6d22a320f2fef8
2026-09-08T23:02:04.2342201+00:00 Information System.Net.Http.HttpClient.MinecraftRuntimeManager.ClientHandler Sending HTTP request GET https://resources.download.minecraft.net/a6/a6201cbfc6ff96a3ae813be89d6d22a320f2fef8
2026-09-08T23:02:04.4235407+00:00 Information System.Net.Http.HttpClient.MinecraftRuntimeManager.ClientHandler Received HTTP response headers after 188.6739ms - 200
2026-09-08T23:02:04.4241462+00:00 Information System.Net.Http.HttpClient.MinecraftRuntimeManager.LogicalHandler End processing HTTP request after 190.2706ms - 200
2026-09-08T23:02:04.4346281+00:00 Information System.Net.Http.HttpClient.MinecraftRuntimeManager.LogicalHandler Start processing HTTP request GET https://resources.download.minecraft.net/c0/c022cd7194254a5721ce2205225a43913b4834c5
2026-09-08T23:02:04.4350154+00:00 Information System.Net.Http.HttpClient.MinecraftRuntimeManager.ClientHandler Sending HTTP request GET https://resources.download.minecraft.net/c0/c022cd7194254a5721ce2205225a43913b4834c5
2026-09-08T23:02:04.6261832+00:00 Information System.Net.Http.HttpClient.MinecraftRuntimeManager.ClientHandler Received HTTP response headers after 190.8459ms - 200
2026-09-08T23:02:04.6266611+00:00 Information System.Net.Http.HttpClient.MinecraftRuntimeManager.LogicalHandler End processing HTTP request after 192.0759ms - 200
2026-09-08T23:02:04.6359416+00:00 Information System.Net.Http.HttpClient.MinecraftRuntimeManager.LogicalHandler Start processing HTTP request GET https://resources.download.minecraft.net/e1/e1f65185cbbb0b3b2e91ebd2c925398024baf205
2026-09-08T23:02:04.6362677+00:00 Information System.Net.Http.HttpClient.MinecraftRuntimeManager.ClientHandler Sending HTTP request GET https://resources.download.minecraft.net/e1/e1f65185cbbb0b3b2e91ebd2c925398024baf205
2026-09-08T23:02:04.8248106+00:00 Information System.Net.Http.HttpClient.MinecraftRuntimeManager.ClientHandler Received HTTP response headers after 188.1093ms - 200
2026-09-08T23:02:04.8252221+00:00 Information System.Net.Http.HttpClient.MinecraftRuntimeManager.LogicalHandler End processing HTTP request after 189.2819ms - 200
2026-09-08T23:02:04.8349638+00:00 Information System.Net.Http.HttpClient.MinecraftRuntimeManager.LogicalHandler Start processing HTTP request GET https://resources.download.minecraft.net/67/67b6d386063e3c02d469d193a329bf516695913e
2026-09-08T23:02:04.8352803+00:00 Information System.Net.Http.HttpClient.MinecraftRuntimeManager.ClientHandler Sending HTTP request GET https://resources.download.minecraft.net/67/67b6d386063e3c02d469d193a329bf516695913e
2026-09-08T23:02:05.0261622+00:00 Information System.Net.Http.HttpClient.MinecraftRuntimeManager.ClientHandler Received HTTP response headers after 190.4606ms - 200
2026-09-08T23:02:05.0265884+00:00 Information System.Net.Http.HttpClient.MinecraftRuntimeManager.LogicalHandler End processing HTTP request after 191.649ms - 200
2026-09-08T23:02:05.0371305+00:00 Information System.Net.Http.HttpClient.MinecraftRuntimeManager.LogicalHandler Start processing HTTP request GET https://resources.download.minecraft.net/16/164497bde8cc5beb7896a319452276a84bda90da
2026-09-08T23:02:05.0375066+00:00 Information System.Net.Http.HttpClient.MinecraftRuntimeManager.ClientHandler Sending HTTP request GET https://resources.download.minecraft.net/16/164497bde8cc5beb7896a319452276a84bda90da
2026-09-08T23:02:05.2261808+00:00 Information System.Net.Http.HttpClient.MinecraftRuntimeManager.ClientHandler Received HTTP response headers after 188.2619ms - 200
2026-09-08T23:02:05.2266951+00:00 Information System.Net.Http.HttpClient.MinecraftRuntimeManager.LogicalHandler End processing HTTP request after 189.6592ms - 200
2026-09-08T23:02:05.2369523+00:00 Information System.Net.Http.HttpClient.MinecraftRuntimeManager.LogicalHandler Start processing HTTP request GET https://resources.download.minecraft.net/d4/d424b8a2cf588bf32ba35c604ff7fb29a057be78
2026-09-08T23:02:05.2373745+00:00 Information System.Net.Http.HttpClient.MinecraftRuntimeManager.ClientHandler Sending HTTP request GET https://resources.download.minecraft.net/d4/d424b8a2cf588bf32ba35c604ff7fb29a057be78
2026-09-08T23:02:05.4262747+00:00 Information System.Net.Http.HttpClient.MinecraftRuntimeManager.ClientHandler Received HTTP response headers after 188.446ms - 200
2026-09-08T23:02:05.4268055+00:00 Information System.Net.Http.HttpClient.MinecraftRuntimeManager.LogicalHandler End processing HTTP request after 189.92ms - 200
2026-09-08T23:02:05.4381812+00:00 Information System.Net.Http.HttpClient.MinecraftRuntimeManager.LogicalHandler Start processing HTTP request GET https://resources.download.minecraft.net/85/851d73c6681a6efdc715b80ebd6e1c6e8394b164
2026-09-08T23:02:05.4385464+00:00 Information System.Net.Http.HttpClient.MinecraftRuntimeManager.ClientHandler Sending HTTP request GET https://resources.download.minecraft.net/85/851d73c6681a6efdc715b80ebd6e1c6e8394b164
2026-09-08T23:02:05.6280172+00:00 Information System.Net.Http.HttpClient.MinecraftRuntimeManager.ClientHandler Received HTTP response headers after 188.9733ms - 200
2026-09-08T23:02:05.6285134+00:00 Information System.Net.Http.HttpClient.MinecraftRuntimeManager.LogicalHandler End processing HTTP request after 190.4079ms - 200
2026-09-08T23:02:05.6376484+00:00 Information System.Net.Http.HttpClient.MinecraftRuntimeManager.LogicalHandler Start processing HTTP request GET https://resources.download.minecraft.net/4e/4e3474c7b3857ede4c051bfccc2ea1d602bef229
2026-09-08T23:02:05.6379223+00:00 Information System.Net.Http.HttpClient.MinecraftRuntimeManager.ClientHandler Sending HTTP request GET https://resources.download.minecraft.net/4e/4e3474c7b3857ede4c051bfccc2ea1d602bef229
2026-09-08T23:02:05.8259040+00:00 Information System.Net.Http.HttpClient.MinecraftRuntimeManager.ClientHandler Received HTTP response headers after 187.6753ms - 200
2026-09-08T23:02:05.8263698+00:00 Information System.Net.Http.HttpClient.MinecraftRuntimeManager.LogicalHandler End processing HTTP request after 188.7537ms - 200
2026-09-08T23:02:05.8388321+00:00 Information System.Net.Http.HttpClient.MinecraftRuntimeManager.LogicalHandler Start processing HTTP request GET https://resources.download.minecraft.net/d9/d903ed4ceaa5235f91cded08bce886f045432475
2026-09-08T23:02:05.8393950+00:00 Information System.Net.Http.HttpClient.MinecraftRuntimeManager.ClientHandler Sending HTTP request GET https://resources.download.minecraft.net/d9/d903ed4ceaa5235f91cded08bce886f045432475
2026-09-08T23:02:06.0355912+00:00 Information System.Net.Http.HttpClient.MinecraftRuntimeManager.ClientHandler Received HTTP response headers after 195.7016ms - 200
2026-09-08T23:02:06.0360042+00:00 Information System.Net.Http.HttpClient.MinecraftRuntimeManager.LogicalHandler End processing HTTP request after 197.279ms - 200
2026-09-08T23:02:06.0478266+00:00 Information System.Net.Http.HttpClient.MinecraftRuntimeManager.LogicalHandler Start processing HTTP request GET https://resources.download.minecraft.net/20/20f3a2ff177f0dc4e94c19cd732433f5a3ea86ff
2026-09-08T23:02:06.0482180+00:00 Information System.Net.Http.HttpClient.MinecraftRuntimeManager.ClientHandler Sending HTTP request GET https://resources.download.minecraft.net/20/20f3a2ff177f0dc4e94c19cd732433f5a3ea86ff
2026-09-08T23:02:06.2374992+00:00 Information System.Net.Http.HttpClient.MinecraftRuntimeManager.ClientHandler Received HTTP response headers after 188.7707ms - 200
2026-09-08T23:02:06.2378456+00:00 Information System.Net.Http.HttpClient.MinecraftRuntimeManager.LogicalHandler End processing HTTP request after 190.0932ms - 200
2026-09-08T23:02:06.2556495+00:00 Information System.Net.Http.HttpClient.MinecraftRuntimeManager.LogicalHandler Start processing HTTP request GET https://resources.download.minecraft.net/f7/f7794a70685da8361d0d7f6554eadcdd1a60509f
2026-09-08T23:02:06.2560424+00:00 Information System.Net.Http.HttpClient.MinecraftRuntimeManager.ClientHandler Sending HTTP request GET https://resources.download.minecraft.net/f7/f7794a70685da8361d0d7f6554eadcdd1a60509f
2026-09-08T23:02:06.4469738+00:00 Information System.Net.Http.HttpClient.MinecraftRuntimeManager.ClientHandler Received HTTP response headers after 190.5341ms - 200
2026-09-08T23:02:06.4473545+00:00 Information System.Net.Http.HttpClient.MinecraftRuntimeManager.LogicalHandler End processing HTTP request after 191.7595ms - 200
2026-09-08T23:02:06.4671189+00:00 Information System.Net.Http.HttpClient.MinecraftRuntimeManager.LogicalHandler Start processing HTTP request GET https://resources.download.minecraft.net/e8/e80a3c2fe6fc715214b07afd772ae191d35a3966
2026-09-08T23:02:06.4674904+00:00 Information System.Net.Http.HttpClient.MinecraftRuntimeManager.ClientHandler Sending HTTP request GET https://resources.download.minecraft.net/e8/e80a3c2fe6fc715214b07afd772ae191d35a3966
2026-09-08T23:02:06.6583411+00:00 Information System.Net.Http.HttpClient.MinecraftRuntimeManager.ClientHandler Received HTTP response headers after 190.4466ms - 200
2026-09-08T23:02:06.6589204+00:00 Information System.Net.Http.HttpClient.MinecraftRuntimeManager.LogicalHandler End processing HTTP request after 191.808ms - 200
2026-09-08T23:02:06.6777935+00:00 Information System.Net.Http.HttpClient.MinecraftRuntimeManager.LogicalHandler Start processing HTTP request GET https://resources.download.minecraft.net/f1/f188e0622294b53e38b820f06e50c503bb803d9b
2026-09-08T23:02:06.6782008+00:00 Information System.Net.Http.HttpClient.MinecraftRuntimeManager.ClientHandler Sending HTTP request GET https://resources.download.minecraft.net/f1/f188e0622294b53e38b820f06e50c503bb803d9b
2026-09-08T23:02:06.8700008+00:00 Information System.Net.Http.HttpClient.MinecraftRuntimeManager.ClientHandler Received HTTP response headers after 191.3227ms - 200
2026-09-08T23:02:06.8703740+00:00 Information System.Net.Http.HttpClient.MinecraftRuntimeManager.LogicalHandler End processing HTTP request after 192.634ms - 200
2026-09-08T23:02:06.8931995+00:00 Information System.Net.Http.HttpClient.MinecraftRuntimeManager.LogicalHandler Start processing HTTP request GET https://resources.download.minecraft.net/f2/f28a965169661634a6fcb833929a2098cd7dd381
2026-09-08T23:02:06.8935657+00:00 Information System.Net.Http.HttpClient.MinecraftRuntimeManager.ClientHandler Sending HTTP request GET https://resources.download.minecraft.net/f2/f28a965169661634a6fcb833929a2098cd7dd381
2026-09-08T23:02:07.0851876+00:00 Information System.Net.Http.HttpClient.MinecraftRuntimeManager.ClientHandler Received HTTP response headers after 191.2388ms - 200
2026-09-08T23:02:07.0856492+00:00 Information System.Net.Http.HttpClient.MinecraftRuntimeManager.LogicalHandler End processing HTTP request after 192.4492ms - 200
2026-09-08T23:02:07.1082517+00:00 Information System.Net.Http.HttpClient.MinecraftRuntimeManager.LogicalHandler Start processing HTTP request GET https://resources.download.minecraft.net/c7/c7808eccafbe9e17183350fa96d130aef73025de
2026-09-08T23:02:07.1086231+00:00 Information System.Net.Http.HttpClient.MinecraftRuntimeManager.ClientHandler Sending HTTP request GET https://resources.download.minecraft.net/c7/c7808eccafbe9e17183350fa96d130aef73025de
2026-09-08T23:02:07.2991457+00:00 Information System.Net.Http.HttpClient.MinecraftRuntimeManager.ClientHandler Received HTTP response headers after 190.1116ms - 200
2026-09-08T23:02:07.2996007+00:00 Information System.Net.Http.HttpClient.MinecraftRuntimeManager.LogicalHandler End processing HTTP request after 191.307ms - 200
2026-09-08T23:02:07.3127080+00:00 Information System.Net.Http.HttpClient.MinecraftRuntimeManager.LogicalHandler Start processing HTTP request GET https://resources.download.minecraft.net/05/05637f0776bdc29d678b0da8f2d735eba4906111
2026-09-08T23:02:07.3131587+00:00 Information System.Net.Http.HttpClient.MinecraftRuntimeManager.ClientHandler Sending HTTP request GET https://resources.download.minecraft.net/05/05637f0776bdc29d678b0da8f2d735eba4906111
2026-09-08T23:02:07.5026635+00:00 Information System.Net.Http.HttpClient.MinecraftRuntimeManager.ClientHandler Received HTTP response headers after 189.0316ms - 200
2026-09-08T23:02:07.5030596+00:00 Information System.Net.Http.HttpClient.MinecraftRuntimeManager.LogicalHandler End processing HTTP request after 190.4081ms - 200
2026-09-08T23:02:07.5175774+00:00 Information System.Net.Http.HttpClient.MinecraftRuntimeManager.LogicalHandler Start processing HTTP request GET https://resources.download.minecraft.net/a4/a42d47d511248af68e64c0eba5cd7530e98a9f66
2026-09-08T23:02:07.5180800+00:00 Information System.Net.Http.HttpClient.MinecraftRuntimeManager.ClientHandler Sending HTTP request GET https://resources.download.minecraft.net/a4/a42d47d511248af68e64c0eba5cd7530e98a9f66
2026-09-08T23:02:07.7102179+00:00 Information System.Net.Http.HttpClient.MinecraftRuntimeManager.ClientHandler Received HTTP response headers after 191.6827ms - 200
2026-09-08T23:02:07.7107680+00:00 Information System.Net.Http.HttpClient.MinecraftRuntimeManager.LogicalHandler End processing HTTP request after 193.233ms - 200
2026-09-08T23:02:07.7241939+00:00 Information System.Net.Http.HttpClient.MinecraftRuntimeManager.LogicalHandler Start processing HTTP request GET https://resources.download.minecraft.net/62/627200f7673f255c82d33ac284b6721cfb1fb339
2026-09-08T23:02:07.7245263+00:00 Information System.Net.Http.HttpClient.MinecraftRuntimeManager.ClientHandler Sending HTTP request GET https://resources.download.minecraft.net/62/627200f7673f255c82d33ac284b6721cfb1fb339
2026-09-08T23:02:07.9162769+00:00 Information System.Net.Http.HttpClient.MinecraftRuntimeManager.ClientHandler Received HTTP response headers after 191.2915ms - 200
2026-09-08T23:02:07.9169106+00:00 Information System.Net.Http.HttpClient.MinecraftRuntimeManager.LogicalHandler End processing HTTP request after 192.6621ms - 200
2026-09-08T23:02:07.9338342+00:00 Information System.Net.Http.HttpClient.MinecraftRuntimeManager.LogicalHandler Start processing HTTP request GET https://resources.download.minecraft.net/a9/a9b521652653721c30164ce4a81f898db964d2b0
2026-09-08T23:02:07.9341092+00:00 Information System.Net.Http.HttpClient.MinecraftRuntimeManager.ClientHandler Sending HTTP request GET https://resources.download.minecraft.net/a9/a9b521652653721c30164ce4a81f898db964d2b0
2026-09-08T23:02:08.1267776+00:00 Information System.Net.Http.HttpClient.MinecraftRuntimeManager.ClientHandler Received HTTP response headers after 192.3181ms - 200
2026-09-08T23:02:08.1271236+00:00 Information System.Net.Http.HttpClient.MinecraftRuntimeManager.LogicalHandler End processing HTTP request after 193.3555ms - 200
2026-09-08T23:02:08.1399398+00:00 Information System.Net.Http.HttpClient.MinecraftRuntimeManager.LogicalHandler Start processing HTTP request GET https://resources.download.minecraft.net/a6/a6b3ffdbe3b47469307ea610b8cc4a1f77daafbf
2026-09-08T23:02:08.1403212+00:00 Information System.Net.Http.HttpClient.MinecraftRuntimeManager.ClientHandler Sending HTTP request GET https://resources.download.minecraft.net/a6/a6b3ffdbe3b47469307ea610b8cc4a1f77daafbf
2026-09-08T23:02:08.3314600+00:00 Information System.Net.Http.HttpClient.MinecraftRuntimeManager.ClientHandler Received HTTP response headers after 190.7013ms - 200
2026-09-08T23:02:08.3319025+00:00 Information System.Net.Http.HttpClient.MinecraftRuntimeManager.LogicalHandler End processing HTTP request after 192.0451ms - 200
2026-09-08T23:02:08.3418541+00:00 Information System.Net.Http.HttpClient.MinecraftRuntimeManager.LogicalHandler Start processing HTTP request GET https://resources.download.minecraft.net/76/7690c52b7190d7e63681d868bba510f9c9301b7a
2026-09-08T23:02:08.3421401+00:00 Information System.Net.Http.HttpClient.MinecraftRuntimeManager.ClientHandler Sending HTTP request GET https://resources.download.minecraft.net/76/7690c52b7190d7e63681d868bba510f9c9301b7a
2026-09-08T23:02:08.5329482+00:00 Information System.Net.Http.HttpClient.MinecraftRuntimeManager.ClientHandler Received HTTP response headers after 190.4141ms - 200
2026-09-08T23:02:08.5333689+00:00 Information System.Net.Http.HttpClient.MinecraftRuntimeManager.LogicalHandler End processing HTTP request after 191.5204ms - 200
2026-09-08T23:02:08.5491809+00:00 Information System.Net.Http.HttpClient.MinecraftRuntimeManager.LogicalHandler Start processing HTTP request GET https://resources.download.minecraft.net/fe/fe6802230737802d680dfcefef033c23a0f7f085
2026-09-08T23:02:08.5495955+00:00 Information System.Net.Http.HttpClient.MinecraftRuntimeManager.ClientHandler Sending HTTP request GET https://resources.download.minecraft.net/fe/fe6802230737802d680dfcefef033c23a0f7f085
2026-09-08T23:02:08.7404171+00:00 Information System.Net.Http.HttpClient.MinecraftRuntimeManager.ClientHandler Received HTTP response headers after 190.3521ms - 200
2026-09-08T23:02:08.7408266+00:00 Information System.Net.Http.HttpClient.MinecraftRuntimeManager.LogicalHandler End processing HTTP request after 191.7084ms - 200
2026-09-08T23:02:08.7510316+00:00 Information System.Net.Http.HttpClient.MinecraftRuntimeManager.LogicalHandler Start processing HTTP request GET https://resources.download.minecraft.net/7c/7c0780f28fd89565666f69131e98ca72aa739c05
2026-09-08T23:02:08.7514599+00:00 Information System.Net.Http.HttpClient.MinecraftRuntimeManager.ClientHandler Sending HTTP request GET https://resources.download.minecraft.net/7c/7c0780f28fd89565666f69131e98ca72aa739c05
2026-09-08T23:02:08.9411176+00:00 Information System.Net.Http.HttpClient.MinecraftRuntimeManager.ClientHandler Received HTTP response headers after 189.2541ms - 200
2026-09-08T23:02:08.9415033+00:00 Information System.Net.Http.HttpClient.MinecraftRuntimeManager.LogicalHandler End processing HTTP request after 190.5366ms - 200
2026-09-08T23:02:08.9558681+00:00 Information System.Net.Http.HttpClient.MinecraftRuntimeManager.LogicalHandler Start processing HTTP request GET https://resources.download.minecraft.net/03/038aed8ef08d5f6eb01712b843cb5e128463efe1
2026-09-08T23:02:08.9562518+00:00 Information System.Net.Http.HttpClient.MinecraftRuntimeManager.ClientHandler Sending HTTP request GET https://resources.download.minecraft.net/03/038aed8ef08d5f6eb01712b843cb5e128463efe1
2026-09-08T23:02:09.1476235+00:00 Information System.Net.Http.HttpClient.MinecraftRuntimeManager.ClientHandler Received HTTP response headers after 190.8856ms - 200
2026-09-08T23:02:09.1479911+00:00 Information System.Net.Http.HttpClient.MinecraftRuntimeManager.LogicalHandler End processing HTTP request after 192.2436ms - 200
2026-09-08T23:02:09.1612360+00:00 Information System.Net.Http.HttpClient.MinecraftRuntimeManager.LogicalHandler Start processing HTTP request GET https://resources.download.minecraft.net/ed/ed14d4e785bbbedbef7e85d57b7108ddc630a678
2026-09-08T23:02:09.1615048+00:00 Information System.Net.Http.HttpClient.MinecraftRuntimeManager.ClientHandler Sending HTTP request GET https://resources.download.minecraft.net/ed/ed14d4e785bbbedbef7e85d57b7108ddc630a678
2026-09-08T23:02:09.3524366+00:00 Information System.Net.Http.HttpClient.MinecraftRuntimeManager.ClientHandler Received HTTP response headers after 190.5176ms - 200
2026-09-08T23:02:09.3528583+00:00 Information System.Net.Http.HttpClient.MinecraftRuntimeManager.LogicalHandler End processing HTTP request after 191.615ms - 200
2026-09-08T23:02:09.3661831+00:00 Information System.Net.Http.HttpClient.MinecraftRuntimeManager.LogicalHandler Start processing HTTP request GET https://resources.download.minecraft.net/84/8478523f063bb2f3daba313c8b7a9e91e117f236
2026-09-08T23:02:09.3666133+00:00 Information System.Net.Http.HttpClient.MinecraftRuntimeManager.ClientHandler Sending HTTP request GET https://resources.download.minecraft.net/84/8478523f063bb2f3daba313c8b7a9e91e117f236
2026-09-08T23:02:09.5583729+00:00 Information System.Net.Http.HttpClient.MinecraftRuntimeManager.ClientHandler Received HTTP response headers after 191.2772ms - 200
2026-09-08T23:02:09.5588020+00:00 Information System.Net.Http.HttpClient.MinecraftRuntimeManager.LogicalHandler End processing HTTP request after 192.6573ms - 200
2026-09-08T23:02:09.5697388+00:00 Information System.Net.Http.HttpClient.MinecraftRuntimeManager.LogicalHandler Start processing HTTP request GET https://resources.download.minecraft.net/96/9673ae2933b66eada687763cb7f57fa768f30078
2026-09-08T23:02:09.5700119+00:00 Information System.Net.Http.HttpClient.MinecraftRuntimeManager.ClientHandler Sending HTTP request GET https://resources.download.minecraft.net/96/9673ae2933b66eada687763cb7f57fa768f30078
2026-09-08T23:02:09.7618273+00:00 Information System.Net.Http.HttpClient.MinecraftRuntimeManager.ClientHandler Received HTTP response headers after 191.2919ms - 200
2026-09-08T23:02:09.7624734+00:00 Information System.Net.Http.HttpClient.MinecraftRuntimeManager.LogicalHandler End processing HTTP request after 192.7602ms - 200
2026-09-08T23:02:09.7891522+00:00 Information System.Net.Http.HttpClient.MinecraftRuntimeManager.LogicalHandler Start processing HTTP request GET https://resources.download.minecraft.net/f8/f88cf5e49d0eccee19ada047b57f856efc87d06b
2026-09-08T23:02:09.7895733+00:00 Information System.Net.Http.HttpClient.MinecraftRuntimeManager.ClientHandler Sending HTTP request GET https://resources.download.minecraft.net/f8/f88cf5e49d0eccee19ada047b57f856efc87d06b
2026-09-08T23:02:10.2057768+00:00 Information System.Net.Http.HttpClient.MinecraftRuntimeManager.ClientHandler Received HTTP response headers after 415.8121ms - 200
2026-09-08T23:02:10.2063090+00:00 Information System.Net.Http.HttpClient.MinecraftRuntimeManager.LogicalHandler End processing HTTP request after 417.1394ms - 200
2026-09-08T23:02:10.2158006+00:00 Information System.Net.Http.HttpClient.MinecraftRuntimeManager.LogicalHandler Start processing HTTP request GET https://resources.download.minecraft.net/7f/7fa3f348f4cc91c9756f333308608fd7cf4a023f
2026-09-08T23:02:10.2163215+00:00 Information System.Net.Http.HttpClient.MinecraftRuntimeManager.ClientHandler Sending HTTP request GET https://resources.download.minecraft.net/7f/7fa3f348f4cc91c9756f333308608fd7cf4a023f
2026-09-08T23:02:10.4078981+00:00 Information System.Net.Http.HttpClient.MinecraftRuntimeManager.ClientHandler Received HTTP response headers after 191.136ms - 200
2026-09-08T23:02:10.4083306+00:00 Information System.Net.Http.HttpClient.MinecraftRuntimeManager.LogicalHandler End processing HTTP request after 192.619ms - 200
2026-09-08T23:02:10.4187719+00:00 Information System.Net.Http.HttpClient.MinecraftRuntimeManager.LogicalHandler Start processing HTTP request GET https://resources.download.minecraft.net/5e/5e7800f8ca54ee32cf7c603206b174298db3d680
2026-09-08T23:02:10.4190393+00:00 Information System.Net.Http.HttpClient.MinecraftRuntimeManager.ClientHandler Sending HTTP request GET https://resources.download.minecraft.net/5e/5e7800f8ca54ee32cf7c603206b174298db3d680
